periodo,tipo_entidad,tipo_entidad_nombre,entidad,tasa_ahorro,plazo_30d,plazo_31_90d,plazo_91_180d,plazo_181_360d,plazo_mas360d,plazo_promedio,tasa_cts,fecha_consultada,morosidad,ratio_capital_global,capital_al,tasa_plazo_180d,tasa_plazo_30d,tasa_plazo_360d,tasa_plazo_mas360,tasa_referencia_bcrp,tipmn_banca,atipico_plazo_181_360d
2023-01,B,Banco,Alfin,0.38,1.8,2.69,3.25,5.27,4.36,4.97,,2023-01-31,4.03,9.66,31/12/2022,7.0331,7.2715,6.9502,6.5188,7.75,3.1671,False
2023-01,B,Banco,BBVA,0.19,7.56,7.58,6.79,7.58,6.7,7.52,1.26,2023-01-31,4.54,13.96,31/12/2022,7.0331,7.2715,6.9502,6.5188,7.75,3.1671,False
2023-01,B,Banco,BCI,,7.54,8.04,,8.25,8.21,7.59,,2023-01-31,0.0,28.86,31/12/2022,7.0331,7.2715,6.9502,6.5188,7.75,3.1671,False
2023-01,B,Banco,BIF,1.49,8.27,8.26,7.31,7.91,6.8,8.25,4.4,2023-01-31,3.59,14.02,31/12/2022,7.0331,7.2715,6.9502,6.5188,7.75,3.1671,False
2023-01,B,Banco,Bancom,1.28,0.24,1.91,3.02,5.25,5.98,4.63,5.5,2023-01-31,4.02,12.37,31/12/2022,7.0331,7.2715,6.9502,6.5188,7.75,3.1671,False
2023-01,B,Banco,Bank of China,,,,,,,,,2023-01-31,0.0,56.42,31/12/2022,7.0331,7.2715,6.9502,6.5188,7.75,3.1671,False
2023-01,B,Banco,Citibank,0.01,4.0,3.99,,,,4.0,,2023-01-31,0.0,20.23,31/12/2022,7.0331,7.2715,6.9502,6.5188,7.75,3.1671,False
2023-01,B,Banco,Crédito,0.03,7.58,7.57,8.52,7.79,7.49,7.57,1.78,2023-01-31,4.02,14.43,31/12/2022,7.0331,7.2715,6.9502,6.5188,7.75,3.1671,False
2023-01,B,Banco,Falabella,2.74,7.78,7.59,8.0,6.98,8.18,7.75,5.14,2023-01-31,4.59,15.33,31/12/2022,7.0331,7.2715,6.9502,6.5188,7.75,3.1671,False
2023-01,B,Banco,GNB,4.15,8.41,8.4,8.07,8.3,8.64,8.42,4.0,2023-01-31,3.71,15.95,31/12/2022,7.0331,7.2715,6.9502,6.5188,7.75,3.1671,False
2023-01,B,Banco,ICBC,,5.07,,5.6,,,5.07,,2023-01-31,0.0,30.47,31/12/2022,7.0331,7.2715,6.9502,6.5188,7.75,3.1671,False
2023-01,B,Banco,Interbank,0.29,7.45,7.23,6.49,7.44,4.48,7.34,2.5,2023-01-31,3.21,15.08,31/12/2022,7.0331,7.2715,6.9502,6.5188,7.75,3.1671,False
2023-01,B,Banco,Mibanco,0.34,8.32,7.93,8.39,7.89,6.76,8.25,4.67,2023-01-31,4.97,14.69,31/12/2022,7.0331,7.2715,6.9502,6.5188,7.75,3.1671,False
2023-01,B,Banco,Pichincha,2.82,8.89,8.54,8.78,8.26,8.3,8.84,4.32,2023-01-31,5.81,11.28,31/12/2022,7.0331,7.2715,6.9502,6.5188,7.75,3.1671,False
2023-01,B,Banco,Ripley,0.11,,4.75,,7.28,8.21,7.74,6.5,2023-01-31,2.99,13.53,31/12/2022,7.0331,7.2715,6.9502,6.5188,7.75,3.1671,False
2023-01,B,Banco,Santander,,7.58,7.98,8.12,8.31,,7.67,,2023-01-31,1.89,16.29,31/12/2022,7.0331,7.2715,6.9502,6.5188,7.75,3.1671,False
2023-01,B,Banco,Scotiabank,1.4,7.46,7.59,8.27,7.94,8.45,7.57,1.51,2023-01-31,4.04,13.97,31/12/2022,7.0331,7.2715,6.9502,6.5188,7.75,3.1671,False
2023-01,C,Caja municipal,CMAC Arequipa,1.96,8.18,8.1,8.15,8.39,8.77,8.32,6.25,2023-01,4.44,15.92,mismo mes,7.0331,7.2715,6.9502,6.5188,7.75,3.1671,False
2023-01,C,Caja municipal,CMAC Cusco,0.34,,4.62,3.95,7.12,5.75,6.34,4.77,2023-01,5.27,14.08,mismo mes,7.0331,7.2715,6.9502,6.5188,7.75,3.1671,False
2023-01,C,Caja municipal,CMAC Huancayo,0.68,2.05,2.2,4.65,4.85,7.62,7.07,7.0,2023-01,4.24,13.33,mismo mes,7.0331,7.2715,6.9502,6.5188,7.75,3.1671,False
2023-01,C,Caja municipal,CMAC Ica,0.46,,,,,,,5.89,2023-01,6.3,14.78,mismo mes,7.0331,7.2715,6.9502,6.5188,7.75,3.1671,False
2023-01,C,Caja municipal,CMAC Maynas,0.43,7.8,4.13,7.47,8.13,8.54,8.01,5.56,2023-01,5.98,16.86,mismo mes,7.0331,7.2715,6.9502,6.5188,7.75,3.1671,False
2023-01,C,Caja municipal,CMAC Paita,0.15,,7.94,5.09,6.52,6.69,6.73,6.01,2023-01,6.58,14.63,mismo mes,7.0331,7.2715,6.9502,6.5188,7.75,3.1671,False
2023-01,C,Caja municipal,CMAC Piura,0.35,,1.72,2.15,8.56,9.09,8.52,7.5,2023-01,6.55,15.5,mismo mes,7.0331,7.2715,6.9502,6.5188,7.75,3.1671,False
2023-01,C,Caja municipal,CMAC Sullana,0.52,,3.11,4.29,4.5,6.68,6.32,6.1,2023-01,13.38,15.23,mismo mes,7.0331,7.2715,6.9502,6.5188,7.75,3.1671,False
2023-01,C,Caja municipal,CMAC Tacna,0.84,,1.45,2.15,7.45,5.41,6.52,5.52,2023-01,9.1,16.61,mismo mes,7.0331,7.2715,6.9502,6.5188,7.75,3.1671,False
2023-01,C,Caja municipal,CMAC Trujillo,0.32,8.22,2.49,4.17,7.51,5.02,6.29,5.76,2023-01,5.22,18.4,mismo mes,7.0331,7.2715,6.9502,6.5188,7.75,3.1671,False
2023-01,C,Caja municipal,CMAC del Santa,0.6,,1.26,2.34,3.0,4.1,3.68,6.5,2023-01,6.28,14.07,mismo mes,7.0331,7.2715,6.9502,6.5188,7.75,3.1671,False
2023-01,C,Caja municipal,CMCP Lima,0.75,2.75,3.05,4.08,7.46,7.11,6.72,4.39,2023-01,8.01,11.99,mismo mes,7.0331,7.2715,6.9502,6.5188,7.75,3.1671,False
2023-01,F,Financiera,Compartamos,1.57,8.63,7.83,8.99,8.55,8.7,8.6,5.96,2023-01-31,5.79,18.66,31/12/2022,7.0331,7.2715,6.9502,6.5188,7.75,3.1671,False
2023-01,F,Financiera,Confianza,0.86,8.6,8.5,8.34,8.31,8.26,8.37,5.97,2023-01-31,6.22,17.25,31/12/2022,7.0331,7.2715,6.9502,6.5188,7.75,3.1671,False
2023-01,F,Financiera,Credinka,3.19,7.87,5.32,6.96,8.89,8.82,8.34,6.5,2023-01-31,9.09,9.7,31/12/2022,7.0331,7.2715,6.9502,6.5188,7.75,3.1671,False
2023-01,F,Financiera,Crediscotia,0.03,8.4,8.58,2.2,7.55,5.4,8.32,5.57,2023-01-31,4.51,19.29,31/12/2022,7.0331,7.2715,6.9502,6.5188,7.75,3.1671,False
2023-01,F,Financiera,Efectiva,6.0,2.0,6.75,,8.32,8.78,8.65,,2023-01-31,3.1,17.47,31/12/2022,7.0331,7.2715,6.9502,6.5188,7.75,3.1671,False
2023-01,F,Financiera,Mitsui,,,,,,,,,2023-01-31,4.49,13.21,31/12/2022,7.0331,7.2715,6.9502,6.5188,7.75,3.1671,False
2023-01,F,Financiera,Oh!,7.0,1.85,6.47,6.75,8.23,7.84,7.91,6.5,2023-01-31,5.91,13.98,31/12/2022,7.0331,7.2715,6.9502,6.5188,7.75,3.1671,False
2023-01,F,Financiera,Proempresa,0.99,,1.01,1.81,4.93,8.72,8.57,6.9,2023-01-31,8.09,12.02,31/12/2022,7.0331,7.2715,6.9502,6.5188,7.75,3.1671,False
2023-01,F,Financiera,Qapaq,6.16,,4.96,5.74,7.44,7.7,7.36,,2023-01-31,5.88,9.35,31/12/2022,7.0331,7.2715,6.9502,6.5188,7.75,3.1671,False
2023-02,B,Banco,Alfin,0.24,1.8,2.63,3.25,5.33,4.99,5.18,,2023-02-28,3.38,10.62,31/01/2023,7.338,7.2617,7.1479,6.7344,7.75,3.3196,False
2023-02,B,Banco,BBVA,0.08,7.07,8.23,7.59,7.97,7.07,7.15,1.3,2023-02-28,4.55,16.3,31/01/2023,7.338,7.2617,7.1479,6.7344,7.75,3.3196,False
2023-02,B,Banco,BCI,,7.78,7.94,,8.3,8.21,7.8,,2023-02-28,0.0,58.83,31/01/2023,7.338,7.2617,7.1479,6.7344,7.75,3.3196,False
2023-02,B,Banco,BIF,1.4,8.0,8.34,8.53,8.06,8.09,8.01,4.3,2023-02-28,3.64,14.32,31/01/2023,7.338,7.2617,7.1479,6.7344,7.75,3.3196,False
2023-02,B,Banco,Bancom,1.25,0.31,1.44,1.73,4.78,6.09,4.37,5.5,2023-02-28,3.94,12.33,31/01/2023,7.338,7.2617,7.1479,6.7344,7.75,3.3196,False
2023-02,B,Banco,Bank of China,,,,,,,,,2023-02-28,0.0,57.99,31/01/2023,7.338,7.2617,7.1479,6.7344,7.75,3.3196,False
2023-02,B,Banco,Citibank,0.01,4.0,,,,,4.0,,2023-02-28,0.0,22.13,31/01/2023,7.338,7.2617,7.1479,6.7344,7.75,3.3196,False
2023-02,B,Banco,Crédito,0.03,7.57,7.83,8.68,8.32,7.9,7.59,3.31,2023-02-28,4.05,17.54,31/01/2023,7.338,7.2617,7.1479,6.7344,7.75,3.3196,False
2023-02,B,Banco,Falabella,2.74,7.82,7.69,8.14,5.93,8.18,7.81,5.14,2023-02-28,4.64,18.57,31/01/2023,7.338,7.2617,7.1479,6.7344,7.75,3.3196,False
2023-02,B,Banco,GNB,4.16,8.41,8.47,9.1,8.52,8.81,8.49,,2023-02-28,3.91,16.82,31/01/2023,7.338,7.2617,7.1479,6.7344,7.75,3.3196,False
2023-02,B,Banco,ICBC,,6.49,7.75,,,,6.49,,2023-02-28,0.0,30.85,31/01/2023,7.338,7.2617,7.1479,6.7344,7.75,3.3196,False
2023-02,B,Banco,Interbank,0.28,7.51,8.58,5.25,8.49,6.04,7.49,2.5,2023-02-28,3.16,15.97,31/01/2023,7.338,7.2617,7.1479,6.7344,7.75,3.3196,False
2023-02,B,Banco,Mibanco,0.39,8.28,8.01,7.03,7.32,6.07,8.18,5.74,2023-02-28,4.52,18.93,31/01/2023,7.338,7.2617,7.1479,6.7344,7.75,3.3196,False
2023-02,B,Banco,Pichincha,2.92,8.5,8.65,8.81,8.43,8.48,8.5,4.19,2023-02-28,5.97,11.38,31/01/2023,7.338,7.2617,7.1479,6.7344,7.75,3.3196,False
2023-02,B,Banco,Ripley,0.12,,4.75,,7.5,8.23,7.96,6.55,2023-02-28,3.08,16.43,31/01/2023,7.338,7.2617,7.1479,6.7344,7.75,3.3196,False
2023-02,B,Banco,Santander,,7.96,8.06,8.09,8.41,8.18,7.98,,2023-02-28,1.61,16.72,31/01/2023,7.338,7.2617,7.1479,6.7344,7.75,3.3196,False
2023-02,B,Banco,Scotiabank,1.44,7.34,7.75,7.37,8.1,8.14,7.44,2.31,2023-02-28,4.09,14.88,31/01/2023,7.338,7.2617,7.1479,6.7344,7.75,3.3196,False
2023-02,C,Caja municipal,CMAC Arequipa,1.61,8.21,8.27,7.33,8.57,9.19,8.41,6.26,2023-02,4.31,15.78,mismo mes,7.338,7.2617,7.1479,6.7344,7.75,3.3196,False
2023-02,C,Caja municipal,CMAC Cusco,0.33,,6.65,5.76,7.48,7.49,6.99,4.77,2023-02,5.29,15.2,mismo mes,7.338,7.2617,7.1479,6.7344,7.75,3.3196,False
2023-02,C,Caja municipal,CMAC Huancayo,0.67,2.13,2.19,4.11,5.04,7.75,7.27,7.0,2023-02,4.46,13.2,mismo mes,7.338,7.2617,7.1479,6.7344,7.75,3.3196,False
2023-02,C,Caja municipal,CMAC Ica,0.49,,,,,,,6.64,2023-02,6.77,14.73,mismo mes,7.338,7.2617,7.1479,6.7344,7.75,3.3196,False
2023-02,C,Caja municipal,CMAC Maynas,1.83,7.8,8.79,7.19,8.6,8.97,8.44,3.57,2023-02,6.33,16.89,mismo mes,7.338,7.2617,7.1479,6.7344,7.75,3.3196,False
2023-02,C,Caja municipal,CMAC Paita,0.15,,4.43,6.86,4.74,6.13,6.03,6.0,2023-02,7.61,14.52,mismo mes,7.338,7.2617,7.1479,6.7344,7.75,3.3196,False
2023-02,C,Caja municipal,CMAC Piura,0.35,,1.7,2.16,8.55,9.07,8.49,7.5,2023-02,6.18,15.36,mismo mes,7.338,7.2617,7.1479,6.7344,7.75,3.3196,False
2023-02,C,Caja municipal,CMAC Sullana,0.52,,2.95,4.82,4.44,7.45,7.07,6.24,2023-02,13.93,14.86,mismo mes,7.338,7.2617,7.1479,6.7344,7.75,3.3196,False
2023-02,C,Caja municipal,CMAC Tacna,0.83,,1.2,2.15,5.19,4.95,4.66,4.65,2023-02,9.05,16.43,mismo mes,7.338,7.2617,7.1479,6.7344,7.75,3.3196,False
2023-02,C,Caja municipal,CMAC Trujillo,0.31,8.07,2.43,3.44,8.03,4.84,7.1,5.86,2023-02,5.22,17.77,mismo mes,7.338,7.2617,7.1479,6.7344,7.75,3.3196,False
2023-02,C,Caja municipal,CMAC del Santa,0.6,,1.18,2.29,2.85,4.65,4.3,6.5,2023-02,6.86,14.37,mismo mes,7.338,7.2617,7.1479,6.7344,7.75,3.3196,False
2023-02,C,Caja municipal,CMCP Lima,0.71,2.75,3.07,4.65,7.49,7.54,6.87,6.39,2023-02,8.32,11.86,mismo mes,7.338,7.2617,7.1479,6.7344,7.75,3.3196,False
2023-02,F,Financiera,Compartamos,1.8,8.86,8.94,8.82,8.54,8.34,8.81,5.5,2023-02-28,6.24,19.6,31/01/2023,7.338,7.2617,7.1479,6.7344,7.75,3.3196,False
2023-02,F,Financiera,Confianza,0.91,8.49,8.33,8.06,7.63,8.19,8.25,6.09,2023-02-28,6.47,18.7,31/01/2023,7.338,7.2617,7.1479,6.7344,7.75,3.3196,False
2023-02,F,Financiera,Credinka,2.23,8.05,5.36,7.09,8.93,8.84,8.55,6.25,2023-02-28,9.99,11.05,31/01/2023,7.338,7.2617,7.1479,6.7344,7.75,3.3196,False
2023-02,F,Financiera,Crediscotia,0.02,8.37,8.47,8.51,7.68,4.82,8.25,5.68,2023-02-28,4.45,28.27,31/01/2023,7.338,7.2617,7.1479,6.7344,7.75,3.3196,False
2023-02,F,Financiera,Efectiva,6.0,2.0,3.09,4.75,8.28,8.8,8.53,,2023-02-28,3.15,23.55,31/01/2023,7.338,7.2617,7.1479,6.7344,7.75,3.3196,False
2023-02,F,Financiera,Mitsui,,,,,,,,,2023-02-28,4.62,13.07,31/01/2023,7.338,7.2617,7.1479,6.7344,7.75,3.3196,False
2023-02,F,Financiera,Oh!,7.0,1.85,6.27,6.75,8.24,8.13,8.04,6.5,2023-02-28,6.26,14.0,31/01/2023,7.338,7.2617,7.1479,6.7344,7.75,3.3196,False
2023-02,F,Financiera,Proempresa,0.96,,1.01,1.7,5.6,8.84,8.69,6.9,2023-02-28,7.98,12.26,31/01/2023,7.338,7.2617,7.1479,6.7344,7.75,3.3196,False
2023-02,F,Financiera,Qapaq,5.88,,5.05,5.54,6.99,7.35,7.01,5.79,2023-02-28,5.37,9.71,31/01/2023,7.338,7.2617,7.1479,6.7344,7.75,3.3196,False
2023-03,B,Banco,Alfin,0.26,1.65,2.34,3.04,5.35,7.82,6.2,,2023-03-31,2.58,10.62,31/01/2023,7.5223,7.1405,7.3406,6.9407,7.75,3.4381,False
2023-03,B,Banco,BBVA,0.03,6.69,7.43,7.34,7.45,6.6,6.83,1.2,2023-03-31,4.38,16.3,31/01/2023,7.5223,7.1405,7.3406,6.9407,7.75,3.4381,False
2023-03,B,Banco,BCI,,7.59,7.71,,,,7.6,,2023-03-31,0.0,58.83,31/01/2023,7.5223,7.1405,7.3406,6.9407,7.75,3.4381,False
2023-03,B,Banco,BIF,2.74,7.6,8.11,7.95,8.16,8.64,7.7,4.46,2023-03-31,3.57,14.32,31/01/2023,7.5223,7.1405,7.3406,6.9407,7.75,3.4381,False
2023-03,B,Banco,Bancom,1.27,0.35,0.21,0.83,3.96,6.11,2.79,5.5,2023-03-31,4.0,12.33,31/01/2023,7.5223,7.1405,7.3406,6.9407,7.75,3.4381,False
2023-03,B,Banco,Bank of China,,,,,,,,,2023-03-31,0.0,57.99,31/01/2023,7.5223,7.1405,7.3406,6.9407,7.75,3.4381,False
2023-03,B,Banco,Citibank,0.12,4.0,,,,,4.0,,2023-03-31,0.0,22.13,31/01/2023,7.5223,7.1405,7.3406,6.9407,7.75,3.4381,False
2023-03,B,Banco,Crédito,0.03,7.36,7.83,7.96,8.42,8.07,7.4,3.55,2023-03-31,3.99,17.54,31/01/2023,7.5223,7.1405,7.3406,6.9407,7.75,3.4381,False
2023-03,B,Banco,Falabella,2.74,7.65,7.6,0.92,4.37,7.87,7.6,5.14,2023-03-31,4.97,18.57,31/01/2023,7.5223,7.1405,7.3406,6.9407,7.75,3.4381,False
2023-03,B,Banco,GNB,4.11,8.19,8.3,8.44,8.57,8.6,8.3,3.75,2023-03-31,4.04,16.82,31/01/2023,7.5223,7.1405,7.3406,6.9407,7.75,3.4381,False
2023-03,B,Banco,ICBC,,6.5,,,,,6.5,,2023-03-31,0.0,30.85,31/01/2023,7.5223,7.1405,7.3406,6.9407,7.75,3.4381,False
2023-03,B,Banco,Interbank,0.11,7.58,8.04,6.81,8.02,5.59,7.54,2.5,2023-03-31,3.05,15.97,31/01/2023,7.5223,7.1405,7.3406,6.9407,7.75,3.4381,False
2023-03,B,Banco,Mibanco,0.44,8.04,7.75,8.32,8.05,6.49,7.99,5.81,2023-03-31,5.03,18.93,31/01/2023,7.5223,7.1405,7.3406,6.9407,7.75,3.4381,False
2023-03,B,Banco,Pichincha,2.71,8.41,8.59,8.51,8.45,8.28,8.42,4.23,2023-03-31,5.86,11.38,31/01/2023,7.5223,7.1405,7.3406,6.9407,7.75,3.4381,False
2023-03,B,Banco,Ripley,0.21,,4.75,4.75,8.17,8.39,7.9,6.5,2023-03-31,3.12,16.43,31/01/2023,7.5223,7.1405,7.3406,6.9407,7.75,3.4381,False
2023-03,B,Banco,Santander,,7.79,7.99,8.0,8.21,8.0,7.83,,2023-03-31,1.5,16.72,31/01/2023,7.5223,7.1405,7.3406,6.9407,7.75,3.4381,False
2023-03,B,Banco,Scotiabank,1.43,7.36,7.97,7.63,7.7,7.34,7.41,2.76,2023-03-31,4.08,14.88,31/01/2023,7.5223,7.1405,7.3406,6.9407,7.75,3.4381,False
2023-03,C,Caja municipal,CMAC Arequipa,1.54,8.1,8.45,8.15,8.57,8.62,8.4,6.0,2023-03,4.23,15.57,mismo mes,7.5223,7.1405,7.3406,6.9407,7.75,3.4381,False
2023-03,C,Caja municipal,CMAC Cusco,0.34,1.2,4.79,3.3,7.51,7.92,6.27,5.02,2023-03,4.81,14.54,mismo mes,7.5223,7.1405,7.3406,6.9407,7.75,3.4381,False
2023-03,C,Caja municipal,CMAC Huancayo,0.67,1.88,7.62,5.45,6.35,7.74,7.44,7.0,2023-03,4.3,13.01,mismo mes,7.5223,7.1405,7.3406,6.9407,7.75,3.4381,False
2023-03,C,Caja municipal,CMAC Ica,0.59,,,,,,,5.19,2023-03,6.68,14.63,mismo mes,7.5223,7.1405,7.3406,6.9407,7.75,3.4381,False
2023-03,C,Caja municipal,CMAC Maynas,0.87,7.85,8.46,6.92,8.0,8.47,8.1,5.38,2023-03,5.64,16.7,mismo mes,7.5223,7.1405,7.3406,6.9407,7.75,3.4381,False
2023-03,C,Caja municipal,CMAC Paita,0.21,,8.84,6.42,4.23,6.79,6.74,,2023-03,7.8,14.58,mismo mes,7.5223,7.1405,7.3406,6.9407,7.75,3.4381,False
2023-03,C,Caja municipal,CMAC Piura,0.35,,1.79,2.24,8.55,9.1,8.54,7.5,2023-03,6.19,15.18,mismo mes,7.5223,7.1405,7.3406,6.9407,7.75,3.4381,False
2023-03,C,Caja municipal,CMAC Sullana,0.53,,3.38,4.11,4.98,7.78,7.44,6.17,2023-03,14.06,14.81,mismo mes,7.5223,7.1405,7.3406,6.9407,7.75,3.4381,False
2023-03,C,Caja municipal,CMAC Tacna,0.84,,1.39,2.11,4.34,5.84,5.19,6.77,2023-03,8.19,16.41,mismo mes,7.5223,7.1405,7.3406,6.9407,7.75,3.4381,False
2023-03,C,Caja municipal,CMAC Trujillo,0.31,7.87,2.57,3.66,7.6,5.12,6.84,5.92,2023-03,5.18,17.65,mismo mes,7.5223,7.1405,7.3406,6.9407,7.75,3.4381,False
2023-03,C,Caja municipal,CMAC del Santa,0.6,,1.05,2.21,2.87,5.25,4.8,6.5,2023-03,7.1,14.18,mismo mes,7.5223,7.1405,7.3406,6.9407,7.75,3.4381,False
2023-03,C,Caja municipal,CMCP Lima,0.72,2.75,2.82,4.92,7.47,8.03,7.27,6.39,2023-03,7.29,12.04,mismo mes,7.5223,7.1405,7.3406,6.9407,7.75,3.4381,False
2023-03,F,Financiera,Compartamos,2.46,8.62,8.7,9.01,8.21,8.18,8.63,5.92,2023-03-31,6.32,19.6,31/01/2023,7.5223,7.1405,7.3406,6.9407,7.75,3.4381,False
2023-03,F,Financiera,Confianza,0.91,8.28,8.25,4.5,7.91,8.25,8.2,6.01,2023-03-31,6.48,18.7,31/01/2023,7.5223,7.1405,7.3406,6.9407,7.75,3.4381,False
2023-03,F,Financiera,Credinka,2.02,7.6,4.85,7.4,8.82,8.7,8.23,6.44,2023-03-31,9.78,11.05,31/01/2023,7.5223,7.1405,7.3406,6.9407,7.75,3.4381,False
2023-03,F,Financiera,Crediscotia,0.26,8.27,8.18,7.43,8.11,4.42,8.15,5.68,2023-03-31,4.51,28.27,31/01/2023,7.5223,7.1405,7.3406,6.9407,7.75,3.4381,False
2023-03,F,Financiera,Efectiva,6.0,2.0,6.75,4.42,8.6,8.8,8.68,,2023-03-31,3.03,23.55,31/01/2023,7.5223,7.1405,7.3406,6.9407,7.75,3.4381,False
2023-03,F,Financiera,Mitsui,,,,,,,,,2023-03-31,4.43,13.07,31/01/2023,7.5223,7.1405,7.3406,6.9407,7.75,3.4381,False
2023-03,F,Financiera,Oh!,7.0,1.85,5.82,8.65,8.56,8.44,8.64,6.5,2023-03-31,6.58,14.0,31/01/2023,7.5223,7.1405,7.3406,6.9407,7.75,3.4381,False
2023-03,F,Financiera,Proempresa,0.96,,1.01,1.5,5.55,8.88,8.68,6.9,2023-03-31,8.33,12.26,31/01/2023,7.5223,7.1405,7.3406,6.9407,7.75,3.4381,False
2023-03,F,Financiera,Qapaq,4.87,,5.19,5.13,6.84,6.92,6.8,5.79,2023-03-31,4.67,9.71,31/01/2023,7.5223,7.1405,7.3406,6.9407,7.75,3.4381,False
2023-04,B,Banco,Alfin,0.36,1.13,1.87,2.09,5.44,8.43,6.84,,2023-04-28,2.37,10.35,28/02/2023,7.5205,7.1885,7.4579,7.0912,7.75,3.5837,False
2023-04,B,Banco,BBVA,0.33,7.15,6.5,6.23,6.34,6.67,7.04,1.99,2023-04-28,4.38,16.490000000000002,28/02/2023,7.5205,7.1885,7.4579,7.0912,7.75,3.5837,False
2023-04,B,Banco,BCI,,7.64,7.7,,,,7.64,,2023-04-28,0.0,68.36,28/02/2023,7.5205,7.1885,7.4579,7.0912,7.75,3.5837,False
2023-04,B,Banco,BIF,2.94,7.88,7.82,7.77,7.93,8.12,7.88,4.5,2023-04-28,3.7,14.44,28/02/2023,7.5205,7.1885,7.4579,7.0912,7.75,3.5837,False
2023-04,B,Banco,Bancom,1.26,4.42,0.28,2.03,5.13,6.99,3.12,5.5,2023-04-28,4.29,12.22,28/02/2023,7.5205,7.1885,7.4579,7.0912,7.75,3.5837,False
2023-04,B,Banco,Bank of China,,,,,,,,,2023-04-28,0.0,63.6,28/02/2023,7.5205,7.1885,7.4579,7.0912,7.75,3.5837,False
2023-04,B,Banco,Citibank,0.01,4.0,4.02,,,,4.0,,2023-04-28,0.0,23.47,28/02/2023,7.5205,7.1885,7.4579,7.0912,7.75,3.5837,False
2023-04,B,Banco,Crédito,0.03,7.33,7.81,7.39,8.05,8.01,7.34,3.68,2023-04-28,4.02,17.84,28/02/2023,7.5205,7.1885,7.4579,7.0912,7.75,3.5837,False
2023-04,B,Banco,Falabella,2.74,7.77,8.41,7.93,6.15,7.94,7.73,5.14,2023-04-28,5.29,18.92,28/02/2023,7.5205,7.1885,7.4579,7.0912,7.75,3.5837,False
2023-04,B,Banco,GNB,4.03,8.29,8.21,8.31,8.42,8.58,8.32,,2023-04-28,4.27,17.22,28/02/2023,7.5205,7.1885,7.4579,7.0912,7.75,3.5837,False
2023-04,B,Banco,ICBC,,6.5,,,,,6.5,,2023-04-28,0.0,31.96,28/02/2023,7.5205,7.1885,7.4579,7.0912,7.75,3.5837,False
2023-04,B,Banco,Interbank,0.51,7.8,8.22,8.06,8.17,7.48,7.84,2.5,2023-04-28,3.01,16.11,28/02/2023,7.5205,7.1885,7.4579,7.0912,7.75,3.5837,False
2023-04,B,Banco,Mibanco,0.43,8.21,7.74,7.99,8.08,6.87,8.12,5.73,2023-04-28,5.51,18.83,28/02/2023,7.5205,7.1885,7.4579,7.0912,7.75,3.5837,False
2023-04,B,Banco,Pichincha,3.93,8.46,8.26,8.64,8.48,8.64,8.45,3.97,2023-04-28,6.12,11.73,28/02/2023,7.5205,7.1885,7.4579,7.0912,7.75,3.5837,False
2023-04,B,Banco,Ripley,0.21,,,6.4,8.5,8.68,8.09,6.5,2023-04-28,3.47,16.44,28/02/2023,7.5205,7.1885,7.4579,7.0912,7.75,3.5837,False
2023-04,B,Banco,Santander,,7.63,8.07,7.94,8.02,7.67,7.68,,2023-04-28,1.55,17.04,28/02/2023,7.5205,7.1885,7.4579,7.0912,7.75,3.5837,False
2023-04,B,Banco,Scotiabank,1.2,7.41,8.0,7.47,7.85,6.91,7.43,1.14,2023-04-28,4.14,14.72,28/02/2023,7.5205,7.1885,7.4579,7.0912,7.75,3.5837,False
2023-04,C,Caja municipal,CMAC Arequipa,1.47,8.16,8.23,8.34,8.55,8.22,8.34,6.29,2023-04,4.24,15.25,mismo mes,7.5205,7.1885,7.4579,7.0912,7.75,3.5837,False
2023-04,C,Caja municipal,CMAC Cusco,0.33,1.2,7.56,5.02,7.05,7.03,6.98,3.58,2023-04,4.51,14.25,mismo mes,7.5205,7.1885,7.4579,7.0912,7.75,3.5837,False
2023-04,C,Caja municipal,CMAC Huancayo,0.67,1.84,6.38,4.99,6.87,7.41,7.17,7.0,2023-04,4.78,12.74,mismo mes,7.5205,7.1885,7.4579,7.0912,7.75,3.5837,False
2023-04,C,Caja municipal,CMAC Ica,0.52,,5.25,6.47,6.81,8.45,7.84,5.81,2023-04,7.18,14.37,mismo mes,7.5205,7.1885,7.4579,7.0912,7.75,3.5837,False
2023-04,C,Caja municipal,CMAC Maynas,0.58,8.8,3.73,8.22,7.62,9.06,8.58,5.13,2023-04,6.17,16.57,mismo mes,7.5205,7.1885,7.4579,7.0912,7.75,3.5837,False
2023-04,C,Caja municipal,CMAC Paita,0.18,,4.95,6.63,4.52,7.19,6.49,6.69,2023-04,8.2,14.32,mismo mes,7.5205,7.1885,7.4579,7.0912,7.75,3.5837,False
2023-04,C,Caja municipal,CMAC Piura,0.35,,1.78,2.22,8.51,9.09,8.55,7.5,2023-04,6.27,15.41,mismo mes,7.5205,7.1885,7.4579,7.0912,7.75,3.5837,False
2023-04,C,Caja municipal,CMAC Sullana,0.55,,6.45,4.2,4.44,6.85,6.6,6.26,2023-04,12.84,14.58,mismo mes,7.5205,7.1885,7.4579,7.0912,7.75,3.5837,False
2023-04,C,Caja municipal,CMAC Tacna,0.84,,1.48,3.2,5.28,5.95,5.29,4.59,2023-04,8.47,15.73,mismo mes,7.5205,7.1885,7.4579,7.0912,7.75,3.5837,False
2023-04,C,Caja municipal,CMAC Trujillo,0.3,,2.7,5.36,7.62,6.82,7.09,5.82,2023-04,5.08,17.09,mismo mes,7.5205,7.1885,7.4579,7.0912,7.75,3.5837,False
2023-04,C,Caja municipal,CMAC del Santa,0.6,,2.02,2.65,3.85,6.22,5.79,6.5,2023-04,7.61,14.45,mismo mes,7.5205,7.1885,7.4579,7.0912,7.75,3.5837,False
2023-04,C,Caja municipal,CMCP Lima,0.71,2.75,2.75,4.78,7.62,8.15,7.52,6.4,2023-04,7.49,11.63,mismo mes,7.5205,7.1885,7.4579,7.0912,7.75,3.5837,False
2023-04,F,Financiera,Compartamos,2.23,8.44,8.55,8.5,8.52,8.09,8.45,5.82,2023-04-28,6.76,19.62,28/02/2023,7.5205,7.1885,7.4579,7.0912,7.75,3.5837,False
2023-04,F,Financiera,Confianza,0.9,8.14,8.31,8.17,8.0,8.35,8.2,5.97,2023-04-28,6.74,18.43,28/02/2023,7.5205,7.1885,7.4579,7.0912,7.75,3.5837,False
2023-04,F,Financiera,Credinka,2.34,7.51,4.92,7.42,8.61,8.54,8.09,6.47,2023-04-28,10.91,10.92,28/02/2023,7.5205,7.1885,7.4579,7.0912,7.75,3.5837,False
2023-04,F,Financiera,Crediscotia,0.28,8.17,8.46,8.07,8.33,5.16,8.16,5.68,2023-04-28,4.66,28.85,28/02/2023,7.5205,7.1885,7.4579,7.0912,7.75,3.5837,False
2023-04,F,Financiera,Efectiva,6.0,2.0,3.29,4.25,8.47,8.8,8.57,,2023-04-28,3.02,25.01,28/02/2023,7.5205,7.1885,7.4579,7.0912,7.75,3.5837,False
2023-04,F,Financiera,Mitsui,,,,,,,,,2023-04-28,4.53,12.95,28/02/2023,7.5205,7.1885,7.4579,7.0912,7.75,3.5837,False
2023-04,F,Financiera,Oh!,7.0,8.29,6.27,8.55,8.69,8.68,8.62,6.5,2023-04-28,6.78,14.08,28/02/2023,7.5205,7.1885,7.4579,7.0912,7.75,3.5837,False
2023-04,F,Financiera,Proempresa,0.98,,1.01,1.8,6.51,8.88,8.71,6.9,2023-04-28,8.9,12.05,28/02/2023,7.5205,7.1885,7.4579,7.0912,7.75,3.5837,False
2023-04,F,Financiera,Qapaq,4.77,,4.32,5.09,6.88,6.99,6.73,5.79,2023-04-28,4.86,9.28,28/02/2023,7.5205,7.1885,7.4579,7.0912,7.75,3.5837,False
2023-05,B,Banco,Alfin,0.78,1.0,1.71,2.0,6.53,8.49,7.57,,2023-05-31,3.14,9.8,30/04/2023,7.6917,7.3377,7.5914,7.2066,7.75,3.7155,False
2023-05,B,Banco,BBVA,0.64,7.46,7.43,5.54,7.28,6.88,7.38,1.4,2023-05-31,4.55,15.36,30/04/2023,7.6917,7.3377,7.5914,7.2066,7.75,3.7155,False
2023-05,B,Banco,BCI,,7.64,,7.7,7.45,,7.64,,2023-05-31,0.0,117.19,30/04/2023,7.6917,7.3377,7.5914,7.2066,7.75,3.7155,False
2023-05,B,Banco,BIF,3.68,8.06,7.93,7.53,7.99,7.75,8.04,4.6,2023-05-31,3.83,14.24,30/04/2023,7.6917,7.3377,7.5914,7.2066,7.75,3.7155,False
2023-05,B,Banco,Bancom,1.35,0.21,0.21,3.86,4.07,7.04,3.16,5.53,2023-05-31,4.42,12.33,30/04/2023,7.6917,7.3377,7.5914,7.2066,7.75,3.7155,False
2023-05,B,Banco,Bank of China,,,,,,,,,2023-05-31,0.0,55.22,30/04/2023,7.6917,7.3377,7.5914,7.2066,7.75,3.7155,False
2023-05,B,Banco,Citibank,0.03,8.18,3.99,,,,8.17,,2023-05-31,0.0,25.04,30/04/2023,7.6917,7.3377,7.5914,7.2066,7.75,3.7155,False
2023-05,B,Banco,Crédito,0.04,7.43,7.78,8.79,8.14,7.65,7.51,2.29,2023-05-31,4.1,16.46,30/04/2023,7.6917,7.3377,7.5914,7.2066,7.75,3.7155,False
2023-05,B,Banco,Falabella,2.74,7.88,8.44,8.33,7.39,8.32,7.9,5.15,2023-05-31,6.08,18.22,30/04/2023,7.6917,7.3377,7.5914,7.2066,7.75,3.7155,False
2023-05,B,Banco,GNB,4.17,8.25,8.41,,8.2,8.25,8.28,3.76,2023-05-31,4.0200000000000005,17.71,30/04/2023,7.6917,7.3377,7.5914,7.2066,7.75,3.7155,False
2023-05,B,Banco,ICBC,,6.52,,,,,6.52,,2023-05-31,0.0,34.84,30/04/2023,7.6917,7.3377,7.5914,7.2066,7.75,3.7155,False
2023-05,B,Banco,Interbank,0.51,7.71,7.63,7.94,8.13,7.22,7.72,2.5,2023-05-31,3.02,15.12,30/04/2023,7.6917,7.3377,7.5914,7.2066,7.75,3.7155,False
2023-05,B,Banco,Mibanco,0.39,8.37,7.78,6.09,8.09,5.97,8.29,5.87,2023-05-31,6.1000000000000005,18.69,30/04/2023,7.6917,7.3377,7.5914,7.2066,7.75,3.7155,False
2023-05,B,Banco,Pichincha,4.41,8.57,8.52,8.75,8.46,8.62,8.55,4.61,2023-05-31,6.13,12.25,30/04/2023,7.6917,7.3377,7.5914,7.2066,7.75,3.7155,False
2023-05,B,Banco,Ripley,0.26,,1.0,4.75,8.5,8.74,8.23,6.5,2023-05-31,4.19,18.1,30/04/2023,7.6917,7.3377,7.5914,7.2066,7.75,3.7155,False
2023-05,B,Banco,Santander,,7.91,8.06,8.39,8.06,7.64,7.95,,2023-05-31,1.49,16.0,30/04/2023,7.6917,7.3377,7.5914,7.2066,7.75,3.7155,False
2023-05,B,Banco,Scotiabank,1.19,7.61,7.68,7.51,7.86,6.31,7.62,0.51,2023-05-31,3.72,14.15,30/04/2023,7.6917,7.3377,7.5914,7.2066,7.75,3.7155,False
2023-05,C,Caja municipal,CMAC Arequipa,1.6,8.15,8.28,8.48,8.56,8.53,8.37,6.3,2023-05,4.17,15.04,mismo mes,7.6917,7.3377,7.5914,7.2066,7.75,3.7155,False
2023-05,C,Caja municipal,CMAC Cusco,0.37,,5.41,5.72,7.74,6.12,6.9,5.27,2023-05,4.55,14.11,mismo mes,7.6917,7.3377,7.5914,7.2066,7.75,3.7155,False
2023-05,C,Caja municipal,CMAC Huancayo,1.7,1.83,1.83,5.98,7.7,7.65,7.51,7.01,2023-05,4.59,12.32,mismo mes,7.6917,7.3377,7.5914,7.2066,7.75,3.7155,False
2023-05,C,Caja municipal,CMAC Ica,0.82,,5.48,6.11,8.14,8.85,8.55,5.01,2023-05,6.96,14.68,mismo mes,7.6917,7.3377,7.5914,7.2066,7.75,3.7155,False
2023-05,C,Caja municipal,CMAC Maynas,1.98,7.95,9.19,6.63,8.21,8.5,8.18,5.61,2023-05,6.72,16.46,mismo mes,7.6917,7.3377,7.5914,7.2066,7.75,3.7155,False
2023-05,C,Caja municipal,CMAC Paita,0.16,,7.65,3.45,4.97,6.59,6.54,6.04,2023-05,8.51,14.13,mismo mes,7.6917,7.3377,7.5914,7.2066,7.75,3.7155,False
2023-05,C,Caja municipal,CMAC Piura,0.35,,1.77,2.26,8.55,9.11,8.52,7.5,2023-05,6.29,15.11,mismo mes,7.6917,7.3377,7.5914,7.2066,7.75,3.7155,False
2023-05,C,Caja municipal,CMAC Sullana,0.56,,6.2,4.12,5.02,6.8,6.5,6.14,2023-05,12.96,14.45,mismo mes,7.6917,7.3377,7.5914,7.2066,7.75,3.7155,False
2023-05,C,Caja municipal,CMAC Tacna,0.82,,1.45,2.11,4.55,7.22,6.79,4.89,2023-05,9.44,15.55,mismo mes,7.6917,7.3377,7.5914,7.2066,7.75,3.7155,False
2023-05,C,Caja municipal,CMAC Trujillo,0.28,,2.58,3.89,7.41,5.81,6.92,5.83,2023-05,5.13,16.94,mismo mes,7.6917,7.3377,7.5914,7.2066,7.75,3.7155,False
2023-05,C,Caja municipal,CMAC del Santa,0.6,,1.77,3.58,3.55,6.53,6.11,6.5,2023-05,7.58,14.34,mismo mes,7.6917,7.3377,7.5914,7.2066,7.75,3.7155,False
2023-05,C,Caja municipal,CMCP Lima,0.67,2.75,2.75,5.63,7.81,7.84,7.55,6.52,2023-05,6.96,11.7,mismo mes,7.6917,7.3377,7.5914,7.2066,7.75,3.7155,False
2023-05,F,Financiera,Compartamos,2.48,8.53,8.4,5.4,8.24,7.42,8.37,5.94,2023-05-31,7.05,19.55,30/04/2023,7.6917,7.3377,7.5914,7.2066,7.75,3.7155,False
2023-05,F,Financiera,Confianza,0.88,8.0,8.33,8.19,8.09,8.43,8.22,6.34,2023-05-31,6.83,17.27,30/04/2023,7.6917,7.3377,7.5914,7.2066,7.75,3.7155,False
2023-05,F,Financiera,Credinka,2.7,7.0,5.06,7.78,8.33,8.18,8.11,6.25,2023-05-31,12.97,9.88,30/04/2023,7.6917,7.3377,7.5914,7.2066,7.75,3.7155,False
2023-05,F,Financiera,Crediscotia,0.01,8.23,8.54,8.59,8.25,4.46,8.15,5.64,2023-05-31,4.82,26.06,30/04/2023,7.6917,7.3377,7.5914,7.2066,7.75,3.7155,False
2023-05,F,Financiera,Efectiva,6.49,2.0,6.97,,8.68,8.84,8.75,,2023-05-31,3.36,22.9,30/04/2023,7.6917,7.3377,7.5914,7.2066,7.75,3.7155,False
2023-05,F,Financiera,Mitsui,,,,,,,,,2023-05-31,4.65,16.12,30/04/2023,7.6917,7.3377,7.5914,7.2066,7.75,3.7155,False
2023-05,F,Financiera,Oh!,7.0,8.49,5.89,6.75,8.39,7.89,8.34,6.5,2023-05-31,7.73,13.19,30/04/2023,7.6917,7.3377,7.5914,7.2066,7.75,3.7155,False
2023-05,F,Financiera,Proempresa,0.97,,1.01,1.58,5.0,8.67,8.28,6.9,2023-05-31,9.45,11.62,30/04/2023,7.6917,7.3377,7.5914,7.2066,7.75,3.7155,False
2023-05,F,Financiera,Qapaq,5.17,,4.16,6.76,7.14,7.36,7.07,5.79,2023-05-31,5.9,9.68,30/04/2023,7.6917,7.3377,7.5914,7.2066,7.75,3.7155,False
2023-06,B,Banco,Alfin,0.75,1.0,1.73,2.0,6.93,8.37,7.63,,2023-06-30,4.26,9.81,31/05/2023,7.8107,7.4423,7.6872,7.3,7.75,3.7597,False
2023-06,B,Banco,BBVA,0.04,7.22,8.35,5.92,7.27,7.0,7.28,1.19,2023-06-30,4.61,15.53,31/05/2023,7.8107,7.4423,7.6872,7.3,7.75,3.7597,False
2023-06,B,Banco,BCI,,7.67,,7.7,,7.75,7.68,,2023-06-30,0.0,95.02,31/05/2023,7.8107,7.4423,7.6872,7.3,7.75,3.7597,False
2023-06,B,Banco,BIF,3.57,8.0,8.2,7.97,7.97,7.92,8.0,4.61,2023-06-30,3.83,14.27,31/05/2023,7.8107,7.4423,7.6872,7.3,7.75,3.7597,False
2023-06,B,Banco,Bancom,1.34,0.5,0.23,8.1,3.27,6.0,3.89,5.5,2023-06-30,4.42,12.26,31/05/2023,7.8107,7.4423,7.6872,7.3,7.75,3.7597,False
2023-06,B,Banco,Bank of China,,,,,,,,,2023-06-30,0.0,53.25,31/05/2023,7.8107,7.4423,7.6872,7.3,7.75,3.7597,False
2023-06,B,Banco,Citibank,0.02,8.29,4.03,,,,8.28,,2023-06-30,0.0,27.11,31/05/2023,7.8107,7.4423,7.6872,7.3,7.75,3.7597,False
2023-06,B,Banco,Crédito,0.03,7.62,8.13,8.79,7.95,7.24,7.66,1.95,2023-06-30,4.11,16.83,31/05/2023,7.8107,7.4423,7.6872,7.3,7.75,3.7597,False
2023-06,B,Banco,Falabella,2.74,7.98,8.42,6.53,7.54,8.41,7.98,5.17,2023-06-30,6.44,18.38,31/05/2023,7.8107,7.4423,7.6872,7.3,7.75,3.7597,False
2023-06,B,Banco,GNB,4.05,8.24,8.46,,8.35,8.28,8.31,,2023-06-30,3.99,17.73,31/05/2023,7.8107,7.4423,7.6872,7.3,7.75,3.7597,False
2023-06,B,Banco,ICBC,,6.51,,8.2,,,6.8,,2023-06-30,0.0,35.22,31/05/2023,7.8107,7.4423,7.6872,7.3,7.75,3.7597,False
2023-06,B,Banco,Interbank,0.1,7.69,7.79,7.66,7.92,6.64,7.67,2.5,2023-06-30,2.95,15.2,31/05/2023,7.8107,7.4423,7.6872,7.3,7.75,3.7597,False
2023-06,B,Banco,Mibanco,0.39,8.51,8.05,5.87,7.76,5.76,8.39,4.57,2023-06-30,6.3100000000000005,18.72,31/05/2023,7.8107,7.4423,7.6872,7.3,7.75,3.7597,False
2023-06,B,Banco,Pichincha,4.1,8.59,8.61,8.85,8.41,8.17,8.55,5.97,2023-06-30,5.94,12.32,31/05/2023,7.8107,7.4423,7.6872,7.3,7.75,3.7597,False
2023-06,B,Banco,Ripley,0.37,,,4.75,8.5,8.72,8.15,6.5,2023-06-30,4.48,18.12,31/05/2023,7.8107,7.4423,7.6872,7.3,7.75,3.7597,False
2023-06,B,Banco,Santander,,6.09,8.14,8.4,7.97,7.8,6.38,,2023-06-30,1.44,15.86,31/05/2023,7.8107,7.4423,7.6872,7.3,7.75,3.7597,False
2023-06,B,Banco,Scotiabank,1.89,7.78,7.8,7.84,7.83,6.4,7.78,0.86,2023-06-30,3.75,14.41,31/05/2023,7.8107,7.4423,7.6872,7.3,7.75,3.7597,False
2023-06,C,Caja municipal,CMAC Arequipa,1.59,8.26,7.93,8.09,8.63,8.97,8.34,5.86,2023-06,4.2,14.89,mismo mes,7.8107,7.4423,7.6872,7.3,7.75,3.7597,False
2023-06,C,Caja municipal,CMAC Cusco,0.37,,4.64,4.71,6.74,7.36,6.3,5.1,2023-06,4.15,13.93,mismo mes,7.8107,7.4423,7.6872,7.3,7.75,3.7597,False
2023-06,C,Caja municipal,CMAC Huancayo,1.83,1.8,1.79,7.0,6.16,7.35,7.11,7.0,2023-06,4.87,12.26,mismo mes,7.8107,7.4423,7.6872,7.3,7.75,3.7597,False
2023-06,C,Caja municipal,CMAC Ica,0.91,,5.42,6.72,8.46,8.79,8.55,5.61,2023-06,7.17,14.67,mismo mes,7.8107,7.4423,7.6872,7.3,7.75,3.7597,False
2023-06,C,Caja municipal,CMAC Maynas,2.99,8.3,0.5,8.0,8.43,8.84,8.41,5.28,2023-06,5.92,16.21,mismo mes,7.8107,7.4423,7.6872,7.3,7.75,3.7597,False
2023-06,C,Caja municipal,CMAC Paita,0.13,,5.82,4.88,4.19,7.35,6.76,6.01,2023-06,9.01,13.92,mismo mes,7.8107,7.4423,7.6872,7.3,7.75,3.7597,False
2023-06,C,Caja municipal,CMAC Piura,0.35,,1.69,2.23,8.62,9.09,8.56,7.5,2023-06,6.41,15.01,mismo mes,7.8107,7.4423,7.6872,7.3,7.75,3.7597,False
2023-06,C,Caja municipal,CMAC Sullana,0.55,,3.15,7.69,4.55,8.22,8.03,6.49,2023-06,13.09,14.04,mismo mes,7.8107,7.4423,7.6872,7.3,7.75,3.7597,False
2023-06,C,Caja municipal,CMAC Tacna,0.83,,1.53,2.19,4.73,6.96,6.48,5.82,2023-06,8.89,15.6,mismo mes,7.8107,7.4423,7.6872,7.3,7.75,3.7597,False
2023-06,C,Caja municipal,CMAC Trujillo,0.27,,2.66,4.53,6.85,6.26,6.59,5.73,2023-06,5.31,16.76,mismo mes,7.8107,7.4423,7.6872,7.3,7.75,3.7597,False
2023-06,C,Caja municipal,CMAC del Santa,0.6,,3.18,3.51,4.51,6.54,6.04,6.5,2023-06,7.11,13.93,mismo mes,7.8107,7.4423,7.6872,7.3,7.75,3.7597,False
2023-06,C,Caja municipal,CMCP Lima,0.72,2.8,4.74,8.45,8.32,8.47,8.2,6.42,2023-06,6.06,11.54,mismo mes,7.8107,7.4423,7.6872,7.3,7.75,3.7597,False
2023-06,F,Financiera,Compartamos,2.02,8.72,8.57,8.12,8.46,8.06,8.57,5.67,2023-06-30,7.38,19.55,30/04/2023,7.8107,7.4423,7.6872,7.3,7.75,3.7597,False
2023-06,F,Financiera,Confianza,0.88,7.97,8.3,5.75,8.36,8.51,8.28,6.02,2023-06-30,6.39,17.27,30/04/2023,7.8107,7.4423,7.6872,7.3,7.75,3.7597,False
2023-06,F,Financiera,Credinka,2.66,6.27,6.55,7.93,8.23,7.93,7.98,6.25,2023-06-30,13.64,9.88,30/04/2023,7.8107,7.4423,7.6872,7.3,7.75,3.7597,False
2023-06,F,Financiera,Crediscotia,0.02,8.42,8.57,7.7,8.13,4.39,8.28,5.7,2023-06-30,4.81,26.06,30/04/2023,7.8107,7.4423,7.6872,7.3,7.75,3.7597,False
2023-06,F,Financiera,Efectiva,7.0,2.0,2.2,,8.66,8.77,8.65,,2023-06-30,3.51,22.9,30/04/2023,7.8107,7.4423,7.6872,7.3,7.75,3.7597,False
2023-06,F,Financiera,Mitsui,,,,,,,,,2023-06-30,4.69,16.12,30/04/2023,7.8107,7.4423,7.6872,7.3,7.75,3.7597,False
2023-06,F,Financiera,Oh!,7.0,8.5,5.75,8.18,8.63,8.66,8.55,6.5,2023-06-30,7.91,13.19,30/04/2023,7.8107,7.4423,7.6872,7.3,7.75,3.7597,False
2023-06,F,Financiera,Proempresa,0.89,,1.01,1.5,4.95,8.68,8.27,6.9,2023-06-30,9.82,11.62,30/04/2023,7.8107,7.4423,7.6872,7.3,7.75,3.7597,False
2023-06,F,Financiera,Qapaq,4.93,,4.97,6.74,7.58,7.39,7.43,5.79,2023-06-30,6.67,9.68,30/04/2023,7.8107,7.4423,7.6872,7.3,7.75,3.7597,False
2023-07,B,Banco,Alfin,0.63,1.0,1.73,2.0,5.84,8.44,6.94,,2023-07-31,4.73,9.717164711338238,30/06/2023,7.8884,7.4236,7.7267,7.3554,7.75,3.8658,False
2023-07,B,Banco,BBVA,0.14,7.46,8.32,6.1,6.74,7.06,7.47,1.74,2023-07-31,4.71,15.660210604964462,30/06/2023,7.8884,7.4236,7.7267,7.3554,7.75,3.8658,False
2023-07,B,Banco,BCI,,7.73,,,,7.75,7.73,,2023-07-31,0.0,93.43642108438188,30/06/2023,7.8884,7.4236,7.7267,7.3554,7.75,3.8658,False
2023-07,B,Banco,BIF,3.63,7.98,8.24,8.36,8.07,7.8,8.01,4.75,2023-07-31,3.93,14.10229971464264,30/06/2023,7.8884,7.4236,7.7267,7.3554,7.75,3.8658,False
2023-07,B,Banco,Bancom,1.28,0.54,0.21,1.13,5.63,5.53,3.48,5.5,2023-07-31,4.8,12.24924016814838,30/06/2023,7.8884,7.4236,7.7267,7.3554,7.75,3.8658,False
2023-07,B,Banco,Bank of China,,,,,,,,,2023-07-31,0.0,53.04118644661288,30/06/2023,7.8884,7.4236,7.7267,7.3554,7.75,3.8658,False
2023-07,B,Banco,Citibank,0.01,8.17,4.04,,,,8.16,,2023-07-31,0.0,29.87752150678356,30/06/2023,7.8884,7.4236,7.7267,7.3554,7.75,3.8658,False
2023-07,B,Banco,Crédito,0.03,7.61,8.23,8.54,7.49,6.32,7.65,2.81,2023-07-31,4.33,17.201854577630268,30/06/2023,7.8884,7.4236,7.7267,7.3554,7.75,3.8658,False
2023-07,B,Banco,Falabella,2.74,7.78,7.53,0.48,5.13,8.49,7.73,5.14,2023-07-31,6.69,18.025396876970117,30/06/2023,7.8884,7.4236,7.7267,7.3554,7.75,3.8658,False
2023-07,B,Banco,GNB,4.05,8.36,8.39,8.3,8.43,8.21,8.35,,2023-07-31,3.93,17.856601928551132,30/06/2023,7.8884,7.4236,7.7267,7.3554,7.75,3.8658,False
2023-07,B,Banco,ICBC,,6.98,,8.2,,,7.1,,2023-07-31,0.0,37.36468725186986,30/06/2023,7.8884,7.4236,7.7267,7.3554,7.75,3.8658,False
2023-07,B,Banco,Interbank,0.08,7.76,7.83,7.37,7.73,7.12,7.74,2.5,2023-07-31,3.14,15.214347028569405,30/06/2023,7.8884,7.4236,7.7267,7.3554,7.75,3.8658,False
2023-07,B,Banco,Mibanco,0.43,8.57,8.24,8.1,7.42,4.65,8.43,5.7,2023-07-31,6.37,18.78727285581476,30/06/2023,7.8884,7.4236,7.7267,7.3554,7.75,3.8658,False
2023-07,B,Banco,Pichincha,4.07,8.28,8.35,7.76,8.37,8.05,8.31,6.57,2023-07-31,6.28,12.755281082085684,30/06/2023,7.8884,7.4236,7.7267,7.3554,7.75,3.8658,False
2023-07,B,Banco,Ripley,0.4,,,6.0,8.5,8.74,8.14,6.5,2023-07-31,4.56,17.48485834308982,30/06/2023,7.8884,7.4236,7.7267,7.3554,7.75,3.8658,False
2023-07,B,Banco,Santander,,8.03,8.18,8.07,8.04,7.66,8.01,,2023-07-31,1.55,15.703305710998409,30/06/2023,7.8884,7.4236,7.7267,7.3554,7.75,3.8658,False
2023-07,B,Banco,Scotiabank,2.14,7.62,7.92,7.97,7.74,7.01,7.64,1.28,2023-07-31,3.96,14.355271514349512,30/06/2023,7.8884,7.4236,7.7267,7.3554,7.75,3.8658,False
2023-07,C,Caja municipal,CMAC Arequipa,2.67,8.32,6.79,8.0,8.53,8.67,8.35,6.11,2023-07,4.16,14.78,mismo mes,7.8884,7.4236,7.7267,7.3554,7.75,3.8658,False
2023-07,C,Caja municipal,CMAC Cusco,0.38,,7.49,4.17,6.11,6.08,6.25,4.98,2023-07,4.57,13.93,mismo mes,7.8884,7.4236,7.7267,7.3554,7.75,3.8658,False
2023-07,C,Caja municipal,CMAC Huancayo,1.93,1.86,1.93,5.22,6.61,7.41,7.16,7.0,2023-07,5.13,12.36,mismo mes,7.8884,7.4236,7.7267,7.3554,7.75,3.8658,False
2023-07,C,Caja municipal,CMAC Ica,0.94,,5.45,6.97,8.51,8.75,8.6,5.55,2023-07,7.8,14.55,mismo mes,7.8884,7.4236,7.7267,7.3554,7.75,3.8658,False
2023-07,C,Caja municipal,CMAC Maynas,4.13,8.5,8.54,7.14,8.75,8.52,8.5,5.13,2023-07,6.75,15.49,mismo mes,7.8884,7.4236,7.7267,7.3554,7.75,3.8658,False
2023-07,C,Caja municipal,CMAC Paita,0.17,,4.22,5.95,4.72,7.17,6.45,6.01,2023-07,9.48,13.94,mismo mes,7.8884,7.4236,7.7267,7.3554,7.75,3.8658,False
2023-07,C,Caja municipal,CMAC Piura,0.35,,1.76,2.12,8.5,9.14,8.55,7.51,2023-07,6.4,15.03,mismo mes,7.8884,7.4236,7.7267,7.3554,7.75,3.8658,False
2023-07,C,Caja municipal,CMAC Sullana,0.55,,2.89,9.29,5.17,8.24,8.57,7.24,2023-07,14.35,13.84,mismo mes,7.8884,7.4236,7.7267,7.3554,7.75,3.8658,False
2023-07,C,Caja municipal,CMAC Tacna,0.87,,1.47,6.21,4.6,6.91,6.55,5.09,2023-07,9.54,15.65,mismo mes,7.8884,7.4236,7.7267,7.3554,7.75,3.8658,False
2023-07,C,Caja municipal,CMAC Trujillo,0.28,,2.72,4.1,6.75,5.1,6.41,5.76,2023-07,5.63,16.61,mismo mes,7.8884,7.4236,7.7267,7.3554,7.75,3.8658,False
2023-07,C,Caja municipal,CMAC del Santa,0.6,,3.56,3.92,3.7,6.21,5.48,6.5,2023-07,7.38,13.5,mismo mes,7.8884,7.4236,7.7267,7.3554,7.75,3.8658,False
2023-07,C,Caja municipal,CMCP Lima,0.74,2.75,2.75,8.45,8.74,8.81,8.69,6.47,2023-07,6.29,11.26,mismo mes,7.8884,7.4236,7.7267,7.3554,7.75,3.8658,False
2023-07,F,Financiera,Compartamos,1.58,8.76,8.64,8.56,8.47,7.7,8.6,5.72,2023-07-31,7.33,19.55,30/04/2023,7.8884,7.4236,7.7267,7.3554,7.75,3.8658,False
2023-07,F,Financiera,Confianza,0.87,7.97,7.77,6.88,8.48,8.64,8.3,5.71,2023-07-31,7.07,17.27,30/04/2023,7.8884,7.4236,7.7267,7.3554,7.75,3.8658,False
2023-07,F,Financiera,Credinka,3.07,5.82,6.37,7.9,8.04,7.72,7.82,6.43,2023-07-31,14.6,9.88,30/04/2023,7.8884,7.4236,7.7267,7.3554,7.75,3.8658,False
2023-07,F,Financiera,Crediscotia,0.01,8.24,8.5,8.14,7.5,4.35,8.04,5.69,2023-07-31,4.97,26.06,30/04/2023,7.8884,7.4236,7.7267,7.3554,7.75,3.8658,False
2023-07,F,Financiera,Efectiva,7.0,2.0,7.64,8.0,8.8,8.58,8.66,,2023-07-31,3.51,22.9,30/04/2023,7.8884,7.4236,7.7267,7.3554,7.75,3.8658,False
2023-07,F,Financiera,Mitsui,,,,,,,,,2023-07-31,4.81,16.12,30/04/2023,7.8884,7.4236,7.7267,7.3554,7.75,3.8658,False
2023-07,F,Financiera,Oh!,7.0,1.85,6.63,8.24,8.78,8.73,8.67,6.5,2023-07-31,7.58,13.19,30/04/2023,7.8884,7.4236,7.7267,7.3554,7.75,3.8658,False
2023-07,F,Financiera,Proempresa,0.83,,1.01,1.85,5.59,8.67,8.47,6.9,2023-07-31,9.62,11.62,30/04/2023,7.8884,7.4236,7.7267,7.3554,7.75,3.8658,False
2023-07,F,Financiera,Qapaq,4.98,,5.17,8.12,8.02,7.67,7.91,,2023-07-31,8.34,9.68,30/04/2023,7.8884,7.4236,7.7267,7.3554,7.75,3.8658,False
2023-08,B,Banco,Alfin,1.03,1.0,1.73,2.0,4.27,8.63,6.32,,2023-08-31,6.87,9.206601061032796,31/07/2023,7.896,7.3063,7.7337,7.3983,7.75,3.9045,False
2023-08,B,Banco,BBVA,1.95,6.57,8.03,6.08,5.51,7.09,6.66,1.51,2023-08-31,4.73,15.78615320713066,31/07/2023,7.896,7.3063,7.7337,7.3983,7.75,3.9045,False
2023-08,B,Banco,BCI,,7.84,7.91,7.83,7.7,7.5,7.83,,2023-08-31,0.0,66.81985221242657,31/07/2023,7.896,7.3063,7.7337,7.3983,7.75,3.9045,False
2023-08,B,Banco,BIF,3.77,7.71,8.01,8.47,7.95,7.53,7.77,4.4,2023-08-31,3.56,14.63266674137776,31/07/2023,7.896,7.3063,7.7337,7.3983,7.75,3.9045,False
2023-08,B,Banco,Bancom,1.32,0.22,0.28,1.39,4.92,6.0,3.26,5.5,2023-08-31,4.74,12.254406721665807,31/07/2023,7.896,7.3063,7.7337,7.3983,7.75,3.9045,False
2023-08,B,Banco,Bank of China,,,,,,,,,2023-08-31,0.0,55.63468307588637,31/07/2023,7.896,7.3063,7.7337,7.3983,7.75,3.9045,False
2023-08,B,Banco,Citibank,0.01,8.06,3.99,,,,8.05,,2023-08-31,0.17,30.87697692143711,31/07/2023,7.896,7.3063,7.7337,7.3983,7.75,3.9045,False
2023-08,B,Banco,Crédito,0.03,7.47,8.03,8.28,7.64,5.75,7.51,2.17,2023-08-31,4.46,17.374581866029935,31/07/2023,7.896,7.3063,7.7337,7.3983,7.75,3.9045,False
2023-08,B,Banco,Falabella,2.74,7.86,7.74,6.35,6.7,8.47,7.84,5.14,2023-08-31,6.58,18.15768902304545,31/07/2023,7.896,7.3063,7.7337,7.3983,7.75,3.9045,False
2023-08,B,Banco,GNB,3.91,8.35,8.4,8.47,8.11,8.17,8.3,3.75,2023-08-31,3.62,17.910456262984955,31/07/2023,7.896,7.3063,7.7337,7.3983,7.75,3.9045,False
2023-08,B,Banco,ICBC,,7.1,,,8.0,,7.12,,2023-08-31,0.0,36.96199930043794,31/07/2023,7.896,7.3063,7.7337,7.3983,7.75,3.9045,False
2023-08,B,Banco,Interbank,0.19,7.71,8.12,7.56,7.68,6.97,7.71,2.5,2023-08-31,3.31,15.211745096957069,31/07/2023,7.896,7.3063,7.7337,7.3983,7.75,3.9045,False
2023-08,B,Banco,Mibanco,0.48,8.29,8.16,8.01,7.41,4.96,8.14,5.71,2023-08-31,6.51,19.145372626671797,31/07/2023,7.896,7.3063,7.7337,7.3983,7.75,3.9045,False
2023-08,B,Banco,Pichincha,4.26,8.13,8.21,8.33,8.25,8.08,8.18,5.28,2023-08-31,6.49,12.857407359171155,31/07/2023,7.896,7.3063,7.7337,7.3983,7.75,3.9045,False
2023-08,B,Banco,Ripley,0.36,,1.0,4.75,8.5,8.74,8.06,6.75,2023-08-31,4.41,17.500952097754556,31/07/2023,7.896,7.3063,7.7337,7.3983,7.75,3.9045,False
2023-08,B,Banco,Santander,,7.92,8.13,8.15,7.52,7.29,7.89,,2023-08-31,1.28,16.114832772711445,31/07/2023,7.896,7.3063,7.7337,7.3983,7.75,3.9045,False
2023-08,B,Banco,Scotiabank,1.88,7.26,7.8,7.67,7.28,6.75,7.29,1.69,2023-08-31,3.99,14.498072961873792,31/07/2023,7.896,7.3063,7.7337,7.3983,7.75,3.9045,False
2023-08,C,Caja municipal,CMAC Arequipa,2.73,8.29,8.59,8.04,8.47,8.49,8.37,6.33,2023-08,4.09,14.59,mismo mes,7.896,7.3063,7.7337,7.3983,7.75,3.9045,False
2023-08,C,Caja municipal,CMAC Cusco,0.39,1.96,7.47,8.2,7.42,5.44,7.54,5.01,2023-08,4.5,13.79,mismo mes,7.896,7.3063,7.7337,7.3983,7.75,3.9045,False
2023-08,C,Caja municipal,CMAC Huancayo,2.0,2.01,2.72,5.44,6.36,7.66,7.34,7.0,2023-08,4.9,12.67,mismo mes,7.896,7.3063,7.7337,7.3983,7.75,3.9045,False
2023-08,C,Caja municipal,CMAC Ica,1.3,,5.35,6.85,8.51,8.81,8.63,5.28,2023-08,7.98,14.41,mismo mes,7.896,7.3063,7.7337,7.3983,7.75,3.9045,False
2023-08,C,Caja municipal,CMAC Maynas,4.27,8.6,8.81,7.98,8.76,8.39,8.6,7.13,2023-08,6.58,15.54,mismo mes,7.896,7.3063,7.7337,7.3983,7.75,3.9045,False
2023-08,C,Caja municipal,CMAC Paita,0.15,7.5,4.5,6.02,4.41,6.93,6.06,6.23,2023-08,9.55,14.15,mismo mes,7.896,7.3063,7.7337,7.3983,7.75,3.9045,False
2023-08,C,Caja municipal,CMAC Piura,0.35,,1.71,8.14,8.55,8.53,8.31,7.5,2023-08,6.4,14.89,mismo mes,7.896,7.3063,7.7337,7.3983,7.75,3.9045,False
2023-08,C,Caja municipal,CMAC Sullana,0.55,,6.1,9.4,5.26,8.29,8.83,7.05,2023-08,11.08,13.31,mismo mes,7.896,7.3063,7.7337,7.3983,7.75,3.9045,False
2023-08,C,Caja municipal,CMAC Tacna,0.82,,1.48,5.38,5.94,6.99,6.63,4.87,2023-08,10.02,15.32,mismo mes,7.896,7.3063,7.7337,7.3983,7.75,3.9045,False
2023-08,C,Caja municipal,CMAC Trujillo,0.27,7.63,2.98,4.41,7.41,5.85,7.01,5.92,2023-08,5.57,16.41,mismo mes,7.896,7.3063,7.7337,7.3983,7.75,3.9045,False
2023-08,C,Caja municipal,CMAC del Santa,0.6,,1.1,2.34,2.77,8.24,7.89,6.5,2023-08,7.64,13.13,mismo mes,7.896,7.3063,7.7337,7.3983,7.75,3.9045,False
2023-08,C,Caja municipal,CMCP Lima,0.71,2.75,2.75,8.34,8.81,8.69,8.71,6.44,2023-08,6.25,10.74,mismo mes,7.896,7.3063,7.7337,7.3983,7.75,3.9045,False
2023-08,F,Financiera,Compartamos,1.4,8.5,8.47,8.77,7.86,7.8,8.4,5.99,2023-08-31,6.82,19.96,31/07/2023,7.896,7.3063,7.7337,7.3983,7.75,3.9045,False
2023-08,F,Financiera,Confianza,0.87,8.02,8.32,7.06,8.47,8.58,8.38,5.96,2023-08-31,7.12,17.77,31/07/2023,7.896,7.3063,7.7337,7.3983,7.75,3.9045,False
2023-08,F,Financiera,Credinka,3.63,,4.81,7.88,7.76,7.44,7.7,6.25,2023-08-31,12.87,7.81,31/07/2023,7.896,7.3063,7.7337,7.3983,7.75,3.9045,False
2023-08,F,Financiera,Crediscotia,0.09,8.15,8.24,8.3,7.29,3.96,7.73,5.68,2023-08-31,5.18,26.3,31/07/2023,7.896,7.3063,7.7337,7.3983,7.75,3.9045,False
2023-08,F,Financiera,Efectiva,7.0,2.0,7.9,8.0,8.39,8.25,8.33,,2023-08-31,3.78,23.14,31/07/2023,7.896,7.3063,7.7337,7.3983,7.75,3.9045,False
2023-08,F,Financiera,Mitsui,,,,,,,,,2023-08-31,4.97,15.95,31/07/2023,7.896,7.3063,7.7337,7.3983,7.75,3.9045,False
2023-08,F,Financiera,Oh!,7.0,8.17,6.19,8.08,8.55,8.41,8.34,6.5,2023-08-31,7.93,14.78,31/07/2023,7.896,7.3063,7.7337,7.3983,7.75,3.9045,False
2023-08,F,Financiera,Proempresa,0.9,,1.01,1.57,5.99,8.99,8.94,6.9,2023-08-31,9.94,10.81,31/07/2023,7.896,7.3063,7.7337,7.3983,7.75,3.9045,False
2023-08,F,Financiera,Qapaq,5.33,,4.45,7.39,8.2,7.54,7.97,5.79,2023-08-31,,,,7.896,7.3063,7.7337,7.3983,7.75,3.9045,False
2023-09,B,Banco,Alfin,0.79,1.0,1.72,2.0,3.33,8.47,5.22,,2023-09-29,6.11,9.206601061032796,31/07/2023,7.7885,7.2453,7.6902,7.4181,7.5,3.963,False
2023-09,B,Banco,BBVA,0.27,6.83,7.65,6.63,6.55,6.75,6.87,1.41,2023-09-29,4.67,15.78615320713066,31/07/2023,7.7885,7.2453,7.6902,7.4181,7.5,3.963,False
2023-09,B,Banco,BCI,,7.76,7.89,7.56,7.57,7.45,7.75,,2023-09-29,0.0,66.81985221242657,31/07/2023,7.7885,7.2453,7.6902,7.4181,7.5,3.963,False
2023-09,B,Banco,BIF,3.46,7.47,7.73,7.87,7.59,6.94,7.48,4.5,2023-09-29,3.64,14.63266674137776,31/07/2023,7.7885,7.2453,7.6902,7.4181,7.5,3.963,False
2023-09,B,Banco,Bancom,1.33,0.24,0.48,7.26,5.62,6.47,4.84,5.5,2023-09-29,4.94,12.254406721665807,31/07/2023,7.7885,7.2453,7.6902,7.4181,7.5,3.963,False
2023-09,B,Banco,Bank of China,,,,,,,,,2023-09-29,0.0,55.63468307588637,31/07/2023,7.7885,7.2453,7.6902,7.4181,7.5,3.963,False
2023-09,B,Banco,Citibank,0.01,6.57,3.99,,,,6.54,,2023-09-29,0.16,30.87697692143711,31/07/2023,7.7885,7.2453,7.6902,7.4181,7.5,3.963,False
2023-09,B,Banco,Crédito,0.03,7.28,7.72,7.65,7.57,5.32,7.29,2.19,2023-09-29,4.41,17.374581866029935,31/07/2023,7.7885,7.2453,7.6902,7.4181,7.5,3.963,False
2023-09,B,Banco,Falabella,2.74,7.73,7.49,7.19,7.13,8.49,7.74,5.14,2023-09-29,6.65,18.15768902304545,31/07/2023,7.7885,7.2453,7.6902,7.4181,7.5,3.963,False
2023-09,B,Banco,GNB,3.92,7.89,8.13,8.31,8.13,8.04,8.06,3.75,2023-09-29,3.59,17.910456262984955,31/07/2023,7.7885,7.2453,7.6902,7.4181,7.5,3.963,False
2023-09,B,Banco,ICBC,,7.09,,,8.2,,7.11,,2023-09-29,0.0,36.96199930043794,31/07/2023,7.7885,7.2453,7.6902,7.4181,7.5,3.963,False
2023-09,B,Banco,Interbank,0.19,7.58,7.91,7.22,7.19,6.33,7.58,2.5,2023-09-29,3.34,15.211745096957069,31/07/2023,7.7885,7.2453,7.6902,7.4181,7.5,3.963,False
2023-09,B,Banco,Mibanco,0.59,7.86,7.56,7.99,6.58,3.63,7.62,5.8,2023-09-29,6.29,19.145372626671797,31/07/2023,7.7885,7.2453,7.6902,7.4181,7.5,3.963,False
2023-09,B,Banco,Pichincha,4.01,7.84,8.19,8.03,8.06,8.02,7.93,5.16,2023-09-29,6.43,12.857407359171155,31/07/2023,7.7885,7.2453,7.6902,7.4181,7.5,3.963,False
2023-09,B,Banco,Ripley,0.31,1.0,,4.75,8.5,8.52,8.15,6.5,2023-09-29,4.59,17.500952097754556,31/07/2023,7.7885,7.2453,7.6902,7.4181,7.5,3.963,False
2023-09,B,Banco,Santander,,7.6,7.96,7.9,7.53,7.22,7.65,,2023-09-29,1.3,16.114832772711445,31/07/2023,7.7885,7.2453,7.6902,7.4181,7.5,3.963,False
2023-09,B,Banco,Scotiabank,2.02,7.25,7.49,7.12,7.13,6.11,7.24,1.27,2023-09-29,4.14,14.498072961873792,31/07/2023,7.7885,7.2453,7.6902,7.4181,7.5,3.963,False
2023-09,C,Caja municipal,CMAC Arequipa,2.55,7.99,8.03,8.1,8.5,8.17,8.12,6.05,2023-09,4.16,14.55,mismo mes,7.7885,7.2453,7.6902,7.4181,7.5,3.963,False
2023-09,C,Caja municipal,CMAC Cusco,0.43,1.2,6.3,8.18,7.26,7.56,7.34,5.01,2023-09,4.61,13.63,mismo mes,7.7885,7.2453,7.6902,7.4181,7.5,3.963,False
2023-09,C,Caja municipal,CMAC Huancayo,2.11,6.55,3.93,8.39,4.94,7.55,7.74,7.02,2023-09,4.63,12.57,mismo mes,7.7885,7.2453,7.6902,7.4181,7.5,3.963,False
2023-09,C,Caja municipal,CMAC Ica,1.23,,5.46,7.94,8.63,8.17,8.36,5.13,2023-09,6.6,14.35,mismo mes,7.7885,7.2453,7.6902,7.4181,7.5,3.963,False
2023-09,C,Caja municipal,CMAC Maynas,3.54,8.6,4.93,8.3,8.77,8.56,8.6,5.78,2023-09,7.11,15.87,mismo mes,7.7885,7.2453,7.6902,7.4181,7.5,3.963,False
2023-09,C,Caja municipal,CMAC Paita,0.15,7.5,8.09,6.9,3.9,6.76,6.99,6.2,2023-09,10.0,14.39,mismo mes,7.7885,7.2453,7.6902,7.4181,7.5,3.963,False
2023-09,C,Caja municipal,CMAC Piura,0.35,,1.69,7.92,8.61,4.28,8.35,7.5,2023-09,6.51,14.69,mismo mes,7.7885,7.2453,7.6902,7.4181,7.5,3.963,False
2023-09,C,Caja municipal,CMAC Sullana,0.54,,2.89,9.21,5.82,8.19,8.56,6.17,2023-09,12.79,12.9,mismo mes,7.7885,7.2453,7.6902,7.4181,7.5,3.963,False
2023-09,C,Caja municipal,CMAC Tacna,0.82,,1.43,4.39,5.32,6.97,6.04,5.4,2023-09,9.68,15.3,mismo mes,7.7885,7.2453,7.6902,7.4181,7.5,3.963,False
2023-09,C,Caja municipal,CMAC Trujillo,0.28,,2.76,5.08,6.29,4.56,5.92,5.9,2023-09,5.8,16.21,mismo mes,7.7885,7.2453,7.6902,7.4181,7.5,3.963,False
2023-09,C,Caja municipal,CMAC del Santa,0.6,,1.31,2.23,2.84,7.71,7.37,6.5,2023-09,7.99,12.54,mismo mes,7.7885,7.2453,7.6902,7.4181,7.5,3.963,False
2023-09,C,Caja municipal,CMCP Lima,0.76,2.75,2.82,8.45,8.8,8.82,8.67,6.41,2023-09,6.39,10.3,mismo mes,7.7885,7.2453,7.6902,7.4181,7.5,3.963,False
2023-09,F,Financiera,Compartamos,1.21,8.19,8.33,8.56,7.77,7.77,8.16,6.28,2023-09-29,6.6,20.15,31/08/2023,7.7885,7.2453,7.6902,7.4181,7.5,3.963,False
2023-09,F,Financiera,Confianza,0.87,8.24,7.91,6.74,8.38,8.33,8.26,5.84,2023-09-29,7.08,17.77,31/08/2023,7.7885,7.2453,7.6902,7.4181,7.5,3.963,False
2023-09,F,Financiera,Credinka,3.23,7.89,5.31,8.17,8.56,8.17,8.21,6.25,2023-09-29,14.07,7.11,31/08/2023,7.7885,7.2453,7.6902,7.4181,7.5,3.963,False
2023-09,F,Financiera,Crediscotia,0.09,8.02,8.13,7.74,6.67,4.5,7.59,5.68,2023-09-29,5.31,25.445117633477796,31/08/2023,7.7885,7.2453,7.6902,7.4181,7.5,3.963,False
2023-09,F,Financiera,Efectiva,7.0,2.0,7.9,8.0,8.75,7.85,8.45,,2023-09-29,3.82,23.5,31/08/2023,7.7885,7.2453,7.6902,7.4181,7.5,3.963,False
2023-09,F,Financiera,Mitsui,,,,,,,,,2023-09-29,4.97,16.5,31/08/2023,7.7885,7.2453,7.6902,7.4181,7.5,3.963,False
2023-09,F,Financiera,Oh!,7.0,1.85,6.63,6.75,8.11,8.24,8.28,6.5,2023-09-29,8.47,14.41,31/08/2023,7.7885,7.2453,7.6902,7.4181,7.5,3.963,False
2023-09,F,Financiera,Proempresa,0.95,,1.01,4.7,5.74,8.94,8.9,6.9,2023-09-29,10.06,10.63,31/08/2023,7.7885,7.2453,7.6902,7.4181,7.5,3.963,False
2023-09,F,Financiera,Qapaq,4.25,,4.75,7.69,8.22,7.59,8.03,5.79,2023-09-29,9.74,10.17,31/08/2023,7.7885,7.2453,7.6902,7.4181,7.5,3.963,False
2023-10,B,Banco,Alfin,0.62,1.0,1.74,2.0,5.0,7.7,5.73,,2023-10-31,2.23,9.206601061032796,31/07/2023,7.6189,6.9749,7.6579,7.4083,7.25,3.9019,False
2023-10,B,Banco,BBVA,0.21,6.3,7.16,6.01,5.59,6.18,6.33,1.97,2023-10-31,4.7700000000000005,15.78615320713066,31/07/2023,7.6189,6.9749,7.6579,7.4083,7.25,3.9019,False
2023-10,B,Banco,BCI,,7.42,7.55,7.49,7.28,6.5,7.41,,2023-10-31,2.22,66.81985221242657,31/07/2023,7.6189,6.9749,7.6579,7.4083,7.25,3.9019,False
2023-10,B,Banco,BIF,3.02,7.28,7.49,7.5,6.65,6.24,7.29,4.61,2023-10-31,3.67,14.63266674137776,31/07/2023,7.6189,6.9749,7.6579,7.4083,7.25,3.9019,False
2023-10,B,Banco,Bancom,1.32,0.27,1.72,7.07,5.47,6.37,4.52,5.5,2023-10-31,4.89,12.254406721665807,31/07/2023,7.6189,6.9749,7.6579,7.4083,7.25,3.9019,False
2023-10,B,Banco,Bank of China,,,,,,,,,2023-10-31,0.0,55.63468307588637,31/07/2023,7.6189,6.9749,7.6579,7.4083,7.25,3.9019,False
2023-10,B,Banco,Citibank,0.01,3.93,3.99,,,,3.94,,2023-10-31,0.0,30.87697692143711,31/07/2023,7.6189,6.9749,7.6579,7.4083,7.25,3.9019,False
2023-10,B,Banco,Crédito,0.03,7.03,7.38,7.28,5.89,6.15,7.03,2.01,2023-10-31,4.5,17.374581866029935,31/07/2023,7.6189,6.9749,7.6579,7.4083,7.25,3.9019,False
2023-10,B,Banco,Falabella,2.74,7.41,7.04,7.41,6.94,8.28,7.44,5.14,2023-10-31,6.69,18.15768902304545,31/07/2023,7.6189,6.9749,7.6579,7.4083,7.25,3.9019,False
2023-10,B,Banco,GNB,4.17,7.57,7.7,7.79,7.75,7.41,7.64,3.75,2023-10-31,3.36,17.910456262984955,31/07/2023,7.6189,6.9749,7.6579,7.4083,7.25,3.9019,False
2023-10,B,Banco,ICBC,,6.69,,,,,6.69,,2023-10-31,0.0,36.96199930043794,31/07/2023,7.6189,6.9749,7.6579,7.4083,7.25,3.9019,False
2023-10,B,Banco,Interbank,0.07,7.33,7.43,6.59,6.69,5.63,7.3,2.44,2023-10-31,3.51,15.211745096957069,31/07/2023,7.6189,6.9749,7.6579,7.4083,7.25,3.9019,False
2023-10,B,Banco,Mibanco,0.58,7.48,7.42,7.77,6.03,3.08,7.27,5.84,2023-10-31,6.43,19.145372626671797,31/07/2023,7.6189,6.9749,7.6579,7.4083,7.25,3.9019,False
2023-10,B,Banco,Pichincha,4.03,7.69,7.53,7.97,7.76,7.45,7.73,5.83,2023-10-31,6.66,12.857407359171155,31/07/2023,7.6189,6.9749,7.6579,7.4083,7.25,3.9019,False
2023-10,B,Banco,Ripley,0.35,1.0,,4.75,8.41,8.08,8.22,6.51,2023-10-31,4.75,17.500952097754556,31/07/2023,7.6189,6.9749,7.6579,7.4083,7.25,3.9019,False
2023-10,B,Banco,Santander,0.01,7.12,7.41,7.17,6.81,6.76,7.14,,2023-10-31,1.29,16.114832772711445,31/07/2023,7.6189,6.9749,7.6579,7.4083,7.25,3.9019,False
2023-10,B,Banco,Scotiabank,2.04,6.48,7.04,6.9,6.3,5.05,6.49,2.44,2023-10-31,4.25,14.498072961873792,31/07/2023,7.6189,6.9749,7.6579,7.4083,7.25,3.9019,False
2023-10,C,Caja municipal,CMAC Arequipa,2.47,7.52,7.69,8.11,8.53,7.62,7.85,6.0,2023-10,4.34,14.27,mismo mes,7.6189,6.9749,7.6579,7.4083,7.25,3.9019,False
2023-10,C,Caja municipal,CMAC Cusco,0.43,1.5,7.0,8.0,7.35,4.84,7.39,5.02,2023-10,4.84,13.62,mismo mes,7.6189,6.9749,7.6579,7.4083,7.25,3.9019,False
2023-10,C,Caja municipal,CMAC Huancayo,1.4,1.96,1.84,8.53,5.27,5.55,7.6,7.02,2023-10,4.74,12.73,mismo mes,7.6189,6.9749,7.6579,7.4083,7.25,3.9019,False
2023-10,C,Caja municipal,CMAC Ica,1.62,,5.49,8.23,8.65,8.21,8.41,5.72,2023-10,6.17,14.21,mismo mes,7.6189,6.9749,7.6579,7.4083,7.25,3.9019,False
2023-10,C,Caja municipal,CMAC Maynas,3.94,,5.63,8.69,8.87,8.68,8.78,5.81,2023-10,7.72,15.85,mismo mes,7.6189,6.9749,7.6579,7.4083,7.25,3.9019,False
2023-10,C,Caja municipal,CMAC Paita,0.13,8.0,5.83,4.16,4.91,6.92,6.49,6.17,2023-10,10.72,14.31,mismo mes,7.6189,6.9749,7.6579,7.4083,7.25,3.9019,False
2023-10,C,Caja municipal,CMAC Piura,0.35,7.6,2.51,8.18,8.56,7.33,8.34,7.5,2023-10,6.57,14.69,mismo mes,7.6189,6.9749,7.6579,7.4083,7.25,3.9019,False
2023-10,C,Caja municipal,CMAC Sullana,0.57,,3.22,7.43,4.89,8.2,7.99,6.51,2023-10,14.13,12.78,mismo mes,7.6189,6.9749,7.6579,7.4083,7.25,3.9019,False
2023-10,C,Caja municipal,CMAC Tacna,0.83,,7.1,3.3,4.96,7.94,6.78,5.03,2023-10,9.92,15.23,mismo mes,7.6189,6.9749,7.6579,7.4083,7.25,3.9019,False
2023-10,C,Caja municipal,CMAC Trujillo,0.29,,5.24,4.88,6.51,4.63,6.17,5.93,2023-10,5.88,16.21,mismo mes,7.6189,6.9749,7.6579,7.4083,7.25,3.9019,False
2023-10,C,Caja municipal,CMAC del Santa,0.6,,1.26,7.09,7.3,4.71,5.84,6.5,2023-10,8.46,12.24,mismo mes,7.6189,6.9749,7.6579,7.4083,7.25,3.9019,False
2023-10,C,Caja municipal,CMCP Lima,0.78,2.75,2.75,9.13,9.0,8.98,9.02,6.4,2023-10,6.58,10.01,mismo mes,7.6189,6.9749,7.6579,7.4083,7.25,3.9019,False
2023-10,F,Financiera,Compartamos,1.14,7.77,8.07,7.97,7.05,7.21,7.75,6.12,2023-10-31,6.58,19.96,31/07/2023,7.6189,6.9749,7.6579,7.4083,7.25,3.9019,False
2023-10,F,Financiera,Confianza,0.86,7.18,7.78,8.28,8.33,8.57,8.24,6.43,2023-10-31,7.54,17.77,31/07/2023,7.6189,6.9749,7.6579,7.4083,7.25,3.9019,False
2023-10,F,Financiera,Credinka,3.01,7.78,5.47,8.07,8.44,7.78,8.06,6.69,2023-10-31,15.78,7.81,31/07/2023,7.6189,6.9749,7.6579,7.4083,7.25,3.9019,False
2023-10,F,Financiera,Crediscotia,0.21,7.73,7.68,7.81,6.28,4.29,7.54,5.5,2023-10-31,5.74,26.29936242501899,31/07/2023,7.6189,6.9749,7.6579,7.4083,7.25,3.9019,False
2023-10,F,Financiera,Efectiva,7.0,2.0,7.9,8.0,8.84,7.82,8.59,,2023-10-31,4.42,23.14,31/07/2023,7.6189,6.9749,7.6579,7.4083,7.25,3.9019,False
2023-10,F,Financiera,Mitsui,,,,,,,,,2023-10-31,5.3,15.95,31/07/2023,7.6189,6.9749,7.6579,7.4083,7.25,3.9019,False
2023-10,F,Financiera,Oh!,7.0,1.85,6.75,6.75,8.12,8.22,8.07,6.5,2023-10-31,8.63,14.78,31/07/2023,7.6189,6.9749,7.6579,7.4083,7.25,3.9019,False
2023-10,F,Financiera,Proempresa,0.92,,6.46,5.51,5.38,8.76,8.72,6.9,2023-10-31,10.38,10.81,31/07/2023,7.6189,6.9749,7.6579,7.4083,7.25,3.9019,False
2023-10,F,Financiera,Qapaq,6.44,5.75,5.13,7.84,8.25,7.49,7.92,5.79,2023-10-31,,,,7.6189,6.9749,7.6579,7.4083,7.25,3.9019,False
2023-11,B,Banco,Alfin,0.5,1.0,1.72,2.0,5.58,5.86,5.69,,2023-11-30,3.73,10.983951143911938,31/10/2023,7.4069,6.8144,7.5192,7.3607,7.0,3.7447,False
2023-11,B,Banco,BBVA,0.13,6.48,7.06,5.75,5.33,5.6,6.45,1.4,2023-11-30,4.84,15.56253758649431,31/10/2023,7.4069,6.8144,7.5192,7.3607,7.0,3.7447,False
2023-11,B,Banco,BCI,,7.18,7.46,,6.69,6.5,7.18,,2023-11-30,2.2,30.039044878230182,31/10/2023,7.4069,6.8144,7.5192,7.3607,7.0,3.7447,False
2023-11,B,Banco,BIF,2.19,7.1,7.32,7.25,6.34,6.59,7.1,3.86,2023-11-30,3.5700000000000003,14.174644425533616,31/10/2023,7.4069,6.8144,7.5192,7.3607,7.0,3.7447,False
2023-11,B,Banco,Bancom,1.32,1.42,6.86,7.01,4.85,2.79,4.19,5.71,2023-11-30,5.38,12.461905697220656,31/10/2023,7.4069,6.8144,7.5192,7.3607,7.0,3.7447,False
2023-11,B,Banco,Bank of China,,,,,,,,,2023-11-30,0.0,57.51820337549491,31/10/2023,7.4069,6.8144,7.5192,7.3607,7.0,3.7447,False
2023-11,B,Banco,Citibank,0.01,4.27,4.75,,,,4.34,,2023-11-30,0.0,24.39865878627196,31/10/2023,7.4069,6.8144,7.5192,7.3607,7.0,3.7447,False
2023-11,B,Banco,Crédito,0.03,6.94,7.03,6.99,6.37,5.71,6.92,2.2,2023-11-30,4.38,17.168714420761717,31/10/2023,7.4069,6.8144,7.5192,7.3607,7.0,3.7447,False
2023-11,B,Banco,Falabella,2.74,7.1,7.01,7.15,6.76,7.68,7.09,5.14,2023-11-30,6.92,18.491451155382205,31/10/2023,7.4069,6.8144,7.5192,7.3607,7.0,3.7447,False
2023-11,B,Banco,GNB,4.0,7.47,7.51,7.68,7.6,7.34,7.52,3.75,2023-11-30,3.24,16.210627872191246,31/10/2023,7.4069,6.8144,7.5192,7.3607,7.0,3.7447,False
2023-11,B,Banco,ICBC,,6.76,,,,,6.76,,2023-11-30,0.0,38.08754390544867,31/10/2023,7.4069,6.8144,7.5192,7.3607,7.0,3.7447,False
2023-11,B,Banco,Interbank,0.09,7.13,7.14,6.17,6.66,5.22,7.09,2.51,2023-11-30,3.5700000000000003,15.154135764059015,31/10/2023,7.4069,6.8144,7.5192,7.3607,7.0,3.7447,False
2023-11,B,Banco,Mibanco,0.62,7.33,7.09,7.41,5.4,2.68,7.07,5.87,2023-11-30,6.4,19.915093632401053,31/10/2023,7.4069,6.8144,7.5192,7.3607,7.0,3.7447,False
2023-11,B,Banco,Pichincha,4.08,6.66,7.27,6.9,7.3,6.36,7.08,5.08,2023-11-30,6.45,12.724153262653171,31/10/2023,7.4069,6.8144,7.5192,7.3607,7.0,3.7447,False
2023-11,B,Banco,Ripley,0.29,,,4.75,8.11,7.95,7.99,6.5,2023-11-30,5.07,16.999016866263,31/10/2023,7.4069,6.8144,7.5192,7.3607,7.0,3.7447,False
2023-11,B,Banco,Santander,,6.79,7.2,6.77,6.88,6.5,6.87,,2023-11-30,1.3,15.9456131301867,31/10/2023,7.4069,6.8144,7.5192,7.3607,7.0,3.7447,False
2023-11,B,Banco,Scotiabank,2.01,6.56,6.84,6.07,5.09,4.89,6.5,0.72,2023-11-30,4.3500000000000005,14.923559156920636,31/10/2023,7.4069,6.8144,7.5192,7.3607,7.0,3.7447,False
2023-11,C,Caja municipal,CMAC Arequipa,2.01,7.27,7.7,8.04,7.66,6.26,7.44,6.24,2023-11,4.54,14.42,mismo mes,7.4069,6.8144,7.5192,7.3607,7.0,3.7447,False
2023-11,C,Caja municipal,CMAC Cusco,0.44,7.1,7.24,7.68,7.4,3.65,7.35,5.29,2023-11,4.7,13.55,mismo mes,7.4069,6.8144,7.5192,7.3607,7.0,3.7447,False
2023-11,C,Caja municipal,CMAC Huancayo,1.41,2.0,6.89,3.18,5.9,6.71,6.5,7.02,2023-11,4.29,12.64,mismo mes,7.4069,6.8144,7.5192,7.3607,7.0,3.7447,False
2023-11,C,Caja municipal,CMAC Ica,1.29,,5.49,7.71,8.24,7.91,8.01,4.88,2023-11,5.87,14.16,mismo mes,7.4069,6.8144,7.5192,7.3607,7.0,3.7447,False
2023-11,C,Caja municipal,CMAC Maynas,3.38,,8.63,8.87,8.72,8.25,8.71,5.65,2023-11,7.04,15.93,mismo mes,7.4069,6.8144,7.5192,7.3607,7.0,3.7447,False
2023-11,C,Caja municipal,CMAC Paita,0.14,6.01,5.38,5.63,6.77,6.66,6.2,6.05,2023-11,10.71,14.36,mismo mes,7.4069,6.8144,7.5192,7.3607,7.0,3.7447,False
2023-11,C,Caja municipal,CMAC Piura,0.35,,2.39,8.22,8.55,4.01,8.4,7.5,2023-11,6.97,14.94,mismo mes,7.4069,6.8144,7.5192,7.3607,7.0,3.7447,False
2023-11,C,Caja municipal,CMAC Sullana,0.54,,6.25,9.35,5.03,8.31,8.76,6.24,2023-11,15.95,12.38,mismo mes,7.4069,6.8144,7.5192,7.3607,7.0,3.7447,False
2023-11,C,Caja municipal,CMAC Tacna,0.83,,7.31,3.97,3.92,8.17,6.92,4.96,2023-11,10.08,15.29,mismo mes,7.4069,6.8144,7.5192,7.3607,7.0,3.7447,False
2023-11,C,Caja municipal,CMAC Trujillo,0.3,7.07,6.4,5.18,6.87,4.4,6.47,5.83,2023-11,5.47,16.31,mismo mes,7.4069,6.8144,7.5192,7.3607,7.0,3.7447,False
2023-11,C,Caja municipal,CMAC del Santa,0.6,,1.16,7.72,8.45,3.81,6.29,6.5,2023-11,7.87,12.41,mismo mes,7.4069,6.8144,7.5192,7.3607,7.0,3.7447,False
2023-11,C,Caja municipal,CMCP Lima,0.91,2.75,5.29,8.92,8.6,8.59,8.63,6.52,2023-11,5.75,13.37,mismo mes,7.4069,6.8144,7.5192,7.3607,7.0,3.7447,False
2023-11,F,Financiera,Compartamos,0.71,7.58,7.8,7.45,7.14,6.85,7.48,5.69,2023-11-30,6.64,20.16,31/10/2023,7.4069,6.8144,7.5192,7.3607,7.0,3.7447,False
2023-11,F,Financiera,Confianza,0.85,7.18,7.8,8.29,8.28,8.5,8.26,6.39,2023-11-30,5.63,17.78,31/10/2023,7.4069,6.8144,7.5192,7.3607,7.0,3.7447,False
2023-11,F,Financiera,Credinka,3.23,,7.12,7.57,8.09,7.37,7.67,6.26,2023-11-30,13.53,10.4,31/10/2023,7.4069,6.8144,7.5192,7.3607,7.0,3.7447,False
2023-11,F,Financiera,Crediscotia,1.35,7.64,7.51,7.33,6.07,3.51,7.48,5.69,2023-11-30,5.94,25.23349279579481,31/10/2023,7.4069,6.8144,7.5192,7.3607,7.0,3.7447,False
2023-11,F,Financiera,Efectiva,7.0,2.0,7.9,8.0,8.61,7.74,8.32,,2023-11-30,4.43,24.19,31/10/2023,7.4069,6.8144,7.5192,7.3607,7.0,3.7447,False
2023-11,F,Financiera,Mitsui,,,,,,,,,2023-11-30,5.44,15.85,31/10/2023,7.4069,6.8144,7.5192,7.3607,7.0,3.7447,False
2023-11,F,Financiera,Oh!,7.0,7.76,5.95,7.94,8.11,8.07,7.96,6.5,2023-11-30,8.81,13.05,31/10/2023,7.4069,6.8144,7.5192,7.3607,7.0,3.7447,False
2023-11,F,Financiera,Proempresa,0.93,,6.89,4.86,7.4,8.83,8.78,6.9,2023-11-30,10.35,10.46,31/10/2023,7.4069,6.8144,7.5192,7.3607,7.0,3.7447,False
2023-11,F,Financiera,Qapaq,5.52,5.75,4.73,7.76,8.23,7.48,7.89,5.79,2023-11-30,9.61,9.07,31/10/2023,7.4069,6.8144,7.5192,7.3607,7.0,3.7447,False
2023-12,B,Banco,Alfin,0.7,1.0,3.17,4.41,6.08,5.26,5.6,,2023-12-29,3.14,10.927363868630591,30/11/2023,7.1211,6.6106,7.3369,7.3211,6.75,3.5484,False
2023-12,B,Banco,BBVA,0.18,6.36,6.02,5.35,5.56,5.52,6.21,1.21,2023-12-29,4.71,15.584538476895736,30/11/2023,7.1211,6.6106,7.3369,7.3211,6.75,3.5484,False
2023-12,B,Banco,BCI,,6.97,6.98,6.6,6.51,,6.96,,2023-12-29,1.84,47.86957658557112,30/11/2023,7.1211,6.6106,7.3369,7.3211,6.75,3.5484,False
2023-12,B,Banco,BIF,2.64,6.99,6.97,7.17,6.14,6.24,6.98,3.18,2023-12-29,3.51,14.522858823862638,30/11/2023,7.1211,6.6106,7.3369,7.3211,6.75,3.5484,False
2023-12,B,Banco,Bancom,1.35,0.9,5.97,5.19,3.94,2.43,3.41,7.91,2023-12-29,4.08,12.487389770711053,30/11/2023,7.1211,6.6106,7.3369,7.3211,6.75,3.5484,False
2023-12,B,Banco,Bank of China,,,,,,,,,2023-12-29,0.0,56.66214590456606,30/11/2023,7.1211,6.6106,7.3369,7.3211,6.75,3.5484,False
2023-12,B,Banco,Citibank,0.11,4.08,5.37,,,,4.49,,2023-12-29,0.0,24.61481177858533,30/11/2023,7.1211,6.6106,7.3369,7.3211,6.75,3.5484,False
2023-12,B,Banco,Crédito,0.03,6.65,6.79,6.46,5.82,6.15,6.65,1.75,2023-12-29,4.21,17.537329347810772,30/11/2023,7.1211,6.6106,7.3369,7.3211,6.75,3.5484,False
2023-12,B,Banco,Falabella,2.74,6.98,6.68,3.06,6.31,7.29,6.97,5.14,2023-12-29,7.03,18.569414110589022,30/11/2023,7.1211,6.6106,7.3369,7.3211,6.75,3.5484,False
2023-12,B,Banco,GNB,3.92,7.21,7.28,7.26,7.06,6.85,7.15,4.15,2023-12-29,3.42,15.314387621247526,30/11/2023,7.1211,6.6106,7.3369,7.3211,6.75,3.5484,False
2023-12,B,Banco,ICBC,,6.52,7.13,,6.87,,6.62,,2023-12-29,0.0,39.23964413009863,30/11/2023,7.1211,6.6106,7.3369,7.3211,6.75,3.5484,False
2023-12,B,Banco,Interbank,0.14,6.89,6.88,6.16,6.52,5.58,6.86,2.52,2023-12-29,3.54,15.270703619851597,30/11/2023,7.1211,6.6106,7.3369,7.3211,6.75,3.5484,False
2023-12,B,Banco,Mibanco,0.74,6.99,6.89,6.92,5.18,2.26,6.69,4.43,2023-12-29,6.3500000000000005,20.17495745757942,30/11/2023,7.1211,6.6106,7.3369,7.3211,6.75,3.5484,False
2023-12,B,Banco,Pichincha,4.05,6.33,7.09,6.9,6.87,5.98,6.71,5.19,2023-12-29,6.55,12.52913336800403,30/11/2023,7.1211,6.6106,7.3369,7.3211,6.75,3.5484,False
2023-12,B,Banco,Ripley,0.11,,,7.52,7.87,7.78,7.3,6.5,2023-12-29,5.76,16.361634604617763,30/11/2023,7.1211,6.6106,7.3369,7.3211,6.75,3.5484,False
2023-12,B,Banco,Santander,,6.8,6.83,6.64,6.6,6.21,6.78,,2023-12-29,1.48,17.081087286643765,30/11/2023,7.1211,6.6106,7.3369,7.3211,6.75,3.5484,False
2023-12,B,Banco,Scotiabank,1.75,6.34,6.3,4.9,4.42,3.58,6.25,0.46,2023-12-29,4.5200000000000005,14.997215706866676,30/11/2023,7.1211,6.6106,7.3369,7.3211,6.75,3.5484,False
2023-12,C,Caja municipal,CMAC Arequipa,2.18,7.16,7.47,7.62,7.23,5.54,7.23,6.29,2023-12,4.58,14.37,mismo mes,7.1211,6.6106,7.3369,7.3211,6.75,3.5484,False
2023-12,C,Caja municipal,CMAC Cusco,0.54,1.2,6.81,7.11,6.36,6.1,6.62,5.04,2023-12,4.08,13.48,mismo mes,7.1211,6.6106,7.3369,7.3211,6.75,3.5484,False
2023-12,C,Caja municipal,CMAC Huancayo,1.34,2.1,6.3,2.75,6.17,6.65,6.43,7.0,2023-12,3.85,12.56,mismo mes,7.1211,6.6106,7.3369,7.3211,6.75,3.5484,False
2023-12,C,Caja municipal,CMAC Ica,1.37,,5.48,8.13,8.13,7.55,7.96,5.21,2023-12,5.06,14.99,mismo mes,7.1211,6.6106,7.3369,7.3211,6.75,3.5484,False
2023-12,C,Caja municipal,CMAC Maynas,3.92,,1.22,7.95,8.81,8.17,8.61,5.07,2023-12,6.78,14.99,mismo mes,7.1211,6.6106,7.3369,7.3211,6.75,3.5484,False
2023-12,C,Caja municipal,CMAC Paita,0.27,8.0,8.5,7.33,6.03,6.94,7.27,6.18,2023-12,7.23,14.84,mismo mes,7.1211,6.6106,7.3369,7.3211,6.75,3.5484,False
2023-12,C,Caja municipal,CMAC Piura,0.35,,3.28,8.29,8.64,3.92,8.5,7.5,2023-12,7.28,14.43,mismo mes,7.1211,6.6106,7.3369,7.3211,6.75,3.5484,False
2023-12,C,Caja municipal,CMAC Sullana,0.54,,3.26,9.43,7.58,8.4,8.97,6.86,2023-12,16.63,11.5,mismo mes,7.1211,6.6106,7.3369,7.3211,6.75,3.5484,False
2023-12,C,Caja municipal,CMAC Tacna,0.86,,6.25,3.54,3.48,7.97,6.86,5.9,2023-12,8.95,15.12,mismo mes,7.1211,6.6106,7.3369,7.3211,6.75,3.5484,False
2023-12,C,Caja municipal,CMAC Trujillo,0.32,7.13,6.04,4.82,6.29,4.84,5.97,5.75,2023-12,5.61,16.55,mismo mes,7.1211,6.6106,7.3369,7.3211,6.75,3.5484,False
2023-12,C,Caja municipal,CMAC del Santa,0.6,,1.31,8.42,8.19,3.82,6.92,6.5,2023-12,7.66,12.51,mismo mes,7.1211,6.6106,7.3369,7.3211,6.75,3.5484,False
2023-12,C,Caja municipal,CMCP Lima,0.94,,2.75,8.22,8.05,8.21,8.14,6.4,2023-12,4.44,12.95,mismo mes,7.1211,6.6106,7.3369,7.3211,6.75,3.5484,False
2023-12,F,Financiera,Compartamos,0.63,7.47,7.29,7.17,7.13,6.47,7.34,5.57,2023-12-29,6.8,20.22,30/11/2023,7.1211,6.6106,7.3369,7.3211,6.75,3.5484,False
2023-12,F,Financiera,Confianza,0.84,6.78,7.13,8.35,8.3,7.86,7.97,6.08,2023-12-29,5.32,17.79,30/11/2023,7.1211,6.6106,7.3369,7.3211,6.75,3.5484,False
2023-12,F,Financiera,Credinka,3.67,9.0,8.1,7.7,8.14,7.8,7.92,6.25,2023-12-29,14.17,9.84,30/11/2023,7.1211,6.6106,7.3369,7.3211,6.75,3.5484,False
2023-12,F,Financiera,Crediscotia,0.24,7.39,7.21,6.96,6.12,3.68,7.17,5.69,2023-12-29,6.29,25.162912327014546,30/11/2023,7.1211,6.6106,7.3369,7.3211,6.75,3.5484,False
2023-12,F,Financiera,Efectiva,7.0,2.0,7.9,8.0,8.5,7.92,8.26,,2023-12-29,4.25,24.88,30/11/2023,7.1211,6.6106,7.3369,7.3211,6.75,3.5484,False
2023-12,F,Financiera,Mitsui,,,,,,,,,2023-12-29,5.35,15.53,30/11/2023,7.1211,6.6106,7.3369,7.3211,6.75,3.5484,False
2023-12,F,Financiera,Oh!,7.0,1.85,6.75,7.98,7.95,7.69,7.94,6.5,2023-12-29,9.83,12.72,30/11/2023,7.1211,6.6106,7.3369,7.3211,6.75,3.5484,False
2023-12,F,Financiera,Proempresa,0.94,,1.01,1.77,7.99,8.73,8.68,6.9,2023-12-29,9.82,10.65,30/11/2023,7.1211,6.6106,7.3369,7.3211,6.75,3.5484,False
2023-12,F,Financiera,Qapaq,6.29,,4.8,7.94,8.26,7.39,7.99,5.79,2023-12-29,8.93,8.700000000000001,30/11/2023,7.1211,6.6106,7.3369,7.3211,6.75,3.5484,False
2024-01,B,Banco,Alfin,1.27,0.91,3.43,5.28,5.2,4.34,4.83,,2024-01-31,3.3200000000000003,12.553470665863117,31/12/2023,6.7572,6.22,7.1561,7.2249,6.5,3.4516,False
2024-01,B,Banco,BBVA,0.35,6.06,6.16,5.13,4.81,5.33,5.95,1.4,2024-01-31,4.89,15.587582546550346,31/12/2023,6.7572,6.22,7.1561,7.2249,6.5,3.4516,False
2024-01,B,Banco,BCI,,6.55,6.8,6.2,6.04,5.95,6.52,,2024-01-31,1.93,40.23270634482503,31/12/2023,6.7572,6.22,7.1561,7.2249,6.5,3.4516,False
2024-01,B,Banco,BIF,3.17,6.69,6.66,6.5,5.8,4.39,6.65,2.81,2024-01-31,3.67,14.65588392286598,31/12/2023,6.7572,6.22,7.1561,7.2249,6.5,3.4516,False
2024-01,B,Banco,Bancom,1.35,0.83,4.81,2.37,4.6,4.29,3.88,,2024-01-31,4.4,12.98970220491596,31/12/2023,6.7572,6.22,7.1561,7.2249,6.5,3.4516,False
2024-01,B,Banco,Bank of China,,,,,,,,,2024-01-31,0.0,51.66273364816566,31/12/2023,6.7572,6.22,7.1561,7.2249,6.5,3.4516,False
2024-01,B,Banco,Citibank,0.01,4.24,5.0,,,,4.27,,2024-01-31,0.0,27.46068905275822,31/12/2023,6.7572,6.22,7.1561,7.2249,6.5,3.4516,False
2024-01,B,Banco,Crédito,0.03,6.09,6.5,6.0,5.52,5.76,6.1,1.63,2024-01-31,4.34,17.457663793169704,31/12/2023,6.7572,6.22,7.1561,7.2249,6.5,3.4516,False
2024-01,B,Banco,Falabella,2.74,6.57,6.69,0.48,4.8,6.36,6.55,5.14,2024-01-31,6.54,18.38111500047688,31/12/2023,6.7572,6.22,7.1561,7.2249,6.5,3.4516,False
2024-01,B,Banco,GNB,3.7,6.89,6.76,6.84,6.65,6.75,6.78,3.75,2024-01-31,3.31,15.419892898331042,31/12/2023,6.7572,6.22,7.1561,7.2249,6.5,3.4516,False
2024-01,B,Banco,ICBC,,6.06,6.69,,5.0,,6.04,,2024-01-31,0.0,39.81580410179603,31/12/2023,6.7572,6.22,7.1561,7.2249,6.5,3.4516,False
2024-01,B,Banco,Interbank,0.16,6.38,6.56,5.74,5.86,5.43,6.38,2.44,2024-01-31,3.71,15.452405021826715,31/12/2023,6.7572,6.22,7.1561,7.2249,6.5,3.4516,False
2024-01,B,Banco,Mibanco,0.84,6.67,6.54,5.75,4.99,2.71,6.36,4.21,2024-01-31,6.3100000000000005,20.606360502646304,31/12/2023,6.7572,6.22,7.1561,7.2249,6.5,3.4516,False
2024-01,B,Banco,Pichincha,4.21,6.12,6.82,6.49,6.23,1.75,6.49,5.96,2024-01-31,6.63,12.464886032231702,31/12/2023,6.7572,6.22,7.1561,7.2249,6.5,3.4516,False
2024-01,B,Banco,Ripley,0.09,,,7.21,7.34,6.94,7.12,6.5,2024-01-31,6.03,15.324519504524842,31/12/2023,6.7572,6.22,7.1561,7.2249,6.5,3.4516,False
2024-01,B,Banco,Santander,,6.48,6.7,6.35,6.32,6.03,6.48,,2024-01-31,1.39,17.43642543091274,31/12/2023,6.7572,6.22,7.1561,7.2249,6.5,3.4516,False
2024-01,B,Banco,Scotiabank,1.27,6.1,6.17,4.9,5.15,4.48,6.02,1.54,2024-01-31,4.54,14.94752172954044,31/12/2023,6.7572,6.22,7.1561,7.2249,6.5,3.4516,False
2024-01,C,Caja municipal,CMAC Arequipa,2.28,6.78,6.92,6.58,6.82,6.31,6.77,6.55,2024-01,4.76,14.29,mismo mes,6.7572,6.22,7.1561,7.2249,6.5,3.4516,False
2024-01,C,Caja municipal,CMAC Cusco,0.42,1.28,6.65,6.17,5.57,5.26,6.04,4.87,2024-01,4.52,13.76,mismo mes,6.7572,6.22,7.1561,7.2249,6.5,3.4516,False
2024-01,C,Caja municipal,CMAC Huancayo,1.49,2.05,6.0,2.83,6.12,6.96,6.69,7.0,2024-01,4.52,12.61,mismo mes,6.7572,6.22,7.1561,7.2249,6.5,3.4516,False
2024-01,C,Caja municipal,CMAC Ica,1.27,2.5,5.48,8.0,8.09,7.74,7.81,5.33,2024-01,5.58,15.11,mismo mes,6.7572,6.22,7.1561,7.2249,6.5,3.4516,False
2024-01,C,Caja municipal,CMAC Maynas,0.91,,7.76,7.14,7.96,7.42,7.78,6.09,2024-01,7.04,15.19,mismo mes,6.7572,6.22,7.1561,7.2249,6.5,3.4516,False
2024-01,C,Caja municipal,CMAC Paita,0.17,,8.1,7.25,6.71,6.7,6.99,6.02,2024-01,8.02,14.9,mismo mes,6.7572,6.22,7.1561,7.2249,6.5,3.4516,False
2024-01,C,Caja municipal,CMAC Piura,0.35,,5.44,7.84,8.18,4.15,8.05,7.5,2024-01,7.42,14.89,mismo mes,6.7572,6.22,7.1561,7.2249,6.5,3.4516,False
2024-01,C,Caja municipal,CMAC Sullana,0.51,,7.9,6.22,4.47,8.03,7.94,6.59,2024-01,17.74,11.28,mismo mes,6.7572,6.22,7.1561,7.2249,6.5,3.4516,False
2024-01,C,Caja municipal,CMAC Tacna,0.84,,7.42,3.53,5.07,7.17,6.28,4.72,2024-01,9.59,14.81,mismo mes,6.7572,6.22,7.1561,7.2249,6.5,3.4516,False
2024-01,C,Caja municipal,CMAC Trujillo,0.32,,6.04,4.32,5.52,4.27,5.45,5.83,2024-01,6.16,16.63,mismo mes,6.7572,6.22,7.1561,7.2249,6.5,3.4516,False
2024-01,C,Caja municipal,CMAC del Santa,0.6,,1.27,3.98,6.82,3.98,5.15,6.5,2024-01,8.25,12.43,mismo mes,6.7572,6.22,7.1561,7.2249,6.5,3.4516,False
2024-01,C,Caja municipal,CMCP Lima,0.8,,2.75,7.08,7.42,7.46,7.33,6.42,2024-01,4.74,13.12,mismo mes,6.7572,6.22,7.1561,7.2249,6.5,3.4516,False
2024-01,F,Financiera,Compartamos,0.84,7.0,6.89,7.2,6.87,6.43,6.97,6.5,2024-01-31,7.39,20.09,31/12/2023,6.7572,6.22,7.1561,7.2249,6.5,3.4516,False
2024-01,F,Financiera,Confianza,0.82,6.53,6.76,8.0,8.1,7.09,7.43,5.88,2024-01-31,6.77,17.63,31/12/2023,6.7572,6.22,7.1561,7.2249,6.5,3.4516,False
2024-01,F,Financiera,Credinka,3.83,9.0,6.64,7.42,7.24,7.08,7.24,6.25,2024-01-31,15.36,9.18,31/12/2023,6.7572,6.22,7.1561,7.2249,6.5,3.4516,False
2024-01,F,Financiera,Crediscotia,0.17,6.92,6.8,6.78,5.64,3.68,6.75,5.53,2024-01-31,6.5,25.022926169289235,31/12/2023,6.7572,6.22,7.1561,7.2249,6.5,3.4516,False
2024-01,F,Financiera,Efectiva,7.0,2.0,7.36,7.96,8.2,7.79,8.04,,2024-01-31,4.69,24.46,31/12/2023,6.7572,6.22,7.1561,7.2249,6.5,3.4516,False
2024-01,F,Financiera,Mitsui,,,,,,,,,2024-01-31,5.68,15.83,31/12/2023,6.7572,6.22,7.1561,7.2249,6.5,3.4516,False
2024-01,F,Financiera,Oh!,7.0,1.85,6.65,7.93,7.92,7.59,7.88,6.5,2024-01-31,9.84,13.48,31/12/2023,6.7572,6.22,7.1561,7.2249,6.5,3.4516,False
2024-01,F,Financiera,Proempresa,0.92,,1.19,1.49,5.19,8.35,8.25,6.9,2024-01-31,10.2,10.82,31/12/2023,6.7572,6.22,7.1561,7.2249,6.5,3.4516,False
2024-01,F,Financiera,Qapaq,6.33,,5.15,7.44,7.71,7.26,7.46,5.79,2024-01-31,8.93,12.08,31/12/2023,6.7572,6.22,7.1561,7.2249,6.5,3.4516,False
2024-02,B,Banco,Alfin,0.36,0.89,7.48,7.6,5.86,6.2,6.12,,2024-02-29,4.16,12.553470665863117,31/12/2023,6.4061,5.8555,6.9375,7.054,6.25,3.3383,False
2024-02,B,Banco,BBVA,1.72,5.18,5.22,4.95,5.34,5.03,5.16,1.4,2024-02-29,4.93,15.587582546550346,31/12/2023,6.4061,5.8555,6.9375,7.054,6.25,3.3383,False
2024-02,B,Banco,BCI,,5.9,5.6,5.97,5.89,5.52,5.9,,2024-02-29,1.96,40.23270634482503,31/12/2023,6.4061,5.8555,6.9375,7.054,6.25,3.3383,False
2024-02,B,Banco,BIF,3.18,6.03,6.23,6.21,5.5,5.29,6.03,2.77,2024-02-29,3.96,14.65588392286598,31/12/2023,6.4061,5.8555,6.9375,7.054,6.25,3.3383,False
2024-02,B,Banco,Bancom,1.42,1.03,3.83,2.91,4.25,4.4,3.87,5.5,2024-02-29,4.64,12.98970220491596,31/12/2023,6.4061,5.8555,6.9375,7.054,6.25,3.3383,False
2024-02,B,Banco,Bank of China,,6.3,5.42,,,,5.73,,2024-02-29,0.0,51.66273364816566,31/12/2023,6.4061,5.8555,6.9375,7.054,6.25,3.3383,False
2024-02,B,Banco,Citibank,0.01,4.48,4.01,,,,4.47,,2024-02-29,0.0,27.46068905275822,31/12/2023,6.4061,5.8555,6.9375,7.054,6.25,3.3383,False
2024-02,B,Banco,Crédito,0.03,5.85,6.08,5.59,5.08,5.07,5.85,3.37,2024-02-29,4.23,17.457663793169704,31/12/2023,6.4061,5.8555,6.9375,7.054,6.25,3.3383,False
2024-02,B,Banco,Falabella,2.74,6.15,6.15,0.62,4.39,5.86,6.11,5.14,2024-02-29,6.26,18.38111500047688,31/12/2023,6.4061,5.8555,6.9375,7.054,6.25,3.3383,False
2024-02,B,Banco,GNB,3.81,6.2,6.36,6.22,6.29,5.98,6.24,,2024-02-29,3.41,15.419892898331042,31/12/2023,6.4061,5.8555,6.9375,7.054,6.25,3.3383,False
2024-02,B,Banco,ICBC,,5.95,6.49,6.45,5.0,,5.98,,2024-02-29,0.23,39.81580410179603,31/12/2023,6.4061,5.8555,6.9375,7.054,6.25,3.3383,False
2024-02,B,Banco,Interbank,0.12,6.01,6.15,5.41,4.94,5.12,6.0,2.5,2024-02-29,3.68,15.452405021826715,31/12/2023,6.4061,5.8555,6.9375,7.054,6.25,3.3383,False
2024-02,B,Banco,Mibanco,0.82,6.41,6.18,5.44,5.38,2.47,6.15,5.82,2024-02-29,6.43,20.606360502646304,31/12/2023,6.4061,5.8555,6.9375,7.054,6.25,3.3383,False
2024-02,B,Banco,Pichincha,4.2,5.52,6.48,6.41,5.81,0.39,6.16,5.28,2024-02-29,6.75,12.464886032231702,31/12/2023,6.4061,5.8555,6.9375,7.054,6.25,3.3383,False
2024-02,B,Banco,Ripley,0.14,,5.99,6.98,6.55,5.17,6.19,6.5,2024-02-29,5.64,15.324519504524842,31/12/2023,6.4061,5.8555,6.9375,7.054,6.25,3.3383,False
2024-02,B,Banco,Santander,0.01,5.98,6.3,5.97,6.22,5.97,6.02,,2024-02-29,1.42,17.43642543091274,31/12/2023,6.4061,5.8555,6.9375,7.054,6.25,3.3383,False
2024-02,B,Banco,Scotiabank,1.34,5.35,5.93,4.54,4.24,5.01,5.35,3.64,2024-02-29,4.64,14.94752172954044,31/12/2023,6.4061,5.8555,6.9375,7.054,6.25,3.3383,False
2024-02,C,Caja municipal,CMAC Arequipa,2.65,6.39,6.77,6.7,6.64,3.27,6.5,6.01,2024-02,4.89,13.95,mismo mes,6.4061,5.8555,6.9375,7.054,6.25,3.3383,False
2024-02,C,Caja municipal,CMAC Cusco,0.4,6.41,5.89,5.0,5.07,4.24,5.37,4.71,2024-02,4.74,13.53,mismo mes,6.4061,5.8555,6.9375,7.054,6.25,3.3383,False
2024-02,C,Caja municipal,CMAC Huancayo,3.0,5.63,5.74,5.71,6.52,4.24,5.86,7.0,2024-02,4.82,12.54,mismo mes,6.4061,5.8555,6.9375,7.054,6.25,3.3383,False
2024-02,C,Caja municipal,CMAC Ica,1.28,,5.22,7.67,7.6,6.73,7.51,4.76,2024-02,5.64,15.0,mismo mes,6.4061,5.8555,6.9375,7.054,6.25,3.3383,False
2024-02,C,Caja municipal,CMAC Maynas,0.91,,7.18,7.55,8.0,7.07,7.75,5.03,2024-02,7.2,15.64,mismo mes,6.4061,5.8555,6.9375,7.054,6.25,3.3383,False
2024-02,C,Caja municipal,CMAC Paita,0.15,,7.84,4.95,8.23,6.15,6.62,6.02,2024-02,8.32,14.9,mismo mes,6.4061,5.8555,6.9375,7.054,6.25,3.3383,False
2024-02,C,Caja municipal,CMAC Piura,0.35,,1.79,7.87,8.17,4.63,8.04,7.51,2024-02,7.56,14.82,mismo mes,6.4061,5.8555,6.9375,7.054,6.25,3.3383,False
2024-02,C,Caja municipal,CMAC Sullana,0.5,,4.02,4.2,4.83,8.1,7.99,6.83,2024-02,18.65,10.99,mismo mes,6.4061,5.8555,6.9375,7.054,6.25,3.3383,False
2024-02,C,Caja municipal,CMAC Tacna,0.83,,2.27,5.63,4.39,7.82,7.18,5.57,2024-02,10.07,14.59,mismo mes,6.4061,5.8555,6.9375,7.054,6.25,3.3383,False
2024-02,C,Caja municipal,CMAC Trujillo,0.32,6.17,5.63,4.8,5.53,4.1,5.49,5.9,2024-02,6.66,16.99,mismo mes,6.4061,5.8555,6.9375,7.054,6.25,3.3383,False
2024-02,C,Caja municipal,CMAC del Santa,0.6,,1.04,2.33,6.66,4.11,4.92,,2024-02,8.87,12.36,mismo mes,6.4061,5.8555,6.9375,7.054,6.25,3.3383,False
2024-02,C,Caja municipal,CMCP Lima,0.76,,2.75,7.1,6.95,6.96,6.98,6.45,2024-02,4.82,12.98,mismo mes,6.4061,5.8555,6.9375,7.054,6.25,3.3383,False
2024-02,F,Financiera,Compartamos,1.03,6.56,6.35,6.44,6.83,6.42,6.55,6.41,2024-02-29,8.08,20.09,31/12/2023,6.4061,5.8555,6.9375,7.054,6.25,3.3383,False
2024-02,F,Financiera,Confianza,0.87,6.28,6.97,7.69,7.78,6.82,7.21,5.84,2024-02-29,8.04,17.63,31/12/2023,6.4061,5.8555,6.9375,7.054,6.25,3.3383,False
2024-02,F,Financiera,Credinka,4.01,1.0,6.06,7.01,7.1,7.09,7.01,6.25,2024-02-29,16.68,9.18,31/12/2023,6.4061,5.8555,6.9375,7.054,6.25,3.3383,False
2024-02,F,Financiera,Crediscotia,0.08,6.57,6.48,6.17,5.72,3.33,6.39,,2024-02-29,6.18,25.022926169289235,31/12/2023,6.4061,5.8555,6.9375,7.054,6.25,3.3383,False
2024-02,F,Financiera,Efectiva,7.0,2.0,7.34,7.69,7.63,7.41,7.53,,2024-02-29,5.29,24.46,31/12/2023,6.4061,5.8555,6.9375,7.054,6.25,3.3383,False
2024-02,F,Financiera,Mitsui,,,,,,,,,2024-02-29,5.8,15.83,31/12/2023,6.4061,5.8555,6.9375,7.054,6.25,3.3383,False
2024-02,F,Financiera,Oh!,7.0,1.85,7.07,7.44,7.51,6.96,7.39,6.5,2024-02-29,10.15,13.48,31/12/2023,6.4061,5.8555,6.9375,7.054,6.25,3.3383,False
2024-02,F,Financiera,Proempresa,0.92,,1.01,1.55,4.96,7.76,7.7,6.9,2024-02-29,10.64,10.82,31/12/2023,6.4061,5.8555,6.9375,7.054,6.25,3.3383,False
2024-02,F,Financiera,Qapaq,5.94,,4.96,6.75,6.83,6.81,6.8,5.79,2024-02-29,9.68,12.08,31/12/2023,6.4061,5.8555,6.9375,7.054,6.25,3.3383,False
2024-03,B,Banco,Alfin,0.34,1.0,7.14,7.57,6.37,7.07,6.7,,2024-03-27,4.66,13.486734838928555,29/02/2024,6.0409,5.5265,6.6691,6.8987,6.25,3.2448,False
2024-03,B,Banco,BBVA,0.61,5.35,4.64,5.08,5.06,4.69,5.22,1.36,2024-03-27,4.65,16.04185245621433,29/02/2024,6.0409,5.5265,6.6691,6.8987,6.25,3.2448,False
2024-03,B,Banco,BCI,,5.63,5.6,,4.95,5.4,5.62,,2024-03-27,1.75,36.40721912849866,29/02/2024,6.0409,5.5265,6.6691,6.8987,6.25,3.2448,False
2024-03,B,Banco,BIF,2.88,5.73,5.88,5.95,5.85,4.72,5.74,2.78,2024-03-27,4.02,14.489824963191907,29/02/2024,6.0409,5.5265,6.6691,6.8987,6.25,3.2448,False
2024-03,B,Banco,Bancom,1.38,0.68,3.57,4.96,4.03,3.8,3.74,5.5,2024-03-27,4.17,13.228238068937753,29/02/2024,6.0409,5.5265,6.6691,6.8987,6.25,3.2448,False
2024-03,B,Banco,Bank of China,,6.02,,,,,6.02,,2024-03-27,0.0,55.29978878897634,29/02/2024,6.0409,5.5265,6.6691,6.8987,6.25,3.2448,False
2024-03,B,Banco,Citibank,0.22,3.92,4.75,,,,3.96,,2024-03-27,0.0,25.645113950208696,29/02/2024,6.0409,5.5265,6.6691,6.8987,6.25,3.2448,False
2024-03,B,Banco,Crédito,0.03,5.32,5.83,4.72,4.63,4.54,5.34,3.89,2024-03-27,4.37,18.278196354355785,29/02/2024,6.0409,5.5265,6.6691,6.8987,6.25,3.2448,False
2024-03,B,Banco,Falabella,2.74,5.84,6.05,0.5,4.16,5.87,5.82,5.14,2024-03-27,5.98,18.8756529918444,29/02/2024,6.0409,5.5265,6.6691,6.8987,6.25,3.2448,False
2024-03,B,Banco,GNB,3.51,6.04,6.2,6.01,6.09,5.75,6.06,,2024-03-27,3.34,15.143625291238347,29/02/2024,6.0409,5.5265,6.6691,6.8987,6.25,3.2448,False
2024-03,B,Banco,ICBC,,5.77,,,,,5.77,,2024-03-27,1.9,39.76749836635612,29/02/2024,6.0409,5.5265,6.6691,6.8987,6.25,3.2448,False
2024-03,B,Banco,Interbank,0.08,5.68,5.91,5.36,5.08,5.04,5.68,2.48,2024-03-27,3.69,16.410724264233348,29/02/2024,6.0409,5.5265,6.6691,6.8987,6.25,3.2448,False
2024-03,B,Banco,Mibanco,0.69,6.01,5.84,4.99,4.42,2.18,5.77,5.82,2024-03-27,6.73,21.167808145031664,29/02/2024,6.0409,5.5265,6.6691,6.8987,6.25,3.2448,False
2024-03,B,Banco,Pichincha,4.06,5.53,6.44,5.66,5.47,,5.94,5.18,2024-03-27,7.15,12.07315391674294,29/02/2024,6.0409,5.5265,6.6691,6.8987,6.25,3.2448,False
2024-03,B,Banco,Ripley,0.17,,4.75,4.75,4.98,4.65,5.18,6.5,2024-03-27,5.54,15.553774227851648,29/02/2024,6.0409,5.5265,6.6691,6.8987,6.25,3.2448,False
2024-03,B,Banco,Santander,0.01,5.71,5.96,5.67,5.13,4.95,5.72,,2024-03-27,1.54,18.038441053118248,29/02/2024,6.0409,5.5265,6.6691,6.8987,6.25,3.2448,False
2024-03,B,Banco,Scotiabank,1.35,5.4,5.22,4.44,4.36,4.65,5.31,1.91,2024-03-27,4.82,15.416412868885384,29/02/2024,6.0409,5.5265,6.6691,6.8987,6.25,3.2448,False
2024-03,C,Caja municipal,CMAC Arequipa,2.09,6.11,6.47,6.35,6.32,5.73,6.19,6.22,2024-03,5.08,14.48,mismo mes,6.0409,5.5265,6.6691,6.8987,6.25,3.2448,False
2024-03,C,Caja municipal,CMAC Cusco,0.57,1.2,6.18,4.47,5.27,4.43,5.54,5.05,2024-03,5.13,13.09,mismo mes,6.0409,5.5265,6.6691,6.8987,6.25,3.2448,False
2024-03,C,Caja municipal,CMAC Huancayo,2.98,2.54,1.92,4.02,6.59,4.25,5.53,7.0,2024-03,5.35,12.53,mismo mes,6.0409,5.5265,6.6691,6.8987,6.25,3.2448,False
2024-03,C,Caja municipal,CMAC Ica,1.31,,5.03,6.73,6.73,5.68,6.6,5.36,2024-03,5.77,14.84,mismo mes,6.0409,5.5265,6.6691,6.8987,6.25,3.2448,False
2024-03,C,Caja municipal,CMAC Maynas,3.82,,6.85,7.63,7.96,4.88,7.82,5.04,2024-03,8.67,15.68,mismo mes,6.0409,5.5265,6.6691,6.8987,6.25,3.2448,False
2024-03,C,Caja municipal,CMAC Paita,0.17,7.85,7.12,6.47,7.6,6.32,6.59,6.36,2024-03,9.13,14.8,mismo mes,6.0409,5.5265,6.6691,6.8987,6.25,3.2448,False
2024-03,C,Caja municipal,CMAC Piura,0.35,,1.73,6.37,7.49,7.27,7.36,7.5,2024-03,7.87,13.73,mismo mes,6.0409,5.5265,6.6691,6.8987,6.25,3.2448,False
2024-03,C,Caja municipal,CMAC Sullana,0.5,,2.88,7.17,6.94,7.7,7.56,6.69,2024-03,19.65,10.74,mismo mes,6.0409,5.5265,6.6691,6.8987,6.25,3.2448,False
2024-03,C,Caja municipal,CMAC Tacna,0.83,,6.01,2.64,4.4,7.92,7.37,4.76,2024-03,10.29,14.34,mismo mes,6.0409,5.5265,6.6691,6.8987,6.25,3.2448,False
2024-03,C,Caja municipal,CMAC Trujillo,0.31,6.42,5.55,5.25,5.66,4.19,5.57,5.86,2024-03,7.29,16.830000000000002,mismo mes,6.0409,5.5265,6.6691,6.8987,6.25,3.2448,False
2024-03,C,Caja municipal,CMAC del Santa,0.6,,1.3,6.32,2.82,6.54,6.43,6.5,2024-03,9.39,12.45,mismo mes,6.0409,5.5265,6.6691,6.8987,6.25,3.2448,False
2024-03,C,Caja municipal,CMCP Lima,0.8,2.75,,7.06,7.07,6.96,7.05,6.43,2024-03,5.02,13.03,mismo mes,6.0409,5.5265,6.6691,6.8987,6.25,3.2448,False
2024-03,F,Financiera,Compartamos,1.1,6.2,6.27,6.32,6.58,6.53,6.24,5.75,2024-03-27,8.21,20.54,29/02/2024,6.0409,5.5265,6.6691,6.8987,6.25,3.2448,False
2024-03,F,Financiera,Confianza,0.88,6.09,7.15,7.31,7.51,7.18,7.29,5.58,2024-03-27,8.21,18.35,29/02/2024,6.0409,5.5265,6.6691,6.8987,6.25,3.2448,False
2024-03,F,Financiera,Credinka,3.95,1.0,4.21,6.39,7.19,7.19,7.04,,2024-03-27,17.7,9.69,29/02/2024,6.0409,5.5265,6.6691,6.8987,6.25,3.2448,False
2024-03,F,Financiera,Crediscotia,0.77,5.91,6.08,5.39,5.06,3.31,5.69,,2024-03-27,6.13,22.81,29/02/2024,6.0409,5.5265,6.6691,6.8987,6.25,3.2448,False
2024-03,F,Financiera,Efectiva,7.0,2.0,7.31,7.42,7.53,7.2,7.41,,2024-03-27,4.8,25.23,29/02/2024,6.0409,5.5265,6.6691,6.8987,6.25,3.2448,False
2024-03,F,Financiera,Mitsui,,,,,,,,,2024-03-27,6.41,15.75,29/02/2024,6.0409,5.5265,6.6691,6.8987,6.25,3.2448,False
2024-03,F,Financiera,Oh!,7.0,1.85,6.67,6.98,6.63,6.93,6.82,6.5,2024-03-27,10.55,16.35,29/02/2024,6.0409,5.5265,6.6691,6.8987,6.25,3.2448,False
2024-03,F,Financiera,Proempresa,0.94,,1.01,1.78,4.87,7.79,7.68,6.9,2024-03-27,10.85,11.4,29/02/2024,6.0409,5.5265,6.6691,6.8987,6.25,3.2448,False
2024-03,F,Financiera,Qapaq,5.12,,4.92,6.24,6.16,6.35,6.25,,2024-03-27,9.83,12.32,29/02/2024,6.0409,5.5265,6.6691,6.8987,6.25,3.2448,False
2024-04,B,Banco,Alfin,0.37,1.0,6.58,6.96,6.36,6.77,6.54,,2024-04-30,5.29,13.044657904170718,31/03/2024,5.7829,5.5036,6.4486,6.7687,6.0,3.1577,False
2024-04,B,Banco,BBVA,0.85,4.95,4.46,5.1,4.35,4.29,4.87,2.16,2024-04-30,4.73,15.147961960282377,31/03/2024,5.7829,5.5036,6.4486,6.7687,6.0,3.1577,False
2024-04,B,Banco,BCI,,5.49,5.69,,4.9,,5.65,,2024-04-30,2.31,38.86890955264164,31/03/2024,5.7829,5.5036,6.4486,6.7687,6.0,3.1577,False
2024-04,B,Banco,BIF,2.91,5.74,5.79,5.75,5.77,5.08,5.74,2.81,2024-04-30,4.23,14.198154059322285,31/03/2024,5.7829,5.5036,6.4486,6.7687,6.0,3.1577,False
2024-04,B,Banco,Bancom,1.4,0.4,1.45,1.68,3.08,3.21,2.07,5.5,2024-04-30,4.04,13.325166056477434,31/03/2024,5.7829,5.5036,6.4486,6.7687,6.0,3.1577,False
2024-04,B,Banco,Bank of China,,5.9,,,,,5.9,,2024-04-30,0.0,53.173422717245735,31/03/2024,5.7829,5.5036,6.4486,6.7687,6.0,3.1577,False
2024-04,B,Banco,Citibank,0.01,3.14,,,,,3.14,,2024-04-30,0.0,25.908956056191894,31/03/2024,5.7829,5.5036,6.4486,6.7687,6.0,3.1577,False
2024-04,B,Banco,Crédito,0.03,5.27,5.7,4.94,4.76,4.52,5.28,1.81,2024-04-30,4.15,16.1214494123385,31/03/2024,5.7829,5.5036,6.4486,6.7687,6.0,3.1577,False
2024-04,B,Banco,Falabella,2.74,5.82,5.77,4.77,4.22,5.49,5.78,5.14,2024-04-30,6.18,17.970410337295487,31/03/2024,5.7829,5.5036,6.4486,6.7687,6.0,3.1577,False
2024-04,B,Banco,GNB,3.4,5.95,6.18,5.99,5.88,5.61,5.98,,2024-04-30,3.29,14.712435825713694,31/03/2024,5.7829,5.5036,6.4486,6.7687,6.0,3.1577,False
2024-04,B,Banco,ICBC,,5.71,,,,,5.71,,2024-04-30,1.72,41.48816455715472,31/03/2024,5.7829,5.5036,6.4486,6.7687,6.0,3.1577,False
2024-04,B,Banco,Interbank,0.08,5.84,5.97,5.25,5.23,5.14,5.84,2.49,2024-04-30,3.68,15.1142395742291,31/03/2024,5.7829,5.5036,6.4486,6.7687,6.0,3.1577,False
2024-04,B,Banco,Mibanco,0.77,5.93,5.61,5.2,3.68,3.28,5.64,4.07,2024-04-30,6.7,18.033367342212657,31/03/2024,5.7829,5.5036,6.4486,6.7687,6.0,3.1577,False
2024-04,B,Banco,Pichincha,4.09,5.62,6.46,5.61,5.43,5.0,6.02,4.89,2024-04-30,7.390000000000001,11.824889541654256,31/03/2024,5.7829,5.5036,6.4486,6.7687,6.0,3.1577,False
2024-04,B,Banco,Ripley,0.22,,1.0,6.18,5.83,4.64,5.08,6.5,2024-04-30,5.74,15.151474210166674,31/03/2024,5.7829,5.5036,6.4486,6.7687,6.0,3.1577,False
2024-04,B,Banco,Santander,0.01,5.53,5.42,5.6,5.45,5.05,5.52,,2024-04-30,3.94,16.81076610811943,31/03/2024,5.7829,5.5036,6.4486,6.7687,6.0,3.1577,False
2024-04,B,Banco,Scotiabank,1.46,5.5,5.34,4.35,3.9,4.19,5.44,1.29,2024-04-30,4.76,14.59346567272056,31/03/2024,5.7829,5.5036,6.4486,6.7687,6.0,3.1577,False
2024-04,C,Caja municipal,CMAC Arequipa,2.09,5.96,6.93,6.4,6.32,3.3,6.3,6.12,2024-04,5.2,14.48,mismo mes,5.7829,5.5036,6.4486,6.7687,6.0,3.1577,False
2024-04,C,Caja municipal,CMAC Cusco,0.44,1.26,5.75,5.13,5.5,5.39,5.49,4.94,2024-04,5.06,13.27,mismo mes,5.7829,5.5036,6.4486,6.7687,6.0,3.1577,False
2024-04,C,Caja municipal,CMAC Huancayo,3.41,5.11,2.4,4.33,6.73,4.27,5.92,7.0,2024-04,5.38,12.48,mismo mes,5.7829,5.5036,6.4486,6.7687,6.0,3.1577,False
2024-04,C,Caja municipal,CMAC Ica,1.31,,4.9,6.18,6.3,6.17,6.24,5.04,2024-04,5.66,15.03,mismo mes,5.7829,5.5036,6.4486,6.7687,6.0,3.1577,False
2024-04,C,Caja municipal,CMAC Maynas,5.19,5.0,7.52,7.14,7.69,6.64,7.52,5.33,2024-04,8.82,15.54,mismo mes,5.7829,5.5036,6.4486,6.7687,6.0,3.1577,False
2024-04,C,Caja municipal,CMAC Paita,0.13,,5.4,7.59,6.97,6.81,6.7,6.12,2024-04,9.26,15.06,mismo mes,5.7829,5.5036,6.4486,6.7687,6.0,3.1577,False
2024-04,C,Caja municipal,CMAC Piura,0.35,,1.68,3.37,7.27,6.29,7.1,7.5,2024-04,7.56,13.92,mismo mes,5.7829,5.5036,6.4486,6.7687,6.0,3.1577,False
2024-04,C,Caja municipal,CMAC Sullana,0.49,,7.93,7.11,7.12,7.72,7.63,6.56,2024-04,20.15,10.38,mismo mes,5.7829,5.5036,6.4486,6.7687,6.0,3.1577,False
2024-04,C,Caja municipal,CMAC Tacna,0.83,,1.5,1.79,3.29,7.82,7.19,5.23,2024-04,10.56,14.67,mismo mes,5.7829,5.5036,6.4486,6.7687,6.0,3.1577,False
2024-04,C,Caja municipal,CMAC Trujillo,0.3,6.11,5.86,5.53,5.45,4.36,5.53,5.93,2024-04,7.84,16.990000000000002,mismo mes,5.7829,5.5036,6.4486,6.7687,6.0,3.1577,False
2024-04,C,Caja municipal,CMAC del Santa,0.6,,1.27,4.79,3.12,6.27,5.75,6.5,2024-04,6.0,13.39,mismo mes,5.7829,5.5036,6.4486,6.7687,6.0,3.1577,False
2024-04,C,Caja municipal,CMCP Lima,0.79,2.75,2.86,6.95,6.87,6.72,6.85,6.44,2024-04,5.32,12.61,mismo mes,5.7829,5.5036,6.4486,6.7687,6.0,3.1577,False
2024-04,F,Financiera,Compartamos,1.03,6.05,6.29,6.05,6.33,6.1,6.13,5.67,2024-04-30,8.96,20.88,30/04/2024,5.7829,5.5036,6.4486,6.7687,6.0,3.1577,False
2024-04,F,Financiera,Confianza,0.97,4.92,6.31,7.11,7.38,7.41,7.1,5.99,2024-04-30,9.22,18.97,30/04/2024,5.7829,5.5036,6.4486,6.7687,6.0,3.1577,False
2024-04,F,Financiera,Credinka,3.92,,4.37,6.26,7.12,7.1,6.97,,2024-04-30,18.35,9.36,30/04/2024,5.7829,5.5036,6.4486,6.7687,6.0,3.1577,False
2024-04,F,Financiera,Crediscotia,0.81,6.01,5.79,4.77,4.4,3.26,5.81,5.68,2024-04-30,6.31,18.67229627242437,30/04/2024,5.7829,5.5036,6.4486,6.7687,6.0,3.1577,False
2024-04,F,Financiera,Efectiva,7.0,,7.2,7.44,7.33,7.21,7.29,,2024-04-30,5.08,23.31,30/04/2024,5.7829,5.5036,6.4486,6.7687,6.0,3.1577,False
2024-04,F,Financiera,Mitsui,,,,,,,,,2024-04-30,6.13,15.88,30/04/2024,5.7829,5.5036,6.4486,6.7687,6.0,3.1577,False
2024-04,F,Financiera,Oh!,7.0,1.85,6.35,6.37,6.14,5.94,6.3,6.5,2024-04-30,10.31,15.59,30/04/2024,5.7829,5.5036,6.4486,6.7687,6.0,3.1577,False
2024-04,F,Financiera,Proempresa,0.93,,1.01,1.81,5.2,7.64,7.52,6.9,2024-04-30,10.7,11.01,30/04/2024,5.7829,5.5036,6.4486,6.7687,6.0,3.1577,False
2024-04,F,Financiera,Qapaq,5.1,,4.77,5.64,6.06,5.5,5.73,5.79,2024-04-30,10.74,12.32,30/04/2024,5.7829,5.5036,6.4486,6.7687,6.0,3.1577,False
2024-04,F,Financiera,Surgir,0.1,,7.17,8.19,8.59,8.5,8.48,,2024-04-30,6.48,28.45,30/04/2024,5.7829,5.5036,6.4486,6.7687,6.0,3.1577,False
2024-05,B,Banco,Alfin,0.95,1.0,3.55,4.64,3.8,4.79,4.09,,2024-05-31,7.0600000000000005,13.46,30/04/2024,5.5865,5.4,6.2114,6.6346,5.75,3.0468,False
2024-05,B,Banco,BBVA,0.64,5.19,4.11,4.72,4.21,4.24,5.06,1.41,2024-05-31,4.83,15.57,30/04/2024,5.5865,5.4,6.2114,6.6346,5.75,3.0468,False
2024-05,B,Banco,BCI,,5.95,5.68,,5.05,,5.92,,2024-05-31,4.26,43.97,30/04/2024,5.5865,5.4,6.2114,6.6346,5.75,3.0468,False
2024-05,B,Banco,BIF,3.07,5.86,5.71,5.61,5.39,5.07,5.82,3.15,2024-05-31,4.26,14.22,30/04/2024,5.5865,5.4,6.2114,6.6346,5.75,3.0468,False
2024-05,B,Banco,Bancom,1.51,0.27,1.16,1.66,3.38,3.81,2.8,5.5,2024-05-31,4.64,13.53,30/04/2024,5.5865,5.4,6.2114,6.6346,5.75,3.0468,False
2024-05,B,Banco,Bank of China,,5.69,,,,,5.69,,2024-05-31,0.0,55.5,30/04/2024,5.5865,5.4,6.2114,6.6346,5.75,3.0468,False
2024-05,B,Banco,Citibank,0.01,2.95,3.0,,,,2.95,,2024-05-31,0.0,27.18,30/04/2024,5.5865,5.4,6.2114,6.6346,5.75,3.0468,False
2024-05,B,Banco,Crédito,0.03,5.42,5.78,5.03,5.16,4.28,5.44,2.4,2024-05-31,4.14,15.99,30/04/2024,5.5865,5.4,6.2114,6.6346,5.75,3.0468,False
2024-05,B,Banco,Falabella,2.74,5.79,5.7,5.51,4.18,4.88,5.71,5.14,2024-05-31,6.44,18.81,30/04/2024,5.5865,5.4,6.2114,6.6346,5.75,3.0468,False
2024-05,B,Banco,GNB,3.59,5.85,5.89,5.67,5.85,5.5,5.85,,2024-05-31,3.33,14.71,30/04/2024,5.5865,5.4,6.2114,6.6346,5.75,3.0468,False
2024-05,B,Banco,ICBC,,5.49,5.51,,5.32,,5.48,,2024-05-31,1.78,39.79,30/04/2024,5.5865,5.4,6.2114,6.6346,5.75,3.0468,False
2024-05,B,Banco,Interbank,0.08,5.92,5.88,5.16,5.3,4.99,5.9,2.5,2024-05-31,3.54,15.19,30/04/2024,5.5865,5.4,6.2114,6.6346,5.75,3.0468,False
2024-05,B,Banco,Mibanco,0.81,5.94,5.51,4.62,3.8,4.38,5.56,5.86,2024-05-31,7.3,18.33,30/04/2024,5.5865,5.4,6.2114,6.6346,5.75,3.0468,False
2024-05,B,Banco,Pichincha,4.22,5.52,6.1,5.5,5.27,3.93,5.85,4.85,2024-05-31,7.17,12.18,30/04/2024,5.5865,5.4,6.2114,6.6346,5.75,3.0468,False
2024-05,B,Banco,Ripley,0.16,,,6.24,6.09,5.16,5.78,6.5,2024-05-31,6.140000000000001,15.47,30/04/2024,5.5865,5.4,6.2114,6.6346,5.75,3.0468,False
2024-05,B,Banco,Santander,0.01,5.39,5.33,5.18,5.35,5.13,5.38,,2024-05-31,4.12,17.82,30/04/2024,5.5865,5.4,6.2114,6.6346,5.75,3.0468,False
2024-05,B,Banco,Scotiabank,1.46,5.38,5.23,4.29,4.24,4.86,5.33,0.47,2024-05-31,4.7700000000000005,14.76,30/04/2024,5.5865,5.4,6.2114,6.6346,5.75,3.0468,False
2024-05,C,Caja municipal,CMAC Arequipa,1.84,6.74,6.36,6.14,6.14,3.11,6.27,6.24,2024-05,5.41,14.73,mismo mes,5.5865,5.4,6.2114,6.6346,5.75,3.0468,False
2024-05,C,Caja municipal,CMAC Cusco,0.55,1.26,3.43,4.72,5.76,5.78,5.33,5.28,2024-05,5.35,13.37,mismo mes,5.5865,5.4,6.2114,6.6346,5.75,3.0468,False
2024-05,C,Caja municipal,CMAC Huancayo,3.67,1.06,1.64,5.37,6.02,4.27,5.37,7.02,2024-05,5.43,12.41,mismo mes,5.5865,5.4,6.2114,6.6346,5.75,3.0468,False
2024-05,C,Caja municipal,CMAC Ica,1.26,,4.79,5.44,5.37,4.93,5.34,4.82,2024-05,5.91,15.01,mismo mes,5.5865,5.4,6.2114,6.6346,5.75,3.0468,False
2024-05,C,Caja municipal,CMAC Maynas,5.06,5.95,6.9,6.47,7.38,7.51,6.99,5.59,2024-05,8.91,15.59,mismo mes,5.5865,5.4,6.2114,6.6346,5.75,3.0468,False
2024-05,C,Caja municipal,CMAC Paita,0.17,,6.22,5.65,7.11,6.15,6.4,6.08,2024-05,8.5,15.27,mismo mes,5.5865,5.4,6.2114,6.6346,5.75,3.0468,False
2024-05,C,Caja municipal,CMAC Piura,0.35,,2.52,2.89,6.39,4.67,6.12,7.52,2024-05,7.7,13.99,mismo mes,5.5865,5.4,6.2114,6.6346,5.75,3.0468,False
2024-05,C,Caja municipal,CMAC Sullana,0.48,,3.12,7.47,7.14,7.69,7.59,6.33,2024-05,20.71,10.54,mismo mes,5.5865,5.4,6.2114,6.6346,5.75,3.0468,False
2024-05,C,Caja municipal,CMAC Tacna,0.84,,1.49,2.15,2.86,5.11,4.41,4.9,2024-05,10.72,14.82,mismo mes,5.5865,5.4,6.2114,6.6346,5.75,3.0468,False
2024-05,C,Caja municipal,CMAC Trujillo,0.29,4.35,4.03,5.29,5.6,5.02,5.4,5.81,2024-05,8.24,17.2,mismo mes,5.5865,5.4,6.2114,6.6346,5.75,3.0468,False
2024-05,C,Caja municipal,CMAC del Santa,0.6,,1.07,4.53,4.15,6.77,6.34,6.5,2024-05,6.44,13.22,mismo mes,5.5865,5.4,6.2114,6.6346,5.75,3.0468,False
2024-05,C,Caja municipal,CMCP Lima,1.02,2.75,2.75,6.84,6.95,6.96,6.92,6.56,2024-05,5.39,12.92,mismo mes,5.5865,5.4,6.2114,6.6346,5.75,3.0468,False
2024-05,F,Financiera,Compartamos,1.18,5.92,6.22,5.74,6.21,4.99,5.9,5.68,2024-05-31,8.56,20.88,30/04/2024,5.5865,5.4,6.2114,6.6346,5.75,3.0468,False
2024-05,F,Financiera,Confianza,1.13,5.75,6.08,7.05,7.19,7.35,6.92,6.39,2024-05-31,8.78,18.97,30/04/2024,5.5865,5.4,6.2114,6.6346,5.75,3.0468,False
2024-05,F,Financiera,Credinka,3.45,,5.55,6.4,6.93,6.97,6.77,6.38,2024-05-31,18.99,9.36,30/04/2024,5.5865,5.4,6.2114,6.6346,5.75,3.0468,False
2024-05,F,Financiera,Crediscotia,0.7,5.86,5.85,5.49,4.61,3.26,5.67,5.69,2024-05-31,6.61,18.67229627242437,30/04/2024,5.5865,5.4,6.2114,6.6346,5.75,3.0468,False
2024-05,F,Financiera,Efectiva,7.0,,6.98,7.08,7.15,7.07,7.11,,2024-05-31,5.35,23.31,30/04/2024,5.5865,5.4,6.2114,6.6346,5.75,3.0468,False
2024-05,F,Financiera,Mitsui,,,,,,,,,2024-05-31,6.55,15.88,30/04/2024,5.5865,5.4,6.2114,6.6346,5.75,3.0468,False
2024-05,F,Financiera,Oh!,7.0,1.85,6.08,6.13,5.96,5.96,6.06,6.5,2024-05-31,11.04,15.59,30/04/2024,5.5865,5.4,6.2114,6.6346,5.75,3.0468,False
2024-05,F,Financiera,Proempresa,,,,,,,,,2024-05-31,10.59,11.01,30/04/2024,5.5865,5.4,6.2114,6.6346,5.75,3.0468,False
2024-05,F,Financiera,Qapaq,4.7,,3.96,4.4,4.85,4.72,4.73,5.79,2024-05-31,10.48,12.32,30/04/2024,5.5865,5.4,6.2114,6.6346,5.75,3.0468,False
2024-05,F,Financiera,Surgir,,,7.17,7.89,8.18,8.3,8.19,,2024-05-31,7.06,28.45,30/04/2024,5.5865,5.4,6.2114,6.6346,5.75,3.0468,False
2024-06,B,Banco,Alfin,1.13,1.0,2.07,3.07,3.0,3.28,3.03,,2024-06-28,4.74,14.296474813372376,31/05/2024,5.4008,5.1371,5.9743,6.4877,5.75,2.9473,False
2024-06,B,Banco,BBVA,0.17,5.22,4.3,4.56,4.78,4.17,5.12,1.19,2024-06-28,4.54,16.093006296509728,31/05/2024,5.4008,5.1371,5.9743,6.4877,5.75,2.9473,False
2024-06,B,Banco,BCI,,5.67,5.72,,,,5.67,,2024-06-28,3.86,37.4416242340372,31/05/2024,5.4008,5.1371,5.9743,6.4877,5.75,2.9473,False
2024-06,B,Banco,BIF,2.83,5.37,5.5,5.74,5.37,4.76,5.4,3.13,2024-06-28,4.28,14.326214386008862,31/05/2024,5.4008,5.1371,5.9743,6.4877,5.75,2.9473,False
2024-06,B,Banco,Bancom,1.45,0.68,0.97,1.63,3.67,3.72,3.25,7.94,2024-06-28,4.88,13.709799635685552,31/05/2024,5.4008,5.1371,5.9743,6.4877,5.75,2.9473,False
2024-06,B,Banco,Bank of China,,5.39,,,,,5.39,,2024-06-28,0.0,54.897780508609,31/05/2024,5.4008,5.1371,5.9743,6.4877,5.75,2.9473,False
2024-06,B,Banco,Citibank,0.03,2.98,3.11,,,,3.01,,2024-06-28,0.0,26.733895063158776,31/05/2024,5.4008,5.1371,5.9743,6.4877,5.75,2.9473,False
2024-06,B,Banco,Crédito,0.03,5.1,5.64,4.82,4.6,4.59,5.13,1.83,2024-06-28,4.09,16.199851878660326,31/05/2024,5.4008,5.1371,5.9743,6.4877,5.75,2.9473,False
2024-06,B,Banco,Falabella,2.74,5.46,5.46,5.39,4.9,4.96,5.4,5.14,2024-06-28,6.390000000000001,19.176373837847965,31/05/2024,5.4008,5.1371,5.9743,6.4877,5.75,2.9473,False
2024-06,B,Banco,GNB,3.4,5.51,5.71,5.63,5.71,5.38,5.6,5.5,2024-06-28,3.3200000000000003,14.551127684923951,31/05/2024,5.4008,5.1371,5.9743,6.4877,5.75,2.9473,False
2024-06,B,Banco,ICBC,,5.12,4.98,,,,5.12,,2024-06-28,1.72,41.89034626539499,31/05/2024,5.4008,5.1371,5.9743,6.4877,5.75,2.9473,False
2024-06,B,Banco,Interbank,0.08,5.51,5.55,5.03,5.11,4.84,5.5,2.5,2024-06-28,3.37,15.164190856251231,31/05/2024,5.4008,5.1371,5.9743,6.4877,5.75,2.9473,False
2024-06,B,Banco,Mibanco,0.87,5.7,5.27,4.27,4.16,4.73,5.34,4.62,2024-06-28,7.43,18.503716832270666,31/05/2024,5.4008,5.1371,5.9743,6.4877,5.75,2.9473,False
2024-06,B,Banco,Pichincha,4.29,4.83,5.9,5.5,5.2,4.81,5.66,4.48,2024-06-28,7.54,12.790275268192543,31/05/2024,5.4008,5.1371,5.9743,6.4877,5.75,2.9473,False
2024-06,B,Banco,Ripley,0.13,,,6.24,6.1,5.34,6.02,6.45,2024-06-28,5.66,15.273196572132154,31/05/2024,5.4008,5.1371,5.9743,6.4877,5.75,2.9473,False
2024-06,B,Banco,Santander,0.01,5.02,5.04,,5.1,4.96,5.02,,2024-06-28,4.7700000000000005,17.51505367793882,31/05/2024,5.4008,5.1371,5.9743,6.4877,5.75,2.9473,False
2024-06,B,Banco,Scotiabank,1.52,5.16,5.19,4.37,3.36,4.99,5.12,0.47,2024-06-28,4.88,15.1615319212262,31/05/2024,5.4008,5.1371,5.9743,6.4877,5.75,2.9473,False
2024-06,C,Caja municipal,CMAC Arequipa,1.77,5.82,5.99,5.89,6.05,3.36,5.92,6.33,2024-06,5.52,14.73,mismo mes,5.4008,5.1371,5.9743,6.4877,5.75,2.9473,False
2024-06,C,Caja municipal,CMAC Cusco,0.73,1.28,3.43,2.87,5.88,6.71,5.74,5.04,2024-06,5.2,13.43,mismo mes,5.4008,5.1371,5.9743,6.4877,5.75,2.9473,False
2024-06,C,Caja municipal,CMAC Huancayo,1.13,1.37,1.98,2.75,3.63,4.29,3.82,7.0,2024-06,5.33,12.46,mismo mes,5.4008,5.1371,5.9743,6.4877,5.75,2.9473,False
2024-06,C,Caja municipal,CMAC Ica,1.6,,4.4,5.09,5.24,5.08,5.18,4.97,2024-06,5.86,15.06,mismo mes,5.4008,5.1371,5.9743,6.4877,5.75,2.9473,False
2024-06,C,Caja municipal,CMAC Maynas,5.71,,6.51,6.63,6.52,6.01,6.57,5.06,2024-06,8.57,15.76,mismo mes,5.4008,5.1371,5.9743,6.4877,5.75,2.9473,False
2024-06,C,Caja municipal,CMAC Paita,0.16,,5.31,5.0,4.79,5.73,5.49,6.27,2024-06,8.83,15.58,mismo mes,5.4008,5.1371,5.9743,6.4877,5.75,2.9473,False
2024-06,C,Caja municipal,CMAC Piura,0.35,,1.68,2.64,6.03,5.65,5.76,7.5,2024-06,7.89,13.8,mismo mes,5.4008,5.1371,5.9743,6.4877,5.75,2.9473,False
2024-06,C,Caja municipal,CMAC Sullana,0.49,,2.95,7.25,7.13,7.71,7.6,6.47,2024-06,20.71,10.54,mismo mes,5.4008,5.1371,5.9743,6.4877,5.75,2.9473,False
2024-06,C,Caja municipal,CMAC Tacna,0.83,,1.45,2.01,5.05,5.83,5.54,5.32,2024-06,10.6,14.92,mismo mes,5.4008,5.1371,5.9743,6.4877,5.75,2.9473,False
2024-06,C,Caja municipal,CMAC Trujillo,0.27,4.52,4.9,5.36,5.23,4.44,5.08,5.85,2024-06,8.76,17.48,mismo mes,5.4008,5.1371,5.9743,6.4877,5.75,2.9473,False
2024-06,C,Caja municipal,CMAC del Santa,0.6,,1.18,4.85,2.86,5.98,5.6,6.5,2024-06,7.12,13.08,mismo mes,5.4008,5.1371,5.9743,6.4877,5.75,2.9473,False
2024-06,C,Caja municipal,CMCP Lima,1.11,2.75,2.84,6.24,6.57,6.3,6.43,6.43,2024-06,4.91,13.0,mismo mes,5.4008,5.1371,5.9743,6.4877,5.75,2.9473,False
2024-06,F,Financiera,Compartamos,1.26,5.51,5.77,5.62,6.17,5.04,5.67,5.5,2024-06-28,8.1,21.26,31/05/2024,5.4008,5.1371,5.9743,6.4877,5.75,2.9473,False
2024-06,F,Financiera,Confianza,1.17,5.64,5.94,6.79,6.95,6.74,6.55,6.09,2024-06-28,8.28,19.01,31/05/2024,5.4008,5.1371,5.9743,6.4877,5.75,2.9473,False
2024-06,F,Financiera,Credinka,3.48,,3.1,6.25,6.53,6.67,6.49,6.25,2024-06-28,19.91,8.5,31/05/2024,5.4008,5.1371,5.9743,6.4877,5.75,2.9473,False
2024-06,F,Financiera,Crediscotia,0.35,5.68,5.69,5.32,4.93,3.15,5.45,5.7,2024-06-28,6.65,18.89390933409577,31/05/2024,5.4008,5.1371,5.9743,6.4877,5.75,2.9473,False
2024-06,F,Financiera,Efectiva,7.0,,6.25,6.56,6.78,6.64,6.69,,2024-06-28,5.51,23.43,31/05/2024,5.4008,5.1371,5.9743,6.4877,5.75,2.9473,False
2024-06,F,Financiera,Mitsui,,,,,,,,,2024-06-28,6.54,15.99,31/05/2024,5.4008,5.1371,5.9743,6.4877,5.75,2.9473,False
2024-06,F,Financiera,Oh!,7.0,1.85,6.0,6.0,5.88,5.8,5.95,6.5,2024-06-28,10.91,15.35,31/05/2024,5.4008,5.1371,5.9743,6.4877,5.75,2.9473,False
2024-06,F,Financiera,Proempresa,0.97,,1.01,1.82,5.36,7.08,6.82,6.9,2024-06-28,11.11,11.31,31/05/2024,5.4008,5.1371,5.9743,6.4877,5.75,2.9473,False
2024-06,F,Financiera,Qapaq,5.2,,3.5,4.25,4.46,4.18,4.3,5.79,2024-06-28,11.07,12.55,31/05/2024,5.4008,5.1371,5.9743,6.4877,5.75,2.9473,False
2024-06,F,Financiera,Surgir,,6.4,7.1,7.64,7.72,7.67,7.71,,2024-06-28,7.1,27.69,31/05/2024,5.4008,5.1371,5.9743,6.4877,5.75,2.9473,False
2024-07,B,Banco,Alfin,0.67,1.0,2.48,3.03,3.36,3.53,3.29,,2024-07-31,5.24,16.09404727811831,30/06/2024,5.2521,4.9352,5.7842,6.3512,5.75,2.7852,False
2024-07,B,Banco,BBVA,1.11,5.08,4.36,4.62,5.02,4.18,5.01,1.2,2024-07-31,4.57,15.938616393668775,30/06/2024,5.2521,4.9352,5.7842,6.3512,5.75,2.7852,False
2024-07,B,Banco,BCI,,5.32,5.67,5.2,5.0,,5.33,,2024-07-31,4.57,32.084975584021336,30/06/2024,5.2521,4.9352,5.7842,6.3512,5.75,2.7852,False
2024-07,B,Banco,BIF,2.57,5.24,5.29,5.45,5.07,4.94,5.24,2.91,2024-07-31,4.21,14.116662550473544,30/06/2024,5.2521,4.9352,5.7842,6.3512,5.75,2.7852,False
2024-07,B,Banco,Bancom,1.38,0.6,0.93,1.76,3.76,3.73,3.43,5.5,2024-07-31,5.04,13.953964673341638,30/06/2024,5.2521,4.9352,5.7842,6.3512,5.75,2.7852,False
2024-07,B,Banco,Bank of China,,5.42,,,,,5.42,,2024-07-31,0.0,57.29370456196378,30/06/2024,5.2521,4.9352,5.7842,6.3512,5.75,2.7852,False
2024-07,B,Banco,Citibank,0.01,2.61,3.0,,,,2.63,,2024-07-31,0.38,21.66237165966458,30/06/2024,5.2521,4.9352,5.7842,6.3512,5.75,2.7852,False
2024-07,B,Banco,Crédito,0.03,4.68,5.17,5.19,4.39,4.64,4.7,1.68,2024-07-31,4.24,16.240168628735685,30/06/2024,5.2521,4.9352,5.7842,6.3512,5.75,2.7852,False
2024-07,B,Banco,Falabella,2.74,5.3,5.38,5.41,4.68,4.86,5.15,5.14,2024-07-31,6.1000000000000005,19.01920087733406,30/06/2024,5.2521,4.9352,5.7842,6.3512,5.75,2.7852,False
2024-07,B,Banco,GNB,3.44,5.37,5.74,5.49,5.49,5.27,5.43,5.5,2024-07-31,3.17,14.534122360964128,30/06/2024,5.2521,4.9352,5.7842,6.3512,5.75,2.7852,False
2024-07,B,Banco,ICBC,,5.06,,5.34,,,5.08,,2024-07-31,1.46,38.89081258790125,30/06/2024,5.2521,4.9352,5.7842,6.3512,5.75,2.7852,False
2024-07,B,Banco,Interbank,0.05,5.27,5.43,4.87,5.06,4.62,5.27,2.5,2024-07-31,3.29,14.97526403953196,30/06/2024,5.2521,4.9352,5.7842,6.3512,5.75,2.7852,False
2024-07,B,Banco,Mibanco,0.86,5.46,5.1,4.17,4.11,4.18,5.13,4.41,2024-07-31,7.45,18.948379236262404,30/06/2024,5.2521,4.9352,5.7842,6.3512,5.75,2.7852,False
2024-07,B,Banco,Pichincha,4.24,4.6,5.82,5.49,5.21,3.99,5.61,4.47,2024-07-31,7.18,13.438710321608765,30/06/2024,5.2521,4.9352,5.7842,6.3512,5.75,2.7852,False
2024-07,B,Banco,Ripley,0.09,,,6.17,6.07,5.53,5.88,5.75,2024-07-31,5.26,14.723118335558466,30/06/2024,5.2521,4.9352,5.7842,6.3512,5.75,2.7852,False
2024-07,B,Banco,Santander,0.01,4.73,4.93,5.0,,,4.73,,2024-07-31,4.83,16.85532443571976,30/06/2024,5.2521,4.9352,5.7842,6.3512,5.75,2.7852,False
2024-07,B,Banco,Scotiabank,1.43,4.93,4.93,4.55,4.12,4.52,4.9,1.63,2024-07-31,4.74,14.669107143651908,30/06/2024,5.2521,4.9352,5.7842,6.3512,5.75,2.7852,False
2024-07,C,Caja municipal,CMAC Arequipa,1.43,5.37,6.26,5.64,5.63,3.14,5.75,6.21,2024-07,5.64,14.68,mismo mes,5.2521,4.9352,5.7842,6.3512,5.75,2.7852,False
2024-07,C,Caja municipal,CMAC Cusco,1.19,1.2,1.58,3.32,6.06,6.91,6.06,4.57,2024-07,5.46,13.5,mismo mes,5.2521,4.9352,5.7842,6.3512,5.75,2.7852,False
2024-07,C,Caja municipal,CMAC Huancayo,0.98,3.94,1.88,2.48,3.79,4.28,3.9,7.01,2024-07,5.38,12.57,mismo mes,5.2521,4.9352,5.7842,6.3512,5.75,2.7852,False
2024-07,C,Caja municipal,CMAC Ica,1.25,,4.48,5.29,5.17,4.72,5.16,4.82,2024-07,6.1000000000000005,15.29,mismo mes,5.2521,4.9352,5.7842,6.3512,5.75,2.7852,False
2024-07,C,Caja municipal,CMAC Maynas,4.47,0.5,6.34,6.42,6.62,5.4,6.48,5.27,2024-07,8.790000000000001,15.71,mismo mes,5.2521,4.9352,5.7842,6.3512,5.75,2.7852,False
2024-07,C,Caja municipal,CMAC Paita,0.23,,6.4,5.21,6.67,5.9,5.98,6.13,2024-07,9.52,15.99,mismo mes,5.2521,4.9352,5.7842,6.3512,5.75,2.7852,False
2024-07,C,Caja municipal,CMAC Piura,0.35,,1.71,2.71,5.42,4.35,4.89,7.5,2024-07,8.14,13.75,mismo mes,5.2521,4.9352,5.7842,6.3512,5.75,2.7852,False
2024-07,C,Caja municipal,CMAC Tacna,0.85,,1.43,5.38,3.19,5.88,5.65,5.64,2024-07,10.73,15.22,mismo mes,5.2521,4.9352,5.7842,6.3512,5.75,2.7852,False
2024-07,C,Caja municipal,CMAC Trujillo,0.29,5.58,4.43,5.39,5.28,4.41,5.17,5.75,2024-07,9.19,17.72,mismo mes,5.2521,4.9352,5.7842,6.3512,5.75,2.7852,False
2024-07,C,Caja municipal,CMAC del Santa,0.6,,1.26,6.18,2.78,6.75,6.57,,2024-07,7.85,12.86,mismo mes,5.2521,4.9352,5.7842,6.3512,5.75,2.7852,False
2024-07,C,Caja municipal,CMCP Lima,1.18,2.75,5.21,6.79,6.81,6.29,6.78,6.51,2024-07,5.0,12.99,mismo mes,5.2521,4.9352,5.7842,6.3512,5.75,2.7852,False
2024-07,F,Financiera,Compartamos,1.37,5.23,5.7,5.47,5.92,4.26,5.4,5.71,2024-07-31,7.67,21.47,30/06/2024,5.2521,4.9352,5.7842,6.3512,5.75,2.7852,False
2024-07,F,Financiera,Confianza,1.08,5.36,6.15,6.44,6.21,6.48,6.24,6.21,2024-07-31,8.58,19.05,30/06/2024,5.2521,4.9352,5.7842,6.3512,5.75,2.7852,False
2024-07,F,Financiera,Credinka,3.51,,1.88,5.89,6.27,6.46,6.3,6.25,2024-07-31,20.04,7.99,30/06/2024,5.2521,4.9352,5.7842,6.3512,5.75,2.7852,False
2024-07,F,Financiera,Crediscotia,0.3,5.36,5.23,4.3,4.75,3.46,4.95,5.69,2024-07-31,6.72,19.290621034973373,30/06/2024,5.2521,4.9352,5.7842,6.3512,5.75,2.7852,False
2024-07,F,Financiera,Efectiva,7.0,,6.0,6.23,6.51,6.35,6.4,,2024-07-31,4.93,23.57,30/06/2024,5.2521,4.9352,5.7842,6.3512,5.75,2.7852,False
2024-07,F,Financiera,Mitsui,,,,,,,,,2024-07-31,6.42,15.9,30/06/2024,5.2521,4.9352,5.7842,6.3512,5.75,2.7852,False
2024-07,F,Financiera,Oh!,6.37,1.85,5.96,6.0,5.85,5.65,5.93,6.5,2024-07-31,10.3,15.1,30/06/2024,5.2521,4.9352,5.7842,6.3512,5.75,2.7852,False
2024-07,F,Financiera,Proempresa,1.03,,1.01,1.8,6.31,6.48,6.46,6.9,2024-07-31,11.26,11.58,30/06/2024,5.2521,4.9352,5.7842,6.3512,5.75,2.7852,False
2024-07,F,Financiera,Qapaq,5.5,,3.5,4.38,4.49,4.24,4.39,5.79,2024-07-31,10.84,12.26,30/06/2024,5.2521,4.9352,5.7842,6.3512,5.75,2.7852,False
2024-07,F,Financiera,Surgir,0.01,6.84,7.01,7.5,7.35,7.3,7.36,,2024-07-31,6.43,28.16,30/06/2024,5.2521,4.9352,5.7842,6.3512,5.75,2.7852,False
2024-08,B,Banco,Alfin,0.94,1.0,3.14,2.52,3.5,3.65,3.37,,2024-08-31,3.94,16.62619222390495,31/07/2024,5.1278,4.7312,5.5794,6.1973,5.5,2.6448,False
2024-08,B,Banco,BBVA,1.49,4.64,4.05,4.59,4.78,4.48,4.62,1.25,2024-08-31,4.29,16.06815197574966,31/07/2024,5.1278,4.7312,5.5794,6.1973,5.5,2.6448,False
2024-08,B,Banco,BCI,,5.13,5.31,4.91,4.98,,5.13,,2024-08-31,2.61,33.73503024454029,31/07/2024,5.1278,4.7312,5.5794,6.1973,5.5,2.6448,False
2024-08,B,Banco,BIF,2.5,5.08,5.19,5.17,5.11,5.11,5.09,2.44,2024-08-31,4.16,14.376174910246062,31/07/2024,5.1278,4.7312,5.5794,6.1973,5.5,2.6448,False
2024-08,B,Banco,Bancom,1.36,0.59,0.62,2.7,3.82,3.73,3.55,5.25,2024-08-31,4.86,14.090185281432197,31/07/2024,5.1278,4.7312,5.5794,6.1973,5.5,2.6448,False
2024-08,B,Banco,Bank of China,0.3,5.19,,,,,5.19,,2024-08-31,0.0,58.01471949767551,31/07/2024,5.1278,4.7312,5.5794,6.1973,5.5,2.6448,False
2024-08,B,Banco,Citibank,0.02,2.36,3.51,,,,2.45,,2024-08-31,0.0,25.637863531448733,31/07/2024,5.1278,4.7312,5.5794,6.1973,5.5,2.6448,False
2024-08,B,Banco,Crédito,0.03,4.34,4.88,4.54,4.09,3.92,4.36,3.24,2024-08-31,4.19,16.698806453269626,31/07/2024,5.1278,4.7312,5.5794,6.1973,5.5,2.6448,False
2024-08,B,Banco,Falabella,2.74,4.8,5.07,4.81,3.94,4.86,4.8,5.14,2024-08-31,4.79,20.480120830600782,31/07/2024,5.1278,4.7312,5.5794,6.1973,5.5,2.6448,False
2024-08,B,Banco,GNB,3.68,5.3,5.49,5.47,5.33,5.24,5.33,5.5,2024-08-31,3.0700000000000003,14.829160236438844,31/07/2024,5.1278,4.7312,5.5794,6.1973,5.5,2.6448,False
2024-08,B,Banco,ICBC,,4.86,5.11,5.34,,,4.93,,2024-08-31,1.35,36.78034743127373,31/07/2024,5.1278,4.7312,5.5794,6.1973,5.5,2.6448,False
2024-08,B,Banco,Interbank,0.06,4.95,5.1,4.83,4.87,4.52,4.95,2.5,2024-08-31,3.14,15.43608352962296,31/07/2024,5.1278,4.7312,5.5794,6.1973,5.5,2.6448,False
2024-08,B,Banco,Mibanco,0.84,5.15,4.62,4.22,4.02,4.75,4.86,5.81,2024-08-31,7.3,19.64786770181537,31/07/2024,5.1278,4.7312,5.5794,6.1973,5.5,2.6448,False
2024-08,B,Banco,Pichincha,4.17,4.01,5.62,5.33,5.19,,5.43,4.66,2024-08-31,6.8,13.585591422928744,31/07/2024,5.1278,4.7312,5.5794,6.1973,5.5,2.6448,False
2024-08,B,Banco,Ripley,0.08,,,5.5,5.8,5.39,5.66,5.75,2024-08-31,4.71,16.089367708469933,31/07/2024,5.1278,4.7312,5.5794,6.1973,5.5,2.6448,False
2024-08,B,Banco,Santander,0.01,4.85,4.87,4.6,4.53,1.3,4.85,,2024-08-31,5.12,18.52572229123378,31/07/2024,5.1278,4.7312,5.5794,6.1973,5.5,2.6448,False
2024-08,B,Banco,Scotiabank,1.09,4.58,4.69,4.37,4.69,4.53,4.58,2.1,2024-08-31,4.24,15.651246979520153,31/07/2024,5.1278,4.7312,5.5794,6.1973,5.5,2.6448,False
2024-08,C,Caja municipal,CMAC Arequipa,1.32,4.97,5.59,5.58,5.56,3.29,5.47,6.27,2024-08,5.82,14.76,mismo mes,5.1278,4.7312,5.5794,6.1973,5.5,2.6448,False
2024-08,C,Caja municipal,CMAC Cusco,1.37,1.2,2.08,3.35,5.25,5.56,5.07,5.04,2024-08,5.32,13.39,mismo mes,5.1278,4.7312,5.5794,6.1973,5.5,2.6448,False
2024-08,C,Caja municipal,CMAC Huancayo,0.75,2.78,2.03,2.74,3.64,4.29,3.87,6.48,2024-08,5.41,12.52,mismo mes,5.1278,4.7312,5.5794,6.1973,5.5,2.6448,False
2024-08,C,Caja municipal,CMAC Ica,1.36,,4.3,5.49,5.47,5.15,5.43,4.54,2024-08,5.98,15.29,mismo mes,5.1278,4.7312,5.5794,6.1973,5.5,2.6448,False
2024-08,C,Caja municipal,CMAC Maynas,4.92,,5.92,6.15,6.25,6.14,6.17,5.3,2024-08,8.96,14.64,mismo mes,5.1278,4.7312,5.5794,6.1973,5.5,2.6448,False
2024-08,C,Caja municipal,CMAC Paita,0.13,,5.93,5.14,6.87,6.2,6.12,6.04,2024-08,10.55,16.06,mismo mes,5.1278,4.7312,5.5794,6.1973,5.5,2.6448,False
2024-08,C,Caja municipal,CMAC Piura,0.35,,1.8,2.26,3.81,4.54,3.31,7.5,2024-08,7.81,13.68,mismo mes,5.1278,4.7312,5.5794,6.1973,5.5,2.6448,False
2024-08,C,Caja municipal,CMAC Tacna,0.82,,1.53,7.49,4.1,6.01,6.41,4.55,2024-08,10.98,15.32,mismo mes,5.1278,4.7312,5.5794,6.1973,5.5,2.6448,False
2024-08,C,Caja municipal,CMAC Trujillo,0.28,4.74,4.3,5.49,5.37,4.38,5.24,5.81,2024-08,9.33,17.96,mismo mes,5.1278,4.7312,5.5794,6.1973,5.5,2.6448,False
2024-08,C,Caja municipal,CMAC del Santa,0.6,,1.04,6.23,2.75,6.24,6.2,6.5,2024-08,8.8,12.46,mismo mes,5.1278,4.7312,5.5794,6.1973,5.5,2.6448,False
2024-08,C,Caja municipal,CMCP Lima,1.72,,3.08,6.38,6.68,5.97,6.55,6.45,2024-08,5.39,13.15,mismo mes,5.1278,4.7312,5.5794,6.1973,5.5,2.6448,False
2024-08,F,Financiera,Compartamos,1.55,5.22,5.52,5.38,5.56,4.35,5.25,5.96,2024-08-31,7.24,21.47,31/07/2024,5.1278,4.7312,5.5794,6.1973,5.5,2.6448,False
2024-08,F,Financiera,Confianza,1.04,4.98,5.48,5.98,5.57,4.92,5.65,5.86,2024-08-31,9.1,18.88,31/07/2024,5.1278,4.7312,5.5794,6.1973,5.5,2.6448,False
2024-08,F,Financiera,Credinka,3.43,,4.42,6.1,6.14,6.48,6.29,,2024-08-31,11.78,6.88,31/07/2024,5.1278,4.7312,5.5794,6.1973,5.5,2.6448,False
2024-08,F,Financiera,Crediscotia,0.22,5.15,5.15,3.88,4.73,3.32,4.75,5.7,2024-08-31,6.36,19.878927903058997,31/07/2024,5.1278,4.7312,5.5794,6.1973,5.5,2.6448,False
2024-08,F,Financiera,Efectiva,6.36,,6.01,6.22,6.32,6.47,6.36,,2024-08-31,4.8,24.17,31/07/2024,5.1278,4.7312,5.5794,6.1973,5.5,2.6448,False
2024-08,F,Financiera,Mitsui,,,,,,,,,2024-08-31,6.19,16.21,31/07/2024,5.1278,4.7312,5.5794,6.1973,5.5,2.6448,False
2024-08,F,Financiera,Oh!,6.0,5.47,5.99,6.0,5.85,5.81,5.76,6.5,2024-08-31,10.21,15.35,31/07/2024,5.1278,4.7312,5.5794,6.1973,5.5,2.6448,False
2024-08,F,Financiera,Proempresa,0.96,,1.01,1.93,6.7,6.52,6.52,6.9,2024-08-31,11.61,11.81,31/07/2024,5.1278,4.7312,5.5794,6.1973,5.5,2.6448,False
2024-08,F,Financiera,Qapaq,4.96,,3.5,4.32,4.49,4.26,4.4,,2024-08-31,10.99,12.3,31/07/2024,5.1278,4.7312,5.5794,6.1973,5.5,2.6448,False
2024-08,F,Financiera,Surgir,,6.9,7.17,7.45,7.38,7.22,7.36,,2024-08-31,5.37,27.52,31/07/2024,5.1278,4.7312,5.5794,6.1973,5.5,2.6448,False
2024-09,B,Banco,Alfin,0.75,1.0,3.52,2.37,3.64,3.57,3.37,,2024-09-30,4.09,16.79082445591377,31/08/2024,5.0063,4.5674,5.3712,6.0189,5.25,2.6053,False
2024-09,B,Banco,BBVA,0.46,4.57,4.16,4.5,4.62,4.37,4.55,1.37,2024-09-30,4.2,16.300498105775944,31/08/2024,5.0063,4.5674,5.3712,6.0189,5.25,2.6053,False
2024-09,B,Banco,BCI,,4.92,5.21,4.74,4.45,,4.92,,2024-09-30,2.58,33.59965310216745,31/08/2024,5.0063,4.5674,5.3712,6.0189,5.25,2.6053,False
2024-09,B,Banco,BIF,2.81,4.65,4.83,5.05,5.05,4.7,4.67,2.54,2024-09-30,4.13,14.45457850409412,31/08/2024,5.0063,4.5674,5.3712,6.0189,5.25,2.6053,False
2024-09,B,Banco,Bancom,1.39,0.42,3.62,2.49,3.72,3.64,3.48,5.25,2024-09-30,4.67,14.061446830825176,31/08/2024,5.0063,4.5674,5.3712,6.0189,5.25,2.6053,False
2024-09,B,Banco,Bank of China,0.3,5.0,,,,,5.0,,2024-09-30,0.0,58.77442163814215,31/08/2024,5.0063,4.5674,5.3712,6.0189,5.25,2.6053,False
2024-09,B,Banco,Citibank,0.02,3.94,3.85,,,,3.94,,2024-09-30,0.0,32.22962973507022,31/08/2024,5.0063,4.5674,5.3712,6.0189,5.25,2.6053,False
2024-09,B,Banco,Crédito,0.03,4.26,4.69,4.33,3.6,4.75,4.27,1.83,2024-09-30,4.13,17.154236557892123,31/08/2024,5.0063,4.5674,5.3712,6.0189,5.25,2.6053,False
2024-09,B,Banco,Falabella,2.74,4.74,5.01,4.85,4.27,4.85,4.74,5.14,2024-09-30,4.3500000000000005,21.31236718237925,31/08/2024,5.0063,4.5674,5.3712,6.0189,5.25,2.6053,False
2024-09,B,Banco,GNB,3.99,4.79,5.02,4.91,4.96,4.79,4.88,,2024-09-30,3.0500000000000003,14.596671585977386,31/08/2024,5.0063,4.5674,5.3712,6.0189,5.25,2.6053,False
2024-09,B,Banco,ICBC,,4.57,5.13,5.17,,,4.67,,2024-09-30,1.43,36.94493542500574,31/08/2024,5.0063,4.5674,5.3712,6.0189,5.25,2.6053,False
2024-09,B,Banco,Interbank,0.05,4.67,4.93,4.69,4.85,4.4,4.68,2.5,2024-09-30,3.06,15.667230766928885,31/08/2024,5.0063,4.5674,5.3712,6.0189,5.25,2.6053,False
2024-09,B,Banco,Mibanco,0.88,4.92,4.43,4.24,3.66,4.32,4.71,5.81,2024-09-30,7.0600000000000005,20.038432183782373,31/08/2024,5.0063,4.5674,5.3712,6.0189,5.25,2.6053,False
2024-09,B,Banco,Pichincha,4.12,3.88,5.34,4.99,5.0,,5.15,4.61,2024-09-30,6.96,13.25056259433532,31/08/2024,5.0063,4.5674,5.3712,6.0189,5.25,2.6053,False
2024-09,B,Banco,Ripley,0.09,,1.0,3.83,4.93,4.89,4.79,5.75,2024-09-30,4.36,16.344562180698695,31/08/2024,5.0063,4.5674,5.3712,6.0189,5.25,2.6053,False
2024-09,B,Banco,Santander,0.01,4.7,4.74,4.66,4.53,4.59,4.7,,2024-09-30,5.12,19.414748047857312,31/08/2024,5.0063,4.5674,5.3712,6.0189,5.25,2.6053,False
2024-09,B,Banco,Scotiabank,1.07,4.33,4.54,4.18,4.23,4.18,4.33,2.48,2024-09-30,4.36,15.923466264099789,31/08/2024,5.0063,4.5674,5.3712,6.0189,5.25,2.6053,False
2024-09,C,Caja municipal,CMAC Arequipa,1.43,4.76,5.28,5.29,5.22,4.64,5.18,5.67,2024-09,5.83,14.72,mismo mes,5.0063,4.5674,5.3712,6.0189,5.25,2.6053,False
2024-09,C,Caja municipal,CMAC Cusco,1.48,1.2,1.39,3.06,3.08,4.17,3.13,5.03,2024-09,5.07,13.38,mismo mes,5.0063,4.5674,5.3712,6.0189,5.25,2.6053,False
2024-09,C,Caja municipal,CMAC Huancayo,0.66,2.35,3.32,5.13,5.12,4.31,4.88,5.31,2024-09,5.29,12.51,mismo mes,5.0063,4.5674,5.3712,6.0189,5.25,2.6053,False
2024-09,C,Caja municipal,CMAC Ica,1.25,,4.19,5.44,5.99,5.72,5.75,4.76,2024-09,5.9,15.51,mismo mes,5.0063,4.5674,5.3712,6.0189,5.25,2.6053,False
2024-09,C,Caja municipal,CMAC Maynas,0.45,,5.02,5.24,6.26,6.23,6.0,5.04,2024-09,8.9,14.48,mismo mes,5.0063,4.5674,5.3712,6.0189,5.25,2.6053,False
2024-09,C,Caja municipal,CMAC Paita,0.12,,5.9,4.09,6.36,5.63,5.6,6.26,2024-09,11.0,15.58,mismo mes,5.0063,4.5674,5.3712,6.0189,5.25,2.6053,False
2024-09,C,Caja municipal,CMAC Piura,0.35,,1.76,2.26,3.79,4.23,3.18,6.5,2024-09,7.98,13.38,mismo mes,5.0063,4.5674,5.3712,6.0189,5.25,2.6053,False
2024-09,C,Caja municipal,CMAC Tacna,0.83,,1.43,4.94,3.27,5.91,5.51,4.51,2024-09,10.65,15.78,mismo mes,5.0063,4.5674,5.3712,6.0189,5.25,2.6053,False
2024-09,C,Caja municipal,CMAC Trujillo,0.29,,4.51,5.14,5.31,4.36,5.11,5.94,2024-09,9.38,18.12,mismo mes,5.0063,4.5674,5.3712,6.0189,5.25,2.6053,False
2024-09,C,Caja municipal,CMAC del Santa,0.6,,1.2,2.44,5.61,4.83,4.82,6.5,2024-09,9.06,11.98,mismo mes,5.0063,4.5674,5.3712,6.0189,5.25,2.6053,False
2024-09,C,Caja municipal,CMCP Lima,1.5,,6.16,6.26,6.01,5.48,6.13,6.45,2024-09,4.98,13.04,mismo mes,5.0063,4.5674,5.3712,6.0189,5.25,2.6053,False
2024-09,F,Financiera,Compartamos,1.6,4.84,4.97,4.68,5.1,4.62,4.88,5.97,2024-09-30,6.57,21.2,31/08/2024,5.0063,4.5674,5.3712,6.0189,5.25,2.6053,False
2024-09,F,Financiera,Confianza,1.16,0.75,5.39,5.62,5.51,5.05,5.48,6.01,2024-09-30,8.41,18.72,31/08/2024,5.0063,4.5674,5.3712,6.0189,5.25,2.6053,False
2024-09,F,Financiera,Crediscotia,0.13,4.69,4.54,2.63,4.54,3.46,4.51,5.7,2024-09-30,6.09,20.3104443699096,31/08/2024,5.0063,4.5674,5.3712,6.0189,5.25,2.6053,False
2024-09,F,Financiera,Efectiva,6.0,,6.01,5.6,6.23,6.54,6.29,,2024-09-30,4.27,24.53,31/08/2024,5.0063,4.5674,5.3712,6.0189,5.25,2.6053,False
2024-09,F,Financiera,Mitsui,,,,,,,,,2024-09-30,6.17,16.34,31/08/2024,5.0063,4.5674,5.3712,6.0189,5.25,2.6053,False
2024-09,F,Financiera,Oh!,6.0,5.48,5.98,6.0,5.85,5.57,5.74,6.5,2024-09-30,9.14,15.73,31/08/2024,5.0063,4.5674,5.3712,6.0189,5.25,2.6053,False
2024-09,F,Financiera,Proempresa,0.96,,6.04,1.87,6.33,6.61,6.59,6.9,2024-09-30,11.25,11.96,31/08/2024,5.0063,4.5674,5.3712,6.0189,5.25,2.6053,False
2024-09,F,Financiera,Qapaq,5.7,,3.5,4.37,4.48,4.23,4.39,5.79,2024-09-30,10.46,12.53,31/08/2024,5.0063,4.5674,5.3712,6.0189,5.25,2.6053,False
2024-09,F,Financiera,Surgir,0.01,,7.03,5.46,6.74,7.16,6.46,,2024-09-30,4.6,25.97,31/08/2024,5.0063,4.5674,5.3712,6.0189,5.25,2.6053,False
2024-10,B,Banco,Alfin,0.63,1.0,2.97,2.59,3.38,5.13,3.7,,2024-10-31,4.2,16.58967687482399,30/09/2024,4.82,4.4902,5.1782,5.8967,5.25,2.561,False
2024-10,B,Banco,BBVA,0.37,4.19,3.84,3.93,4.5,3.95,4.16,2.05,2024-10-31,4.07,15.660495425327808,30/09/2024,4.82,4.4902,5.1782,5.8967,5.25,2.561,False
2024-10,B,Banco,BCI,,4.9,4.87,4.6,4.45,,4.89,,2024-10-31,2.49,34.59463625572796,30/09/2024,4.82,4.4902,5.1782,5.8967,5.25,2.561,False
2024-10,B,Banco,BIF,2.19,4.63,4.7,4.78,4.7,3.94,4.64,2.89,2024-10-31,4.11,14.604310792971,30/09/2024,4.82,4.4902,5.1782,5.8967,5.25,2.561,False
2024-10,B,Banco,Bancom,1.33,1.64,0.84,2.22,3.66,3.72,3.36,5.25,2024-10-31,5.0,14.295024632235116,30/09/2024,4.82,4.4902,5.1782,5.8967,5.25,2.561,False
2024-10,B,Banco,Bank of China,,4.88,,,,,4.88,,2024-10-31,0.0,51.38943492668737,30/09/2024,4.82,4.4902,5.1782,5.8967,5.25,2.561,False
2024-10,B,Banco,Citibank,0.02,3.79,3.9,,,,3.81,,2024-10-31,0.0,24.783102822355403,30/09/2024,4.82,4.4902,5.1782,5.8967,5.25,2.561,False
2024-10,B,Banco,Crédito,0.03,4.49,4.52,4.38,3.9,4.79,4.49,3.31,2024-10-31,4.01,18.961627528161927,30/09/2024,4.82,4.4902,5.1782,5.8967,5.25,2.561,False
2024-10,B,Banco,Falabella,2.74,4.68,4.49,5.01,3.99,4.7,4.66,5.14,2024-10-31,3.59,21.42879503202555,30/09/2024,4.82,4.4902,5.1782,5.8967,5.25,2.561,False
2024-10,B,Banco,GNB,4.07,4.89,4.88,4.72,4.87,4.71,4.85,,2024-10-31,2.86,14.359130360766876,30/09/2024,4.82,4.4902,5.1782,5.8967,5.25,2.561,False
2024-10,B,Banco,ICBC,,4.58,4.08,4.65,,,4.56,,2024-10-31,1.47,38.20514740118477,30/09/2024,4.82,4.4902,5.1782,5.8967,5.25,2.561,False
2024-10,B,Banco,Interbank,0.05,4.58,4.94,4.47,4.63,4.01,4.6,2.5,2024-10-31,2.99,15.85044030011121,30/09/2024,4.82,4.4902,5.1782,5.8967,5.25,2.561,False
2024-10,B,Banco,Mibanco,0.92,4.91,4.62,3.88,3.64,4.08,4.68,5.89,2024-10-31,6.97,20.22159748403589,30/09/2024,4.82,4.4902,5.1782,5.8967,5.25,2.561,False
2024-10,B,Banco,Pichincha,4.0,3.65,5.08,4.7,4.72,,4.79,4.63,2024-10-31,6.94,13.13929928970185,30/09/2024,4.82,4.4902,5.1782,5.8967,5.25,2.561,False
2024-10,B,Banco,Ripley,0.1,,,2.75,5.11,4.64,4.77,5.75,2024-10-31,4.13,17.109144531926713,30/09/2024,4.82,4.4902,5.1782,5.8967,5.25,2.561,False
2024-10,B,Banco,Santander,0.01,4.36,4.36,4.4,4.33,,4.36,,2024-10-31,5.21,19.08999567263216,30/09/2024,4.82,4.4902,5.1782,5.8967,5.25,2.561,False
2024-10,B,Banco,Scotiabank,1.0,4.12,4.48,4.1,3.82,3.87,4.14,1.07,2024-10-31,4.2700000000000005,16.213778435980437,30/09/2024,4.82,4.4902,5.1782,5.8967,5.25,2.561,False
2024-10,C,Caja municipal,CMAC Arequipa,2.14,4.83,5.02,5.12,5.04,3.49,5.05,1.47,2024-10,5.7,14.63,mismo mes,4.82,4.4902,5.1782,5.8967,5.25,2.561,False
2024-10,C,Caja municipal,CMAC Cusco,0.66,1.53,1.5,2.16,1.69,3.72,1.99,5.21,2024-10,4.73,13.3,mismo mes,4.82,4.4902,5.1782,5.8967,5.25,2.561,False
2024-10,C,Caja municipal,CMAC Huancayo,0.68,2.82,5.15,5.26,5.01,4.21,4.98,5.24,2024-10,5.21,12.5,mismo mes,4.82,4.4902,5.1782,5.8967,5.25,2.561,False
2024-10,C,Caja municipal,CMAC Ica,1.09,,4.17,4.86,4.99,5.89,5.56,4.71,2024-10,5.68,15.41,mismo mes,4.82,4.4902,5.1782,5.8967,5.25,2.561,False
2024-10,C,Caja municipal,CMAC Maynas,1.13,4.28,5.53,5.56,6.07,5.76,5.53,5.99,2024-10,9.0,14.17,mismo mes,4.82,4.4902,5.1782,5.8967,5.25,2.561,False
2024-10,C,Caja municipal,CMAC Paita,0.16,,5.83,5.81,5.46,5.48,5.61,6.21,2024-10,11.38,14.99,mismo mes,4.82,4.4902,5.1782,5.8967,5.25,2.561,False
2024-10,C,Caja municipal,CMAC Piura,0.35,,1.8,2.34,3.81,4.28,3.34,6.53,2024-10,8.0,13.12,mismo mes,4.82,4.4902,5.1782,5.8967,5.25,2.561,False
2024-10,C,Caja municipal,CMAC Tacna,0.85,,1.46,4.73,4.83,5.05,4.83,4.87,2024-10,10.17,15.93,mismo mes,4.82,4.4902,5.1782,5.8967,5.25,2.561,False
2024-10,C,Caja municipal,CMAC Trujillo,0.32,4.74,4.75,4.47,4.66,4.21,4.61,6.0,2024-10,9.45,18.22,mismo mes,4.82,4.4902,5.1782,5.8967,5.25,2.561,False
2024-10,C,Caja municipal,CMAC del Santa,0.6,,1.42,2.33,4.17,5.94,5.2,,2024-10,9.54,12.09,mismo mes,4.82,4.4902,5.1782,5.8967,5.25,2.561,False
2024-10,C,Caja municipal,CMCP Lima,1.64,2.75,5.4,5.16,5.11,4.59,5.06,6.44,2024-10,4.95,12.73,mismo mes,4.82,4.4902,5.1782,5.8967,5.25,2.561,False
2024-10,F,Financiera,Compartamos,1.56,4.96,4.66,3.59,5.03,4.17,4.88,5.98,2024-10-31,6.23,21.19,30/09/2024,4.82,4.4902,5.1782,5.8967,5.25,2.561,False
2024-10,F,Financiera,Confianza,1.31,0.75,5.44,5.57,5.7,5.27,5.56,5.87,2024-10-31,8.55,18.7,30/09/2024,4.82,4.4902,5.1782,5.8967,5.25,2.561,False
2024-10,F,Financiera,Crediscotia,0.11,4.83,4.33,3.48,4.58,3.9,4.68,,2024-10-31,5.76,20.69703146897571,30/09/2024,4.82,4.4902,5.1782,5.8967,5.25,2.561,False
2024-10,F,Financiera,Efectiva,6.0,,5.62,5.87,6.09,6.42,6.21,,2024-10-31,4.09,24.79,30/09/2024,4.82,4.4902,5.1782,5.8967,5.25,2.561,False
2024-10,F,Financiera,Mitsui,,,,,,,,,2024-10-31,5.83,16.59,30/09/2024,4.82,4.4902,5.1782,5.8967,5.25,2.561,False
2024-10,F,Financiera,Oh!,6.0,1.85,5.51,5.87,5.52,5.36,5.55,6.5,2024-10-31,7.79,15.45,30/09/2024,4.82,4.4902,5.1782,5.8967,5.25,2.561,False
2024-10,F,Financiera,Proempresa,0.97,,1.01,1.72,5.1,6.56,6.54,6.9,2024-10-31,11.32,11.98,30/09/2024,4.82,4.4902,5.1782,5.8967,5.25,2.561,False
2024-10,F,Financiera,Qapaq,6.01,,3.5,4.26,4.48,4.19,4.36,,2024-10-31,10.0,12.23,30/09/2024,4.82,4.4902,5.1782,5.8967,5.25,2.561,False
2024-10,F,Financiera,Surgir,0.01,,6.15,5.23,5.9,5.97,5.61,,2024-10-31,4.23,25.32,30/09/2024,4.82,4.4902,5.1782,5.8967,5.25,2.561,False
2024-11,B,Banco,Alfin,0.73,1.0,2.78,3.22,2.87,5.72,4.55,,2024-11-29,4.45,16.624763430186054,31/10/2024,4.7234,4.4623,5.0022,5.7647,5.0,2.5237,False
2024-11,B,Banco,BBVA,0.35,4.09,3.79,3.86,4.32,3.62,4.06,1.39,2024-11-29,3.93,15.688982190863316,31/10/2024,4.7234,4.4623,5.0022,5.7647,5.0,2.5237,False
2024-11,B,Banco,BCI,,4.81,4.81,,,,4.81,,2024-11-29,2.27,34.296798785654765,31/10/2024,4.7234,4.4623,5.0022,5.7647,5.0,2.5237,False
2024-11,B,Banco,BIF,2.13,4.52,4.58,4.54,4.4,4.44,4.52,3.0,2024-11-29,3.96,14.30394979237091,31/10/2024,4.7234,4.4623,5.0022,5.7647,5.0,2.5237,False
2024-11,B,Banco,Bancom,1.27,1.05,1.75,1.26,3.47,2.97,3.01,5.25,2024-11-29,5.16,14.17643016518628,31/10/2024,4.7234,4.4623,5.0022,5.7647,5.0,2.5237,False
2024-11,B,Banco,Bank of China,,4.75,,,,,4.75,,2024-11-29,0.0,58.29099142478717,31/10/2024,4.7234,4.4623,5.0022,5.7647,5.0,2.5237,False
2024-11,B,Banco,Citibank,0.02,4.13,3.85,,,,4.13,,2024-11-29,0.0,18.251882325575806,31/10/2024,4.7234,4.4623,5.0022,5.7647,5.0,2.5237,False
2024-11,B,Banco,Crédito,0.03,4.56,4.63,4.52,4.2,4.67,4.56,2.43,2024-11-29,3.75,18.54874734447832,31/10/2024,4.7234,4.4623,5.0022,5.7647,5.0,2.5237,False
2024-11,B,Banco,Falabella,2.74,4.68,4.78,4.82,4.61,4.14,4.68,5.14,2024-11-29,3.41,21.27125128267314,31/10/2024,4.7234,4.4623,5.0022,5.7647,5.0,2.5237,False
2024-11,B,Banco,GNB,3.6,4.87,4.89,4.77,4.81,4.65,4.83,,2024-11-29,2.99,14.516381891639416,31/10/2024,4.7234,4.4623,5.0022,5.7647,5.0,2.5237,False
2024-11,B,Banco,ICBC,,4.88,4.98,,,,4.88,,2024-11-29,1.23,39.43737399522024,31/10/2024,4.7234,4.4623,5.0022,5.7647,5.0,2.5237,False
2024-11,B,Banco,Interbank,0.06,4.58,4.77,4.78,4.67,4.25,4.6,2.5,2024-11-29,2.89,16.02142917904331,31/10/2024,4.7234,4.4623,5.0022,5.7647,5.0,2.5237,False
2024-11,B,Banco,Mibanco,0.89,4.86,4.56,3.7,3.81,4.29,4.64,5.89,2024-11-29,6.71,18.982282059914912,31/10/2024,4.7234,4.4623,5.0022,5.7647,5.0,2.5237,False
2024-11,B,Banco,Pichincha,3.57,3.59,4.77,4.54,4.34,,4.51,4.99,2024-11-29,6.8100000000000005,13.123105328986169,31/10/2024,4.7234,4.4623,5.0022,5.7647,5.0,2.5237,False
2024-11,B,Banco,Ripley,0.09,,,3.45,5.25,4.7,5.02,5.75,2024-11-29,3.75,17.759997256997934,31/10/2024,4.7234,4.4623,5.0022,5.7647,5.0,2.5237,False
2024-11,B,Banco,Santander,0.01,4.23,4.24,4.0,4.35,4.0,4.23,,2024-11-29,4.78,18.244625508426253,31/10/2024,4.7234,4.4623,5.0022,5.7647,5.0,2.5237,False
2024-11,B,Banco,Scotiabank,1.36,4.1,4.38,4.02,3.94,3.81,4.12,0.55,2024-11-29,4.32,16.539186236870464,31/10/2024,4.7234,4.4623,5.0022,5.7647,5.0,2.5237,False
2024-11,C,Caja municipal,CMAC Arequipa,1.83,4.51,4.92,5.06,4.95,4.79,4.94,5.02,2024-11,5.8100000000000005,14.66,mismo mes,4.7234,4.4623,5.0022,5.7647,5.0,2.5237,False
2024-11,C,Caja municipal,CMAC Cusco,1.32,1.47,3.35,2.37,2.57,4.01,2.69,5.29,2024-11,4.92,13.25,mismo mes,4.7234,4.4623,5.0022,5.7647,5.0,2.5237,False
2024-11,C,Caja municipal,CMAC Huancayo,0.67,1.82,4.91,5.35,4.99,3.9,4.95,4.96,2024-11,4.97,12.9,mismo mes,4.7234,4.4623,5.0022,5.7647,5.0,2.5237,False
2024-11,C,Caja municipal,CMAC Ica,1.14,,4.22,4.88,5.06,5.7,5.42,4.61,2024-11,5.11,15.13,mismo mes,4.7234,4.4623,5.0022,5.7647,5.0,2.5237,False
2024-11,C,Caja municipal,CMAC Maynas,0.85,5.0,5.41,5.86,6.29,6.68,6.04,5.49,2024-11,9.18,13.64,mismo mes,4.7234,4.4623,5.0022,5.7647,5.0,2.5237,False
2024-11,C,Caja municipal,CMAC Paita,0.24,,5.83,4.97,6.24,5.53,5.63,6.09,2024-11,11.58,14.55,mismo mes,4.7234,4.4623,5.0022,5.7647,5.0,2.5237,False
2024-11,C,Caja municipal,CMAC Piura,0.35,,1.75,2.33,3.85,4.28,3.29,6.52,2024-11,8.3,12.83,mismo mes,4.7234,4.4623,5.0022,5.7647,5.0,2.5237,False
2024-11,C,Caja municipal,CMAC Tacna,0.84,,1.43,4.82,3.03,4.35,4.16,4.7,2024-11,9.37,15.77,mismo mes,4.7234,4.4623,5.0022,5.7647,5.0,2.5237,False
2024-11,C,Caja municipal,CMAC Trujillo,0.31,4.88,4.7,4.6,4.47,4.38,4.55,5.81,2024-11,9.35,18.34,mismo mes,4.7234,4.4623,5.0022,5.7647,5.0,2.5237,False
2024-11,C,Caja municipal,CMAC del Santa,0.6,,1.07,2.33,4.21,6.19,4.87,6.5,2024-11,9.68,12.25,mismo mes,4.7234,4.4623,5.0022,5.7647,5.0,2.5237,False
2024-11,C,Caja municipal,CMCP Lima,1.24,,5.89,6.03,6.07,6.21,6.07,6.58,2024-11,5.09,12.38,mismo mes,4.7234,4.4623,5.0022,5.7647,5.0,2.5237,False
2024-11,F,Financiera,Compartamos,1.75,4.82,4.92,4.43,5.21,4.5,4.8,5.98,2024-11-29,6.22,20.94,31/10/2024,4.7234,4.4623,5.0022,5.7647,5.0,2.5237,False
2024-11,F,Financiera,Confianza,1.36,1.89,5.27,5.55,5.53,5.66,5.52,6.02,2024-11-29,7.26,18.46,31/10/2024,4.7234,4.4623,5.0022,5.7647,5.0,2.5237,False
2024-11,F,Financiera,Crediscotia,0.08,4.61,4.82,2.97,4.27,3.98,4.32,5.73,2024-11-29,5.27,21.099539307194775,31/10/2024,4.7234,4.4623,5.0022,5.7647,5.0,2.5237,False
2024-11,F,Financiera,Efectiva,6.0,,5.15,5.25,5.6,6.1,5.79,,2024-11-29,4.03,24.9,31/10/2024,4.7234,4.4623,5.0022,5.7647,5.0,2.5237,False
2024-11,F,Financiera,Mitsui,,,,,,,,,2024-11-29,5.79,16.6,31/10/2024,4.7234,4.4623,5.0022,5.7647,5.0,2.5237,False
2024-11,F,Financiera,Oh!,5.48,1.85,4.94,5.0,5.25,5.35,5.12,6.5,2024-11-29,6.1,17.84,31/10/2024,4.7234,4.4623,5.0022,5.7647,5.0,2.5237,False
2024-11,F,Financiera,Proempresa,0.99,,1.23,1.92,5.19,6.24,6.2,6.9,2024-11-29,11.16,12.16,31/10/2024,4.7234,4.4623,5.0022,5.7647,5.0,2.5237,False
2024-11,F,Financiera,Qapaq,5.13,,3.5,4.14,4.49,4.21,4.4,6.43,2024-11-29,9.08,12.08,31/10/2024,4.7234,4.4623,5.0022,5.7647,5.0,2.5237,False
2024-11,F,Financiera,Surgir,0.01,,5.49,5.74,6.01,5.75,5.87,,2024-11-29,4.12,25.18,31/10/2024,4.7234,4.4623,5.0022,5.7647,5.0,2.5237,False
2024-12,B,Banco,Alfin,0.87,1.0,2.65,3.46,2.76,5.66,4.56,,2024-12-30,4.37,16.75552375776069,30/11/2024,4.6347,4.3146,4.8316,5.6166,5.0,2.42,False
2024-12,B,Banco,BBVA,0.24,4.16,3.63,3.95,4.11,3.59,4.12,1.19,2024-12-30,3.72,15.805888163734194,30/11/2024,4.6347,4.3146,4.8316,5.6166,5.0,2.42,False
2024-12,B,Banco,BCI,,4.74,4.91,4.95,,4.4,4.75,,2024-12-30,1.23,30.870568127355487,30/11/2024,4.6347,4.3146,4.8316,5.6166,5.0,2.42,False
2024-12,B,Banco,BIF,1.8,4.59,4.56,4.73,4.35,4.41,4.59,2.76,2024-12-30,3.84,14.49551232046431,30/11/2024,4.6347,4.3146,4.8316,5.6166,5.0,2.42,False
2024-12,B,Banco,Bancom,1.26,0.56,1.64,0.88,3.17,3.21,2.88,5.25,2024-12-30,3.93,13.926726706429088,30/11/2024,4.6347,4.3146,4.8316,5.6166,5.0,2.42,False
2024-12,B,Banco,Bank of China,,4.62,,,,,4.62,,2024-12-30,0.0,51.88045526384235,30/11/2024,4.6347,4.3146,4.8316,5.6166,5.0,2.42,False
2024-12,B,Banco,Citibank,0.09,4.11,3.77,,,,4.11,,2024-12-30,0.0,25.08672098290686,30/11/2024,4.6347,4.3146,4.8316,5.6166,5.0,2.42,False
2024-12,B,Banco,Crédito,0.03,4.38,4.35,4.28,4.19,4.56,4.37,1.83,2024-12-30,3.56,18.46347228317645,30/11/2024,4.6347,4.3146,4.8316,5.6166,5.0,2.42,False
2024-12,B,Banco,Falabella,2.74,4.66,4.84,4.79,4.37,3.85,4.66,5.14,2024-12-30,3.26,21.009500376852667,30/11/2024,4.6347,4.3146,4.8316,5.6166,5.0,2.42,False
2024-12,B,Banco,GNB,3.52,4.76,4.9,4.8,4.71,4.52,4.76,,2024-12-30,2.69,14.571205280278791,30/11/2024,4.6347,4.3146,4.8316,5.6166,5.0,2.42,False
2024-12,B,Banco,ICBC,,4.59,4.98,,,,4.59,,2024-12-30,0.98,40.582329766541946,30/11/2024,4.6347,4.3146,4.8316,5.6166,5.0,2.42,False
2024-12,B,Banco,Interbank,0.08,4.44,4.65,4.45,4.58,4.18,4.46,2.5,2024-12-30,2.71,16.224202183731002,30/11/2024,4.6347,4.3146,4.8316,5.6166,5.0,2.42,False
2024-12,B,Banco,Mibanco,0.84,4.79,4.46,3.84,4.21,3.93,4.6,4.53,2024-12-30,6.63,19.16679901699817,30/11/2024,4.6347,4.3146,4.8316,5.6166,5.0,2.42,False
2024-12,B,Banco,Pichincha,3.35,3.65,4.58,4.5,4.25,4.0,4.45,4.65,2024-12-30,6.75,12.98779120016365,30/11/2024,4.6347,4.3146,4.8316,5.6166,5.0,2.42,False
2024-12,B,Banco,Ripley,0.07,,5.25,5.01,5.25,4.87,4.94,5.75,2024-12-30,3.67,17.617723146434333,30/11/2024,4.6347,4.3146,4.8316,5.6166,5.0,2.42,False
2024-12,B,Banco,Santander,0.01,4.13,3.82,4.02,,4.0,4.13,,2024-12-30,4.89,19.0371995458598,30/11/2024,4.6347,4.3146,4.8316,5.6166,5.0,2.42,False
2024-12,B,Banco,Scotiabank,1.34,3.96,3.95,4.01,3.39,4.34,3.96,0.6,2024-12-30,4.26,17.067966766919632,30/11/2024,4.6347,4.3146,4.8316,5.6166,5.0,2.42,False
2024-12,C,Caja municipal,CMAC Arequipa,2.77,4.66,4.77,4.99,4.69,4.49,4.81,2.67,2024-12,5.47,14.47,mismo mes,4.6347,4.3146,4.8316,5.6166,5.0,2.42,False
2024-12,C,Caja municipal,CMAC Cusco,1.8,4.8,4.65,3.04,4.25,3.8,4.15,5.01,2024-12,4.76,13.2,mismo mes,4.6347,4.3146,4.8316,5.6166,5.0,2.42,False
2024-12,C,Caja municipal,CMAC Huancayo,0.66,2.96,5.13,5.19,5.15,3.9,4.98,5.05,2024-12,4.63,12.91,mismo mes,4.6347,4.3146,4.8316,5.6166,5.0,2.42,False
2024-12,C,Caja municipal,CMAC Ica,1.04,,4.26,5.21,5.1,5.7,5.49,4.89,2024-12,4.98,15.8,mismo mes,4.6347,4.3146,4.8316,5.6166,5.0,2.42,False
2024-12,C,Caja municipal,CMAC Maynas,3.76,7.07,0.76,6.85,6.97,7.42,7.07,5.3,2024-12,9.39,12.96,mismo mes,4.6347,4.3146,4.8316,5.6166,5.0,2.42,False
2024-12,C,Caja municipal,CMAC Paita,0.2,,6.63,6.4,6.89,5.99,6.39,6.85,2024-12,9.83,14.25,mismo mes,4.6347,4.3146,4.8316,5.6166,5.0,2.42,False
2024-12,C,Caja municipal,CMAC Piura,0.35,,1.67,2.11,3.8,3.7,3.23,6.51,2024-12,8.18,12.58,mismo mes,4.6347,4.3146,4.8316,5.6166,5.0,2.42,False
2024-12,C,Caja municipal,CMAC Tacna,0.87,,5.15,4.24,3.92,4.77,4.6,4.54,2024-12,8.82,16.05,mismo mes,4.6347,4.3146,4.8316,5.6166,5.0,2.42,False
2024-12,C,Caja municipal,CMAC Trujillo,0.35,4.59,4.63,4.49,4.49,4.33,4.5,5.75,2024-12,8.82,18.36,mismo mes,4.6347,4.3146,4.8316,5.6166,5.0,2.42,False
2024-12,C,Caja municipal,CMAC del Santa,0.6,,1.24,2.45,4.14,6.21,5.14,6.5,2024-12,8.33,12.59,mismo mes,4.6347,4.3146,4.8316,5.6166,5.0,2.42,False
2024-12,C,Caja municipal,CMCP Lima,1.29,2.75,6.43,6.11,6.09,5.93,6.21,6.4,2024-12,4.51,12.61,mismo mes,4.6347,4.3146,4.8316,5.6166,5.0,2.42,False
2024-12,F,Financiera,Compartamos,1.87,4.75,4.93,4.25,5.1,4.59,4.78,5.5,2024-12-30,6.24,20.61,30/11/2024,4.6347,4.3146,4.8316,5.6166,5.0,2.42,False
2024-12,F,Financiera,Confianza,1.25,5.0,5.35,5.57,5.65,5.81,5.53,5.68,2024-12-30,6.27,18.15,30/11/2024,4.6347,4.3146,4.8316,5.6166,5.0,2.42,False
2024-12,F,Financiera,Crediscotia,0.1,4.84,4.63,3.01,4.43,3.55,4.44,5.71,2024-12-30,5.14,21.312546271082294,30/11/2024,4.6347,4.3146,4.8316,5.6166,5.0,2.42,False
2024-12,F,Financiera,Efectiva,5.83,,5.0,5.01,5.37,5.86,5.56,,2024-12-30,3.78,25.25,30/11/2024,4.6347,4.3146,4.8316,5.6166,5.0,2.42,False
2024-12,F,Financiera,Mitsui,,,,,,,,,2024-12-30,5.97,16.69,30/11/2024,4.6347,4.3146,4.8316,5.6166,5.0,2.42,False
2024-12,F,Financiera,Oh!,5.0,1.85,4.96,5.0,5.25,5.35,5.11,6.5,2024-12-30,5.41,17.44,30/11/2024,4.6347,4.3146,4.8316,5.6166,5.0,2.42,False
2024-12,F,Financiera,Proempresa,1.02,,1.24,1.86,5.15,5.81,5.75,6.9,2024-12-30,9.29,11.66,30/11/2024,4.6347,4.3146,4.8316,5.6166,5.0,2.42,False
2024-12,F,Financiera,Qapaq,5.32,,3.5,4.34,4.49,4.19,4.4,5.79,2024-12-30,8.72,12.16,30/11/2024,4.6347,4.3146,4.8316,5.6166,5.0,2.42,False
2024-12,F,Financiera,Surgir,,,5.45,6.02,5.97,5.79,5.94,,2024-12-30,4.19,24.52,30/11/2024,4.6347,4.3146,4.8316,5.6166,5.0,2.42,False
2025-01,B,Banco,Alfin,0.82,1.0,2.71,3.3,2.95,5.18,4.07,,2025-01-31,4.32,15.217888875539996,31/12/2024,4.5134,4.2285,4.7077,5.5053,4.75,2.3587,False
2025-01,B,Banco,BBVA,0.24,4.02,3.48,3.9,4.11,3.48,3.98,1.72,2025-01-31,3.75,15.94723100387869,31/12/2024,4.5134,4.2285,4.7077,5.5053,4.75,2.3587,False
2025-01,B,Banco,BCI,,4.65,4.93,4.65,,,4.65,,2025-01-31,1.17,29.490741669779684,31/12/2024,4.5134,4.2285,4.7077,5.5053,4.75,2.3587,False
2025-01,B,Banco,BIF,1.81,4.43,4.52,4.75,4.28,3.58,4.44,2.85,2025-01-31,3.88,14.947826906019898,31/12/2024,4.5134,4.2285,4.7077,5.5053,4.75,2.3587,False
2025-01,B,Banco,Bancom,1.43,0.66,0.63,2.36,3.81,3.83,3.71,5.25,2025-01-31,4.21,14.354797356944418,31/12/2024,4.5134,4.2285,4.7077,5.5053,4.75,2.3587,False
2025-01,B,Banco,Bank of China,,4.35,,,,,4.35,,2025-01-31,0.0,44.21111071192216,31/12/2024,4.5134,4.2285,4.7077,5.5053,4.75,2.3587,False
2025-01,B,Banco,Citibank,0.1,3.55,3.72,,,,3.55,,2025-01-31,0.0,24.606631138767124,31/12/2024,4.5134,4.2285,4.7077,5.5053,4.75,2.3587,False
2025-01,B,Banco,Compartamos,1.98,4.72,4.75,4.43,4.75,4.44,4.67,5.94,2025-01-31,6.24,20.41,31/12/2024,4.5134,4.2285,4.7077,5.5053,4.75,2.3587,False
2025-01,B,Banco,Crédito,0.03,4.29,4.3,3.85,4.28,3.13,4.28,2.57,2025-01-31,3.5,18.70665792718404,31/12/2024,4.5134,4.2285,4.7077,5.5053,4.75,2.3587,False
2025-01,B,Banco,Falabella,2.74,4.61,4.64,4.75,4.32,3.78,4.6,5.14,2025-01-31,3.45,20.98301219535806,31/12/2024,4.5134,4.2285,4.7077,5.5053,4.75,2.3587,False
2025-01,B,Banco,GNB,3.12,4.74,4.73,4.63,4.69,4.52,4.71,,2025-01-31,2.98,14.7953608166883,31/12/2024,4.5134,4.2285,4.7077,5.5053,4.75,2.3587,False
2025-01,B,Banco,ICBC,,4.32,4.22,,,,4.31,,2025-01-31,1.47,40.77082539505653,31/12/2024,4.5134,4.2285,4.7077,5.5053,4.75,2.3587,False
2025-01,B,Banco,Interbank,0.08,4.35,4.46,4.52,4.53,4.12,4.37,2.5,2025-01-31,2.79,15.92221622551052,31/12/2024,4.5134,4.2285,4.7077,5.5053,4.75,2.3587,False
2025-01,B,Banco,Mibanco,0.88,4.64,4.42,3.69,4.13,2.62,4.44,5.24,2025-01-31,6.13,19.42085024056554,31/12/2024,4.5134,4.2285,4.7077,5.5053,4.75,2.3587,False
2025-01,B,Banco,Pichincha,3.36,3.92,4.54,4.47,4.25,4.0,4.45,4.16,2025-01-31,6.94,12.562548524494858,31/12/2024,4.5134,4.2285,4.7077,5.5053,4.75,2.3587,False
2025-01,B,Banco,Ripley,0.07,,5.11,,5.14,4.81,4.97,5.75,2025-01-31,3.76,17.477140600054124,31/12/2024,4.5134,4.2285,4.7077,5.5053,4.75,2.3587,False
2025-01,B,Banco,Santander,0.01,4.02,3.0,4.1,4.0,,3.98,,2025-01-31,5.03,19.420505721995017,31/12/2024,4.5134,4.2285,4.7077,5.5053,4.75,2.3587,False
2025-01,B,Banco,Scotiabank,1.34,4.0,3.91,3.5,3.33,2.7,3.96,0.57,2025-01-31,4.13,17.140810126945755,31/12/2024,4.5134,4.2285,4.7077,5.5053,4.75,2.3587,False
2025-01,C,Caja municipal,CMAC Arequipa,1.47,4.54,4.45,4.86,4.78,4.16,4.7,2.6,2025-01,5.58,14.27,mismo mes,4.5134,4.2285,4.7077,5.5053,4.75,2.3587,False
2025-01,C,Caja municipal,CMAC Cusco,1.84,1.2,1.42,1.54,5.07,1.85,4.58,5.07,2025-01,4.9,13.84,mismo mes,4.5134,4.2285,4.7077,5.5053,4.75,2.3587,False
2025-01,C,Caja municipal,CMAC Huancayo,0.69,1.33,3.46,2.43,4.48,4.27,4.12,4.93,2025-01,5.14,13.04,mismo mes,4.5134,4.2285,4.7077,5.5053,4.75,2.3587,False
2025-01,C,Caja municipal,CMAC Ica,1.03,,4.24,4.76,5.02,5.46,5.28,4.66,2025-01,4.97,15.91,mismo mes,4.5134,4.2285,4.7077,5.5053,4.75,2.3587,False
2025-01,C,Caja municipal,CMAC Maynas,4.24,,6.39,6.99,6.93,7.52,7.22,4.9,2025-01,9.26,13.06,mismo mes,4.5134,4.2285,4.7077,5.5053,4.75,2.3587,False
2025-01,C,Caja municipal,CMAC Paita,0.37,,4.79,5.2,5.75,6.05,5.6,6.38,2025-01,9.58,14.16,mismo mes,4.5134,4.2285,4.7077,5.5053,4.75,2.3587,False
2025-01,C,Caja municipal,CMAC Piura,0.35,,1.78,2.31,3.3,3.67,2.9,6.5,2025-01,8.57,12.59,mismo mes,4.5134,4.2285,4.7077,5.5053,4.75,2.3587,False
2025-01,C,Caja municipal,CMAC Tacna,0.82,,5.64,3.03,3.76,4.72,4.85,4.68,2025-01,9.08,16.14,mismo mes,4.5134,4.2285,4.7077,5.5053,4.75,2.3587,False
2025-01,C,Caja municipal,CMAC Trujillo,0.34,4.49,4.45,4.06,4.36,4.21,4.31,6.05,2025-01,8.74,18.23,mismo mes,4.5134,4.2285,4.7077,5.5053,4.75,2.3587,False
2025-01,C,Caja municipal,CMAC del Santa,0.6,,1.42,2.48,3.57,5.44,4.11,6.5,2025-01,8.52,12.46,mismo mes,4.5134,4.2285,4.7077,5.5053,4.75,2.3587,False
2025-01,C,Caja municipal,CMCP Lima,1.46,,6.45,5.8,5.99,5.35,6.05,6.45,2025-01,4.93,12.61,mismo mes,4.5134,4.2285,4.7077,5.5053,4.75,2.3587,False
2025-01,F,Financiera,Confianza,1.15,5.0,4.94,5.52,5.33,5.74,5.35,5.13,2025-01-31,6.45,18.1,31/12/2024,4.5134,4.2285,4.7077,5.5053,4.75,2.3587,False
2025-01,F,Financiera,Crediscotia,0.04,4.9,4.72,4.31,4.52,3.66,4.55,0.01,2025-01-31,4.99,21.848921259477816,31/12/2024,4.5134,4.2285,4.7077,5.5053,4.75,2.3587,False
2025-01,F,Financiera,Efectiva,5.04,,5.0,5.0,5.41,5.89,5.62,,2025-01-31,3.65,23.86,31/12/2024,4.5134,4.2285,4.7077,5.5053,4.75,2.3587,False
2025-01,F,Financiera,Mitsui,,,,,,,,,2025-01-31,5.85,16.52,31/12/2024,4.5134,4.2285,4.7077,5.5053,4.75,2.3587,False
2025-01,F,Financiera,Oh!,5.0,5.07,4.94,5.0,5.25,5.35,5.13,6.5,2025-01-31,4.85,17.0,31/12/2024,4.5134,4.2285,4.7077,5.5053,4.75,2.3587,False
2025-01,F,Financiera,Proempresa,1.11,,1.22,2.06,5.38,5.77,5.62,6.9,2025-01-31,9.62,11.69,31/12/2024,4.5134,4.2285,4.7077,5.5053,4.75,2.3587,False
2025-01,F,Financiera,Qapaq,5.76,,3.5,3.96,4.48,4.25,4.33,,2025-01-31,8.72,12.23,31/12/2024,4.5134,4.2285,4.7077,5.5053,4.75,2.3587,False
2025-01,F,Financiera,Surgir,,,4.91,5.5,5.91,5.78,5.81,,2025-01-31,4.45,24.45,31/12/2024,4.5134,4.2285,4.7077,5.5053,4.75,2.3587,False
2025-02,B,Banco,Alfin,1.02,1.0,2.94,3.08,3.06,4.35,3.64,,2025-02-28,3.73,14.442028815824187,31/01/2025,4.3778,4.1744,4.6048,5.412,4.75,2.3507,False
2025-02,B,Banco,BBVA,1.12,4.0,3.75,3.9,4.24,3.8,3.98,1.51,2025-02-28,3.64,16.281347564942696,31/01/2025,4.3778,4.1744,4.6048,5.412,4.75,2.3507,False
2025-02,B,Banco,BCI,,4.55,4.74,4.64,,,4.56,,2025-02-28,1.1,28.904169805907152,31/01/2025,4.3778,4.1744,4.6048,5.412,4.75,2.3507,False
2025-02,B,Banco,BIF,1.5,4.32,4.36,4.25,4.36,4.55,4.32,3.96,2025-02-28,3.98,15.013474415014205,31/01/2025,4.3778,4.1744,4.6048,5.412,4.75,2.3507,False
2025-02,B,Banco,Bancom,1.26,0.79,1.86,2.07,3.62,3.53,3.42,5.25,2025-02-28,4.49,14.446716405676987,31/01/2025,4.3778,4.1744,4.6048,5.412,4.75,2.3507,False
2025-02,B,Banco,Bank of China,,4.24,,,,,4.24,,2025-02-28,0.0,45.77344301911757,31/01/2025,4.3778,4.1744,4.6048,5.412,4.75,2.3507,False
2025-02,B,Banco,Citibank,0.07,3.75,3.71,,,,3.75,,2025-02-28,0.0,22.676798507644016,31/01/2025,4.3778,4.1744,4.6048,5.412,4.75,2.3507,False
2025-02,B,Banco,Compartamos,1.96,4.63,4.7,4.51,4.31,4.46,4.54,5.73,2025-02-28,6.0600000000000005,21.00475821836025,31/01/2025,4.3778,4.1744,4.6048,5.412,4.75,2.3507,False
2025-02,B,Banco,Crédito,0.03,4.28,4.39,3.94,4.1,3.97,4.27,3.51,2025-02-28,3.39,19.09111564295394,31/01/2025,4.3778,4.1744,4.6048,5.412,4.75,2.3507,False
2025-02,B,Banco,Falabella,2.74,4.6,4.42,4.7,4.5,3.77,4.58,5.14,2025-02-28,3.53,21.56464230438661,31/01/2025,4.3778,4.1744,4.6048,5.412,4.75,2.3507,False
2025-02,B,Banco,GNB,3.58,4.41,4.65,4.61,4.81,4.37,4.52,,2025-02-28,2.83,14.96609273161602,31/01/2025,4.3778,4.1744,4.6048,5.412,4.75,2.3507,False
2025-02,B,Banco,ICBC,,3.74,4.22,,,,3.78,,2025-02-28,1.39,43.4121196745389,31/01/2025,4.3778,4.1744,4.6048,5.412,4.75,2.3507,False
2025-02,B,Banco,Interbank,0.08,4.28,4.33,4.21,4.55,3.97,4.28,2.51,2025-02-28,2.68,18.000438241264792,31/01/2025,4.3778,4.1744,4.6048,5.412,4.75,2.3507,False
2025-02,B,Banco,Mibanco,0.84,4.47,4.27,3.65,3.52,2.41,4.29,5.73,2025-02-28,5.8,19.705846272032243,31/01/2025,4.3778,4.1744,4.6048,5.412,4.75,2.3507,False
2025-02,B,Banco,Pichincha,3.4,4.02,4.54,4.56,4.28,,4.49,2.87,2025-02-28,6.92,12.588431563929154,31/01/2025,4.3778,4.1744,4.6048,5.412,4.75,2.3507,False
2025-02,B,Banco,Ripley,0.08,,5.0,,4.94,4.7,4.76,5.68,2025-02-28,3.51,17.794730795354006,31/01/2025,4.3778,4.1744,4.6048,5.412,4.75,2.3507,False
2025-02,B,Banco,Santander,0.01,3.94,3.82,4.16,4.17,1.75,3.95,,2025-02-28,5.19,19.35631504779795,31/01/2025,4.3778,4.1744,4.6048,5.412,4.75,2.3507,False
2025-02,B,Banco,Scotiabank,1.27,3.98,3.79,3.17,3.3,2.29,3.93,0.98,2025-02-28,4.13,17.340269012694165,31/01/2025,4.3778,4.1744,4.6048,5.412,4.75,2.3507,False
2025-02,C,Caja municipal,CMAC Arequipa,1.4,4.51,4.46,4.78,4.75,4.13,4.65,3.63,2025-02,5.7,14.27,mismo mes,4.3778,4.1744,4.6048,5.412,4.75,2.3507,False
2025-02,C,Caja municipal,CMAC Cusco,0.81,1.2,1.39,1.6,3.23,3.26,2.81,5.04,2025-02,4.84,13.68,mismo mes,4.3778,4.1744,4.6048,5.412,4.75,2.3507,False
2025-02,C,Caja municipal,CMAC Huancayo,0.69,1.74,3.57,3.12,4.22,4.88,4.25,5.35,2025-02,5.51,13.72,mismo mes,4.3778,4.1744,4.6048,5.412,4.75,2.3507,False
2025-02,C,Caja municipal,CMAC Ica,1.17,,4.2,4.63,5.01,5.4,5.23,4.47,2025-02,5.3500000000000005,15.85,mismo mes,4.3778,4.1744,4.6048,5.412,4.75,2.3507,False
2025-02,C,Caja municipal,CMAC Maynas,5.36,,5.31,5.47,5.6,6.37,5.84,5.05,2025-02,9.41,12.59,mismo mes,4.3778,4.1744,4.6048,5.412,4.75,2.3507,False
2025-02,C,Caja municipal,CMAC Paita,0.19,,4.66,5.31,5.71,5.48,5.41,6.31,2025-02,9.32,13.67,mismo mes,4.3778,4.1744,4.6048,5.412,4.75,2.3507,False
2025-02,C,Caja municipal,CMAC Piura,0.35,,1.81,2.33,3.39,5.08,3.55,6.5,2025-02,8.81,12.51,mismo mes,4.3778,4.1744,4.6048,5.412,4.75,2.3507,False
2025-02,C,Caja municipal,CMAC Tacna,0.83,,4.61,5.27,3.61,4.79,5.07,4.53,2025-02,9.41,16.45,mismo mes,4.3778,4.1744,4.6048,5.412,4.75,2.3507,False
2025-02,C,Caja municipal,CMAC Trujillo,0.33,4.35,4.32,4.04,4.38,4.23,4.28,6.22,2025-02,8.73,18.16,mismo mes,4.3778,4.1744,4.6048,5.412,4.75,2.3507,False
2025-02,C,Caja municipal,CMAC del Santa,0.6,,1.03,2.39,4.31,5.58,4.94,,2025-02,8.84,12.37,mismo mes,4.3778,4.1744,4.6048,5.412,4.75,2.3507,False
2025-02,C,Caja municipal,CMCP Lima,,2.75,2.75,5.1,5.08,5.25,5.12,6.42,2025-02,4.92,12.47,mismo mes,4.3778,4.1744,4.6048,5.412,4.75,2.3507,False
2025-02,F,Financiera,Confianza,1.15,2.27,4.77,5.4,5.36,5.47,5.32,5.54,2025-02-28,6.84,18.12,31/01/2025,4.3778,4.1744,4.6048,5.412,4.75,2.3507,False
2025-02,F,Financiera,Crediscotia,0.13,4.7,4.69,4.37,4.19,3.46,4.37,5.66,2025-02-28,4.78,22.112988804021665,31/01/2025,4.3778,4.1744,4.6048,5.412,4.75,2.3507,False
2025-02,F,Financiera,Efectiva,5.0,,5.0,4.99,5.45,5.95,5.7,,2025-02-28,3.75,23.74,31/01/2025,4.3778,4.1744,4.6048,5.412,4.75,2.3507,False
2025-02,F,Financiera,Mitsui,,,,,,,,,2025-02-28,6.1,16.94,31/01/2025,4.3778,4.1744,4.6048,5.412,4.75,2.3507,False
2025-02,F,Financiera,Oh!,5.0,5.09,5.0,5.0,5.25,5.35,4.86,6.5,2025-02-28,4.65,17.42,31/01/2025,4.3778,4.1744,4.6048,5.412,4.75,2.3507,False
2025-02,F,Financiera,Proempresa,1.06,,1.28,2.09,5.4,5.78,5.59,6.9,2025-02-28,10.49,11.63,31/01/2025,4.3778,4.1744,4.6048,5.412,4.75,2.3507,False
2025-02,F,Financiera,Qapaq,6.09,,3.5,4.33,4.48,4.28,4.37,,2025-02-28,8.84,12.36,31/01/2025,4.3778,4.1744,4.6048,5.412,4.75,2.3507,False
2025-02,F,Financiera,Surgir,0.01,,4.9,5.38,5.85,5.72,5.71,,2025-02-28,5.69,25.66,31/01/2025,4.3778,4.1744,4.6048,5.412,4.75,2.3507,False
2025-03,B,Banco,Alfin,1.74,1.0,2.64,3.02,3.36,4.33,3.81,,2025-03-31,3.52,13.87934802817684,28/02/2025,4.2823,4.135,4.6114,5.3911,4.75,2.3426,False
2025-03,B,Banco,BBVA,0.21,4.18,3.6,3.84,4.21,3.61,4.14,1.59,2025-03-31,3.59,16.53429273181124,28/02/2025,4.2823,4.135,4.6114,5.3911,4.75,2.3426,False
2025-03,B,Banco,BCI,,4.51,4.64,4.54,,,4.52,,2025-03-31,1.1,28.10548965070882,28/02/2025,4.2823,4.135,4.6114,5.3911,4.75,2.3426,False
2025-03,B,Banco,BIF,1.77,4.34,4.37,4.2,4.32,4.54,4.34,3.98,2025-03-31,3.92,15.2281254230037,28/02/2025,4.2823,4.135,4.6114,5.3911,4.75,2.3426,False
2025-03,B,Banco,Bancom,1.22,0.7,0.64,2.36,3.42,3.6,3.26,5.25,2025-03-31,4.38,14.354285497607606,28/02/2025,4.2823,4.135,4.6114,5.3911,4.75,2.3426,False
2025-03,B,Banco,Bank of China,,4.15,,,,,4.15,,2025-03-31,0.0,45.23961605254776,28/02/2025,4.2823,4.135,4.6114,5.3911,4.75,2.3426,False
2025-03,B,Banco,Citibank,0.09,3.6,3.55,,,,3.6,,2025-03-31,0.0,26.24417973486641,28/02/2025,4.2823,4.135,4.6114,5.3911,4.75,2.3426,False
2025-03,B,Banco,Compartamos,1.72,4.52,4.64,4.3,4.29,4.29,4.39,5.95,2025-03-31,5.94,21.31641764955252,28/02/2025,4.2823,4.135,4.6114,5.3911,4.75,2.3426,False
2025-03,B,Banco,Crédito,0.03,4.18,4.24,4.04,3.84,4.23,4.18,3.69,2025-03-31,3.5500000000000003,19.21987748008622,28/02/2025,4.2823,4.135,4.6114,5.3911,4.75,2.3426,False
2025-03,B,Banco,Falabella,2.74,4.56,4.12,4.6,4.49,4.16,4.53,5.14,2025-03-31,3.48,22.11722421185916,28/02/2025,4.2823,4.135,4.6114,5.3911,4.75,2.3426,False
2025-03,B,Banco,GNB,3.52,4.36,4.6,4.62,4.66,4.28,4.5,,2025-03-31,2.75,14.970598306424746,28/02/2025,4.2823,4.135,4.6114,5.3911,4.75,2.3426,False
2025-03,B,Banco,ICBC,,3.75,,,,,3.75,,2025-03-31,1.3,41.486187435067976,28/02/2025,4.2823,4.135,4.6114,5.3911,4.75,2.3426,False
2025-03,B,Banco,Interbank,0.08,4.31,4.21,4.38,4.49,3.95,4.3,2.5,2025-03-31,2.73,17.90492474493855,28/02/2025,4.2823,4.135,4.6114,5.3911,4.75,2.3426,False
2025-03,B,Banco,Mibanco,0.82,4.51,4.26,3.7,3.95,2.62,4.35,5.76,2025-03-31,5.65,19.786819421857864,28/02/2025,4.2823,4.135,4.6114,5.3911,4.75,2.3426,False
2025-03,B,Banco,Pichincha,3.4,4.06,4.49,4.45,4.28,4.3,4.43,1.54,2025-03-31,7.19,12.828527310898366,28/02/2025,4.2823,4.135,4.6114,5.3911,4.75,2.3426,False
2025-03,B,Banco,Ripley,0.09,,4.61,4.71,4.75,4.71,4.57,5.25,2025-03-31,3.47,17.99562968662904,28/02/2025,4.2823,4.135,4.6114,5.3911,4.75,2.3426,False
2025-03,B,Banco,Santander,0.01,3.86,3.99,4.07,,,3.87,,2025-03-31,5.16,20.284435805928386,28/02/2025,4.2823,4.135,4.6114,5.3911,4.75,2.3426,False
2025-03,B,Banco,Scotiabank,1.35,4.01,3.81,3.94,3.82,3.44,4.0,2.3,2025-03-31,4.17,18.184203956196946,28/02/2025,4.2823,4.135,4.6114,5.3911,4.75,2.3426,False
2025-03,C,Caja municipal,CMAC Arequipa,1.42,4.57,4.46,4.77,4.72,4.15,4.69,4.77,2025-03,5.69,14.07,mismo mes,4.2823,4.135,4.6114,5.3911,4.75,2.3426,False
2025-03,C,Caja municipal,CMAC Cusco,0.62,1.2,1.55,1.92,3.26,2.58,2.83,4.4,2025-03,4.82,12.86,mismo mes,4.2823,4.135,4.6114,5.3911,4.75,2.3426,False
2025-03,C,Caja municipal,CMAC Huancayo,4.13,2.87,1.8,3.36,4.2,5.07,4.03,5.27,2025-03,5.4,13.41,mismo mes,4.2823,4.135,4.6114,5.3911,4.75,2.3426,False
2025-03,C,Caja municipal,CMAC Ica,1.16,,4.24,4.66,4.94,5.29,5.12,5.57,2025-03,5.16,15.79,mismo mes,4.2823,4.135,4.6114,5.3911,4.75,2.3426,False
2025-03,C,Caja municipal,CMAC Maynas,3.97,1.0,0.65,4.51,4.9,5.72,4.88,4.93,2025-03,9.95,12.72,mismo mes,4.2823,4.135,4.6114,5.3911,4.75,2.3426,False
2025-03,C,Caja municipal,CMAC Paita,0.12,,5.79,5.24,5.68,5.87,5.77,6.14,2025-03,9.19,13.33,mismo mes,4.2823,4.135,4.6114,5.3911,4.75,2.3426,False
2025-03,C,Caja municipal,CMAC Piura,0.35,,1.74,2.96,4.25,4.86,4.03,6.5,2025-03,9.02,12.61,mismo mes,4.2823,4.135,4.6114,5.3911,4.75,2.3426,False
2025-03,C,Caja municipal,CMAC Tacna,0.83,,3.84,5.17,4.43,4.53,4.51,3.71,2025-03,9.27,16.51,mismo mes,4.2823,4.135,4.6114,5.3911,4.75,2.3426,False
2025-03,C,Caja municipal,CMAC Trujillo,0.34,4.62,3.46,4.07,4.37,4.2,4.18,5.96,2025-03,8.69,18.0,mismo mes,4.2823,4.135,4.6114,5.3911,4.75,2.3426,False
2025-03,C,Caja municipal,CMAC del Santa,0.6,,1.21,2.08,4.5,4.73,4.66,6.5,2025-03,9.33,12.37,mismo mes,4.2823,4.135,4.6114,5.3911,4.75,2.3426,False
2025-03,C,Caja municipal,CMCP Lima,1.9,2.75,5.19,5.11,5.24,5.41,5.24,6.44,2025-03,4.34,12.58,mismo mes,4.2823,4.135,4.6114,5.3911,4.75,2.3426,False
2025-03,F,Financiera,Confianza,1.24,4.83,4.95,5.39,5.41,5.61,5.33,5.58,2025-03-31,7.07,18.02,28/02/2025,4.2823,4.135,4.6114,5.3911,4.75,2.3426,False
2025-03,F,Financiera,Crediscotia,0.03,4.28,4.61,4.38,4.13,3.36,4.29,5.66,2025-03-31,,,,4.2823,4.135,4.6114,5.3911,4.75,2.3426,False
2025-03,F,Financiera,Efectiva,5.0,,5.0,3.93,5.47,5.92,5.46,,2025-03-31,3.78,24.1,28/02/2025,4.2823,4.135,4.6114,5.3911,4.75,2.3426,False
2025-03,F,Financiera,Mitsui,,,,,,,,,2025-03-31,6.08,17.11,28/02/2025,4.2823,4.135,4.6114,5.3911,4.75,2.3426,False
2025-03,F,Financiera,Oh!,5.0,1.85,4.99,5.0,5.25,5.35,4.85,6.5,2025-03-31,4.43,17.78,28/02/2025,4.2823,4.135,4.6114,5.3911,4.75,2.3426,False
2025-03,F,Financiera,Proempresa,1.09,,1.19,1.57,5.33,5.76,5.69,6.9,2025-03-31,10.49,11.58,28/02/2025,4.2823,4.135,4.6114,5.3911,4.75,2.3426,False
2025-03,F,Financiera,Qapaq,6.46,,3.5,4.46,4.47,4.17,4.35,,2025-03-31,8.56,12.72,28/02/2025,4.2823,4.135,4.6114,5.3911,4.75,2.3426,False
2025-03,F,Financiera,Surgir,0.01,,5.13,5.51,5.68,5.72,5.6,,2025-03-31,6.94,25.87,28/02/2025,4.2823,4.135,4.6114,5.3911,4.75,2.3426,False
2025-04,B,Banco,Alfin,1.58,1.0,2.42,2.77,3.75,4.28,3.97,,2025-04-30,3.48,14.044750077699412,31/03/2025,4.262,4.1404,4.5614,5.3174,4.75,2.2863,False
2025-04,B,Banco,BBVA,0.33,4.11,3.86,3.98,4.29,3.39,4.07,2.24,2025-04-30,3.51,16.53429273181124,31/03/2025,4.262,4.1404,4.5614,5.3174,4.75,2.2863,False
2025-04,B,Banco,BCI,,4.56,4.58,4.19,,,4.56,,2025-04-30,1.04,40.912533315567714,31/03/2025,4.262,4.1404,4.5614,5.3174,4.75,2.2863,False
2025-04,B,Banco,BIF,1.74,4.53,4.49,4.42,4.41,3.06,4.53,2.34,2025-04-30,3.85,15.2281254230037,31/03/2025,4.262,4.1404,4.5614,5.3174,4.75,2.2863,False
2025-04,B,Banco,Bancom,1.27,0.86,0.68,2.29,3.56,3.37,3.26,5.25,2025-04-30,4.62,14.354285497607606,31/03/2025,4.262,4.1404,4.5614,5.3174,4.75,2.2863,False
2025-04,B,Banco,Bank of China,,4.1,,,,,4.1,,2025-04-30,0.0,47.65178076465409,31/03/2025,4.262,4.1404,4.5614,5.3174,4.75,2.2863,False
2025-04,B,Banco,Citibank,0.05,3.46,3.51,,,,3.46,,2025-04-30,0.0,26.24417973486641,31/03/2025,4.262,4.1404,4.5614,5.3174,4.75,2.2863,False
2025-04,B,Banco,Compartamos,1.45,4.27,4.42,4.25,4.38,4.45,4.33,5.96,2025-04-30,6.01,21.33555510381385,31/03/2025,4.262,4.1404,4.5614,5.3174,4.75,2.2863,False
2025-04,B,Banco,Crédito,0.03,4.18,4.14,4.41,3.96,4.29,4.18,3.84,2025-04-30,3.47,19.21987748008622,31/03/2025,4.262,4.1404,4.5614,5.3174,4.75,2.2863,False
2025-04,B,Banco,Falabella,2.74,4.56,4.12,4.46,4.3,4.33,4.53,5.14,2025-04-30,3.49,22.448046502982976,31/03/2025,4.262,4.1404,4.5614,5.3174,4.75,2.2863,False
2025-04,B,Banco,GNB,3.52,4.46,4.56,4.61,4.68,4.3,4.53,5.5,2025-04-30,2.61,14.98503219728622,31/03/2025,4.262,4.1404,4.5614,5.3174,4.75,2.2863,False
2025-04,B,Banco,ICBC,,3.6,,,,,3.6,,2025-04-30,1.31,40.4798957092142,31/03/2025,4.262,4.1404,4.5614,5.3174,4.75,2.2863,False
2025-04,B,Banco,Interbank,0.06,4.37,4.29,4.5,4.56,3.77,4.36,2.5,2025-04-30,2.68,17.90492474493855,31/03/2025,4.262,4.1404,4.5614,5.3174,4.75,2.2863,False
2025-04,B,Banco,Mibanco,0.83,4.57,4.2,3.59,3.78,2.81,4.35,5.81,2025-04-30,5.45,18.52888166867229,31/03/2025,4.262,4.1404,4.5614,5.3174,4.75,2.2863,False
2025-04,B,Banco,Pichincha,3.3,3.91,4.48,4.47,4.28,4.3,4.44,2.38,2025-04-30,6.94,12.828527310898366,31/03/2025,4.262,4.1404,4.5614,5.3174,4.75,2.2863,False
2025-04,B,Banco,Ripley,0.11,,,4.8,4.75,4.71,4.67,5.25,2025-04-30,3.47,17.928126872723922,31/03/2025,4.262,4.1404,4.5614,5.3174,4.75,2.2863,False
2025-04,B,Banco,Santander,0.01,3.94,4.32,4.1,4.0,4.16,3.95,,2025-04-30,5.16,18.94760042214772,31/03/2025,4.262,4.1404,4.5614,5.3174,4.75,2.2863,False
2025-04,B,Banco,Scotiabank,1.29,4.03,4.22,4.21,4.18,4.0,4.05,2.64,2025-04-30,4.15,18.184203956196946,31/03/2025,4.262,4.1404,4.5614,5.3174,4.75,2.2863,False
2025-04,C,Caja municipal,CMAC Arequipa,1.41,4.45,4.37,4.66,4.8,3.77,4.65,5.07,2025-04,5.58,14.09,mismo mes,4.262,4.1404,4.5614,5.3174,4.75,2.2863,False
2025-04,C,Caja municipal,CMAC Cusco,1.38,1.2,1.44,1.86,3.43,3.99,3.1,5.02,2025-04,4.76,13.76,mismo mes,4.262,4.1404,4.5614,5.3174,4.75,2.2863,False
2025-04,C,Caja municipal,CMAC Huancayo,0.84,2.81,1.9,2.4,4.68,5.02,4.28,5.31,2025-04,5.58,13.47,mismo mes,4.262,4.1404,4.5614,5.3174,4.75,2.2863,False
2025-04,C,Caja municipal,CMAC Ica,1.11,,4.26,4.83,4.88,5.24,5.07,4.64,2025-04,5.08,15.8,mismo mes,4.262,4.1404,4.5614,5.3174,4.75,2.2863,False
2025-04,C,Caja municipal,CMAC Maynas,3.91,,0.77,3.1,4.98,5.09,4.5,5.04,2025-04,9.47,12.62,mismo mes,4.262,4.1404,4.5614,5.3174,4.75,2.2863,False
2025-04,C,Caja municipal,CMAC Paita,0.15,5.8,4.04,5.8,5.44,5.71,5.46,6.26,2025-04,8.88,13.18,mismo mes,4.262,4.1404,4.5614,5.3174,4.75,2.2863,False
2025-04,C,Caja municipal,CMAC Piura,0.35,,5.8,5.34,5.52,4.26,5.56,6.5,2025-04,7.86,12.67,mismo mes,4.262,4.1404,4.5614,5.3174,4.75,2.2863,False
2025-04,C,Caja municipal,CMAC Tacna,0.82,,2.59,5.71,4.55,4.79,4.67,5.48,2025-04,9.17,16.62,mismo mes,4.262,4.1404,4.5614,5.3174,4.75,2.2863,False
2025-04,C,Caja municipal,CMAC Trujillo,0.32,4.52,2.94,3.98,4.32,4.26,4.12,5.87,2025-04,8.64,17.91,mismo mes,4.262,4.1404,4.5614,5.3174,4.75,2.2863,False
2025-04,C,Caja municipal,CMAC del Santa,0.6,,1.39,2.35,2.97,3.28,3.15,6.5,2025-04,10.09,12.42,mismo mes,4.262,4.1404,4.5614,5.3174,4.75,2.2863,False
2025-04,C,Caja municipal,CMCP Lima,1.75,2.75,5.1,5.13,5.33,5.5,5.31,6.44,2025-04,4.4,12.53,mismo mes,4.262,4.1404,4.5614,5.3174,4.75,2.2863,False
2025-04,F,Financiera,Confianza,1.17,4.83,5.25,5.38,5.45,5.61,5.41,5.6,2025-04-30,6.48,18.02,28/02/2025,4.262,4.1404,4.5614,5.3174,4.75,2.2863,False
2025-04,F,Financiera,Crediscotia,0.03,3.99,3.26,4.24,4.02,3.23,3.92,5.69,2025-04-30,,,,4.262,4.1404,4.5614,5.3174,4.75,2.2863,False
2025-04,F,Financiera,Efectiva,5.0,0.5,5.0,3.93,5.43,5.87,5.05,,2025-04-30,3.85,24.1,28/02/2025,4.262,4.1404,4.5614,5.3174,4.75,2.2863,False
2025-04,F,Financiera,Mitsui,,,,,,,,,2025-04-30,6.07,17.11,28/02/2025,4.262,4.1404,4.5614,5.3174,4.75,2.2863,False
2025-04,F,Financiera,Oh!,5.0,1.85,4.99,5.0,5.25,5.35,5.14,6.5,2025-04-30,4.73,17.78,28/02/2025,4.262,4.1404,4.5614,5.3174,4.75,2.2863,False
2025-04,F,Financiera,Proempresa,1.14,,1.16,1.62,5.24,5.71,5.66,6.9,2025-04-30,11.25,11.58,28/02/2025,4.262,4.1404,4.5614,5.3174,4.75,2.2863,False
2025-04,F,Financiera,Qapaq,5.98,,3.5,4.38,4.52,4.39,4.38,,2025-04-30,8.89,12.72,28/02/2025,4.262,4.1404,4.5614,5.3174,4.75,2.2863,False
2025-04,F,Financiera,Surgir,0.01,5.4,5.16,5.43,5.77,5.83,5.7,,2025-04-30,7.67,25.87,28/02/2025,4.262,4.1404,4.5614,5.3174,4.75,2.2863,False
2025-05,B,Banco,Alfin,1.66,1.0,2.96,2.74,4.21,4.18,4.11,,2025-05-30,3.59,13.206904677390662,30/04/2025,4.2683,4.0576,4.511,5.234,4.5,2.2671,False
2025-05,B,Banco,BBVA,0.41,4.14,3.93,3.83,4.35,3.64,4.11,1.4,2025-05-30,3.48,15.488633821815784,30/04/2025,4.2683,4.0576,4.511,5.234,4.5,2.2671,False
2025-05,B,Banco,BCI,,4.46,4.78,4.34,4.63,,4.47,,2025-05-30,0.94,37.63289538035643,30/04/2025,4.2683,4.0576,4.511,5.234,4.5,2.2671,False
2025-05,B,Banco,BIF,1.9,4.32,4.3,4.42,4.52,3.82,4.32,2.37,2025-05-30,3.78,15.129728124383826,30/04/2025,4.2683,4.0576,4.511,5.234,4.5,2.2671,False
2025-05,B,Banco,Bancom,1.22,0.59,3.15,0.61,2.88,3.66,2.88,5.25,2025-05-30,4.73,14.6060142498122,30/04/2025,4.2683,4.0576,4.511,5.234,4.5,2.2671,False
2025-05,B,Banco,Bank of China,,3.97,,,,,3.97,,2025-05-30,0.0,48.463879264715146,30/04/2025,4.2683,4.0576,4.511,5.234,4.5,2.2671,False
2025-05,B,Banco,Citibank,0.07,3.42,,,,,3.42,,2025-05-30,0.0,24.936427452958952,30/04/2025,4.2683,4.0576,4.511,5.234,4.5,2.2671,False
2025-05,B,Banco,Compartamos,1.43,4.32,4.15,3.86,4.37,4.49,4.33,5.96,2025-05-30,6.0200000000000005,21.55040320972709,30/04/2025,4.2683,4.0576,4.511,5.234,4.5,2.2671,False
2025-05,B,Banco,Crédito,0.03,4.12,4.06,4.4,2.96,4.23,4.12,2.52,2025-05-30,3.47,18.55247316546746,30/04/2025,4.2683,4.0576,4.511,5.234,4.5,2.2671,False
2025-05,B,Banco,Falabella,2.74,4.5,3.46,3.86,4.13,4.19,4.46,5.14,2025-05-30,3.63,22.81425152428231,30/04/2025,4.2683,4.0576,4.511,5.234,4.5,2.2671,False
2025-05,B,Banco,GNB,3.85,4.52,4.55,4.51,4.7,4.46,4.56,,2025-05-30,2.5500000000000003,14.389367833180872,30/04/2025,4.2683,4.0576,4.511,5.234,4.5,2.2671,False
2025-05,B,Banco,ICBC,,3.64,4.37,,,,3.74,,2025-05-30,1.2,40.56273980713684,30/04/2025,4.2683,4.0576,4.511,5.234,4.5,2.2671,False
2025-05,B,Banco,Interbank,0.06,4.3,4.42,4.53,4.29,3.72,4.31,2.5,2025-05-30,2.74,17.227776117641362,30/04/2025,4.2683,4.0576,4.511,5.234,4.5,2.2671,False
2025-05,B,Banco,Mibanco,0.79,4.5,4.2,3.46,3.66,3.2,4.35,5.89,2025-05-30,5.3,19.2533990476973,30/04/2025,4.2683,4.0576,4.511,5.234,4.5,2.2671,False
2025-05,B,Banco,Pichincha,3.35,2.9,4.34,4.36,4.21,,4.33,1.24,2025-05-30,6.890000000000001,13.592174527188758,30/04/2025,4.2683,4.0576,4.511,5.234,4.5,2.2671,False
2025-05,B,Banco,Ripley,0.14,,,4.8,4.75,4.73,3.82,5.25,2025-05-30,3.8,17.75943346636514,30/04/2025,4.2683,4.0576,4.511,5.234,4.5,2.2671,False
2025-05,B,Banco,Santander,0.01,3.88,4.35,4.0,4.0,,3.9,,2025-05-30,4.04,19.877817478140667,30/04/2025,4.2683,4.0576,4.511,5.234,4.5,2.2671,False
2025-05,B,Banco,Scotiabank,1.25,4.04,3.9,4.0,3.99,3.8,4.03,2.39,2025-05-30,4.05,17.42211509949837,30/04/2025,4.2683,4.0576,4.511,5.234,4.5,2.2671,False
2025-05,C,Caja municipal,CMAC Arequipa,1.17,4.41,4.31,4.56,4.77,3.85,4.61,4.92,2025-05,5.5600000000000005,14.08,mismo mes,4.2683,4.0576,4.511,5.234,4.5,2.2671,False
2025-05,C,Caja municipal,CMAC Cusco,1.14,1.2,1.65,1.76,3.08,5.14,4.01,5.31,2025-05,4.72,13.64,mismo mes,4.2683,4.0576,4.511,5.234,4.5,2.2671,False
2025-05,C,Caja municipal,CMAC Huancayo,0.89,1.23,1.8,2.56,4.77,4.94,4.32,4.95,2025-05,5.49,13.39,mismo mes,4.2683,4.0576,4.511,5.234,4.5,2.2671,False
2025-05,C,Caja municipal,CMAC Ica,0.98,,4.26,4.45,4.9,5.12,4.94,4.52,2025-05,4.91,15.7,mismo mes,4.2683,4.0576,4.511,5.234,4.5,2.2671,False
2025-05,C,Caja municipal,CMAC Maynas,0.33,,1.05,2.51,4.31,5.06,3.76,5.42,2025-05,8.57,12.74,mismo mes,4.2683,4.0576,4.511,5.234,4.5,2.2671,False
2025-05,C,Caja municipal,CMAC Paita,0.14,0.75,4.14,4.77,5.44,5.52,4.75,6.08,2025-05,8.46,13.19,mismo mes,4.2683,4.0576,4.511,5.234,4.5,2.2671,False
2025-05,C,Caja municipal,CMAC Piura,0.35,,5.76,5.57,5.33,4.35,5.5,6.51,2025-05,7.98,12.57,mismo mes,4.2683,4.0576,4.511,5.234,4.5,2.2671,False
2025-05,C,Caja municipal,CMAC Tacna,0.83,4.5,4.0,5.05,4.57,4.95,4.81,4.7,2025-05,9.2,16.67,mismo mes,4.2683,4.0576,4.511,5.234,4.5,2.2671,False
2025-05,C,Caja municipal,CMAC Trujillo,0.34,4.34,3.26,4.71,4.51,4.34,4.49,5.83,2025-05,8.47,17.95,mismo mes,4.2683,4.0576,4.511,5.234,4.5,2.2671,False
2025-05,C,Caja municipal,CMAC del Santa,0.6,,1.24,2.32,3.03,3.23,3.14,6.5,2025-05,10.44,12.62,mismo mes,4.2683,4.0576,4.511,5.234,4.5,2.2671,False
2025-05,C,Caja municipal,CMCP Lima,1.66,2.75,3.2,5.18,5.45,5.46,5.4,6.51,2025-05,5.18,12.68,mismo mes,4.2683,4.0576,4.511,5.234,4.5,2.2671,False
2025-05,F,Financiera,Confianza,1.17,2.14,5.26,5.4,5.3,5.61,5.46,5.99,2025-05-30,6.65,17.59,30/04/2025,4.2683,4.0576,4.511,5.234,4.5,2.2671,False
2025-05,F,Financiera,Crediscotia,0.03,4.56,4.56,4.0,4.06,3.02,4.22,5.68,2025-05-30,,,,4.2683,4.0576,4.511,5.234,4.5,2.2671,False
2025-05,F,Financiera,Efectiva,5.0,0.5,5.0,5.0,5.48,5.89,5.19,,2025-05-30,3.97,21.24,30/04/2025,4.2683,4.0576,4.511,5.234,4.5,2.2671,False
2025-05,F,Financiera,Mitsui,,,,,,,,,2025-05-30,5.99,17.2,30/04/2025,4.2683,4.0576,4.511,5.234,4.5,2.2671,False
2025-05,F,Financiera,Oh!,5.0,1.85,5.0,5.0,5.25,5.35,5.12,6.5,2025-05-30,5.06,17.23,30/04/2025,4.2683,4.0576,4.511,5.234,4.5,2.2671,False
2025-05,F,Financiera,Proempresa,1.11,,2.18,1.66,4.73,5.52,5.4,6.9,2025-05-30,11.87,11.79,30/04/2025,4.2683,4.0576,4.511,5.234,4.5,2.2671,False
2025-05,F,Financiera,Qapaq,5.11,,3.5,4.75,4.92,4.89,4.85,6.79,2025-05-30,9.15,13.07,30/04/2025,4.2683,4.0576,4.511,5.234,4.5,2.2671,False
2025-05,F,Financiera,Surgir,,5.5,5.3,5.4,5.73,5.79,5.7,,2025-05-30,7.23,29.22,30/04/2025,4.2683,4.0576,4.511,5.234,4.5,2.2671,False
2025-06,B,Banco,Alfin,1.86,0.94,2.34,2.63,4.09,3.96,3.93,,2025-06-30,3.85,13.350586082033924,31/05/2025,4.2483,4.0668,4.4593,5.1395,4.5,2.2737,False
2025-06,B,Banco,BBVA,0.59,4.13,3.93,3.83,4.23,3.42,4.08,1.18,2025-06-30,3.38,15.579806563776428,31/05/2025,4.2483,4.0668,4.4593,5.1395,4.5,2.2737,False
2025-06,B,Banco,BCI,,4.37,4.53,4.23,4.47,,4.37,,2025-06-30,0.84,36.94992397592512,31/05/2025,4.2483,4.0668,4.4593,5.1395,4.5,2.2737,False
2025-06,B,Banco,BIF,1.69,4.48,4.37,4.88,4.49,2.25,4.48,2.52,2025-06-30,3.52,15.125526189501215,31/05/2025,4.2483,4.0668,4.4593,5.1395,4.5,2.2737,False
2025-06,B,Banco,Bancom,1.47,0.95,0.84,0.56,3.15,3.7,3.04,5.25,2025-06-30,4.12,14.437774322829275,31/05/2025,4.2483,4.0668,4.4593,5.1395,4.5,2.2737,False
2025-06,B,Banco,Bank of China,,3.73,,,,,3.73,,2025-06-30,0.0,48.89064169936631,31/05/2025,4.2483,4.0668,4.4593,5.1395,4.5,2.2737,False
2025-06,B,Banco,Citibank,0.05,3.11,,,,,3.11,,2025-06-30,0.0,30.40168623854904,31/05/2025,4.2483,4.0668,4.4593,5.1395,4.5,2.2737,False
2025-06,B,Banco,Compartamos,1.55,4.32,4.49,4.18,4.51,4.13,4.35,5.8,2025-06-30,5.82,21.749598723262277,31/05/2025,4.2483,4.0668,4.4593,5.1395,4.5,2.2737,False
2025-06,B,Banco,Crédito,0.03,4.18,4.32,3.58,3.71,3.82,4.17,1.6,2025-06-30,3.44,18.871917279261645,31/05/2025,4.2483,4.0668,4.4593,5.1395,4.5,2.2737,False
2025-06,B,Banco,Falabella,2.74,4.4,3.09,3.31,3.81,3.73,4.34,5.14,2025-06-30,3.39,23.054576328633203,31/05/2025,4.2483,4.0668,4.4593,5.1395,4.5,2.2737,False
2025-06,B,Banco,GNB,3.65,4.47,4.54,4.52,4.7,4.4,4.51,3.75,2025-06-30,2.54,14.393343537894545,31/05/2025,4.2483,4.0668,4.4593,5.1395,4.5,2.2737,False
2025-06,B,Banco,ICBC,,4.18,4.26,4.46,,,4.2,,2025-06-30,1.13,38.882728509867945,31/05/2025,4.2483,4.0668,4.4593,5.1395,4.5,2.2737,False
2025-06,B,Banco,Interbank,0.07,4.38,4.43,4.22,4.57,3.99,4.38,2.5,2025-06-30,2.61,17.081141509338178,31/05/2025,4.2483,4.0668,4.4593,5.1395,4.5,2.2737,False
2025-06,B,Banco,Mibanco,0.78,4.46,4.23,3.63,3.86,3.37,4.35,4.98,2025-06-30,5.23,19.35490911815763,31/05/2025,4.2483,4.0668,4.4593,5.1395,4.5,2.2737,False
2025-06,B,Banco,Pichincha,3.24,3.9,4.07,4.1,4.04,,4.09,1.16,2025-06-30,6.58,13.278191906035405,31/05/2025,4.2483,4.0668,4.4593,5.1395,4.5,2.2737,False
2025-06,B,Banco,Ripley,0.14,,,4.8,4.75,4.75,3.74,5.25,2025-06-30,3.62,17.969811964978927,31/05/2025,4.2483,4.0668,4.4593,5.1395,4.5,2.2737,False
2025-06,B,Banco,Santander,0.01,3.94,4.49,4.02,,,3.98,,2025-06-30,2.76,19.334133992430274,31/05/2025,4.2483,4.0668,4.4593,5.1395,4.5,2.2737,False
2025-06,B,Banco,Santander Cons. Bank,0.22,4.58,4.55,4.37,4.0,3.14,4.2,5.71,2025-06-30,4.4,22.83717025643579,31/05/2025,4.2483,4.0668,4.4593,5.1395,4.5,2.2737,False
2025-06,B,Banco,Scotiabank,1.4,3.93,4.0,3.88,3.61,3.74,3.93,0.97,2025-06-30,3.99,17.58433771380655,31/05/2025,4.2483,4.0668,4.4593,5.1395,4.5,2.2737,False
2025-06,C,Caja municipal,CMAC Arequipa,1.2,4.5,4.21,4.57,4.85,4.22,4.62,4.76,2025-06,5.44,14.08,31/05/2025,4.2483,4.0668,4.4593,5.1395,4.5,2.2737,False
2025-06,C,Caja municipal,CMAC Cusco,1.8,1.2,4.34,2.02,2.13,5.1,3.63,4.96,2025-06,4.7,13.64,31/05/2025,4.2483,4.0668,4.4593,5.1395,4.5,2.2737,False
2025-06,C,Caja municipal,CMAC Huancayo,2.85,2.74,1.62,2.46,4.95,5.32,4.46,4.92,2025-06,5.38,13.39,31/05/2025,4.2483,4.0668,4.4593,5.1395,4.5,2.2737,False
2025-06,C,Caja municipal,CMAC Ica,0.95,,4.22,4.57,4.94,5.17,4.98,5.29,2025-06,4.93,15.7,31/05/2025,4.2483,4.0668,4.4593,5.1395,4.5,2.2737,False
2025-06,C,Caja municipal,CMAC Maynas,0.46,,0.82,3.64,4.17,4.92,4.09,5.11,2025-06,8.36,12.74,31/05/2025,4.2483,4.0668,4.4593,5.1395,4.5,2.2737,False
2025-06,C,Caja municipal,CMAC Paita,0.12,,5.58,5.31,5.01,5.68,5.54,6.27,2025-06,8.45,13.19,31/05/2025,4.2483,4.0668,4.4593,5.1395,4.5,2.2737,False
2025-06,C,Caja municipal,CMAC Piura,0.35,,5.82,5.32,5.13,3.81,5.41,6.55,2025-06,8.2,12.57,31/05/2025,4.2483,4.0668,4.4593,5.1395,4.5,2.2737,False
2025-06,C,Caja municipal,CMAC Tacna,0.83,4.5,3.74,4.82,4.64,5.0,4.73,4.53,2025-06,8.78,16.67,31/05/2025,4.2483,4.0668,4.4593,5.1395,4.5,2.2737,False
2025-06,C,Caja municipal,CMAC Trujillo,0.83,4.23,3.22,4.18,4.55,4.87,4.44,5.32,2025-06,8.69,17.95,31/05/2025,4.2483,4.0668,4.4593,5.1395,4.5,2.2737,False
2025-06,C,Caja municipal,CMAC del Santa,0.6,,1.45,2.3,3.27,3.74,3.62,6.5,2025-06,11.04,12.62,31/05/2025,4.2483,4.0668,4.4593,5.1395,4.5,2.2737,False
2025-06,C,Caja municipal,CMCP Lima,1.96,3.28,,5.22,5.46,5.53,5.24,6.41,2025-06,4.65,12.68,31/05/2025,4.2483,4.0668,4.4593,5.1395,4.5,2.2737,False
2025-06,F,Financiera,Confianza,1.23,1.91,5.13,5.44,5.32,5.68,5.5,5.54,2025-06-30,6.76,15.86,31/05/2025,4.2483,4.0668,4.4593,5.1395,4.5,2.2737,False
2025-06,F,Financiera,Efectiva,5.0,0.5,4.92,4.97,5.46,5.91,5.22,,2025-06-30,4.11,21.47,31/05/2025,4.2483,4.0668,4.4593,5.1395,4.5,2.2737,False
2025-06,F,Financiera,Mitsui,,,,,,,,,2025-06-30,5.85,17.26,31/05/2025,4.2483,4.0668,4.4593,5.1395,4.5,2.2737,False
2025-06,F,Financiera,Oh!,5.0,1.85,5.0,5.0,5.25,5.35,5.12,6.5,2025-06-30,4.08,17.16,31/05/2025,4.2483,4.0668,4.4593,5.1395,4.5,2.2737,False
2025-06,F,Financiera,Proempresa,1.16,,1.01,1.39,4.77,5.34,5.26,6.9,2025-06-30,12.76,11.72,31/05/2025,4.2483,4.0668,4.4593,5.1395,4.5,2.2737,False
2025-06,F,Financiera,Qapaq,5.52,,3.5,4.95,4.92,4.94,4.93,,2025-06-30,9.2,13.53,31/05/2025,4.2483,4.0668,4.4593,5.1395,4.5,2.2737,False
2025-06,F,Financiera,Surgir,5.6,5.5,7.05,5.8,5.83,6.35,6.06,,2025-06-30,6.38,28.8,31/05/2025,4.2483,4.0668,4.4593,5.1395,4.5,2.2737,False
2025-07,B,Banco,Alfin,2.29,0.54,2.88,2.31,3.66,3.49,3.48,,2025-07-31,3.8,13.350586082033924,31/05/2025,4.1757,4.0721,4.3178,5.0333,4.5,2.1616,False
2025-07,B,Banco,BBVA,0.49,4.04,4.03,3.89,4.31,3.47,4.0,1.9,2025-07-31,3.45,15.579806563776428,31/05/2025,4.1757,4.0721,4.3178,5.0333,4.5,2.1616,False
2025-07,B,Banco,BCI,,4.5,4.75,4.59,4.47,,4.51,,2025-07-31,0.8300000000000001,36.94992397592512,31/05/2025,4.1757,4.0721,4.3178,5.0333,4.5,2.1616,False
2025-07,B,Banco,BIF,1.74,4.6,4.41,5.17,4.4,2.23,4.61,2.41,2025-07-31,3.54,15.125526189501215,31/05/2025,4.1757,4.0721,4.3178,5.0333,4.5,2.1616,False
2025-07,B,Banco,Bancom,1.23,1.11,1.74,3.07,3.31,3.72,3.36,,2025-07-31,4.71,14.437774322829275,31/05/2025,4.1757,4.0721,4.3178,5.0333,4.5,2.1616,False
2025-07,B,Banco,Bank of China,0.3,3.67,,,,,3.67,,2025-07-31,0.0,48.89064169936631,31/05/2025,4.1757,4.0721,4.3178,5.0333,4.5,2.1616,False
2025-07,B,Banco,Citibank,0.04,3.1,3.17,,,,3.1,,2025-07-31,0.0,30.40168623854904,31/05/2025,4.1757,4.0721,4.3178,5.0333,4.5,2.1616,False
2025-07,B,Banco,Compartamos,1.63,4.38,4.36,4.19,4.64,4.08,4.39,5.71,2025-07-31,5.76,21.749598723262277,31/05/2025,4.1757,4.0721,4.3178,5.0333,4.5,2.1616,False
2025-07,B,Banco,Crédito,0.03,4.26,4.38,4.3,3.02,3.73,4.26,2.64,2025-07-31,3.45,18.871917279261645,31/05/2025,4.1757,4.0721,4.3178,5.0333,4.5,2.1616,False
2025-07,B,Banco,Falabella,2.74,4.44,4.27,3.28,3.69,3.61,4.37,5.14,2025-07-31,3.27,23.054576328633203,31/05/2025,4.1757,4.0721,4.3178,5.0333,4.5,2.1616,False
2025-07,B,Banco,GNB,3.98,4.52,4.52,4.57,4.66,4.59,4.56,3.75,2025-07-31,2.48,14.393343537894545,31/05/2025,4.1757,4.0721,4.3178,5.0333,4.5,2.1616,False
2025-07,B,Banco,ICBC,,4.02,,4.54,,4.5,4.1,,2025-07-31,1.12,38.882728509867945,31/05/2025,4.1757,4.0721,4.3178,5.0333,4.5,2.1616,False
2025-07,B,Banco,Interbank,0.1,4.5,4.39,4.26,4.51,4.17,4.48,2.5,2025-07-31,2.64,17.081141509338178,31/05/2025,4.1757,4.0721,4.3178,5.0333,4.5,2.1616,False
2025-07,B,Banco,Mibanco,0.79,4.68,4.19,3.55,3.86,3.46,4.51,5.54,2025-07-31,5.11,19.35490911815763,31/05/2025,4.1757,4.0721,4.3178,5.0333,4.5,2.1616,False
2025-07,B,Banco,Pichincha,3.12,2.83,4.04,4.27,4.03,,4.01,1.13,2025-07-31,6.38,13.278191906035405,31/05/2025,4.1757,4.0721,4.3178,5.0333,4.5,2.1616,False
2025-07,B,Banco,Ripley,0.28,,,4.8,4.97,4.75,3.85,5.25,2025-07-31,3.61,17.969811964978927,31/05/2025,4.1757,4.0721,4.3178,5.0333,4.5,2.1616,False
2025-07,B,Banco,Santander,0.01,3.98,4.32,4.7,,,4.03,,2025-07-31,2.72,19.334133992430274,31/05/2025,4.1757,4.0721,4.3178,5.0333,4.5,2.1616,False
2025-07,B,Banco,Santander Cons. Bank,0.4,4.55,4.45,4.19,4.13,3.45,4.07,5.71,2025-07-31,4.5600000000000005,22.83717025643579,31/05/2025,4.1757,4.0721,4.3178,5.0333,4.5,2.1616,False
2025-07,B,Banco,Scotiabank,1.44,3.75,3.99,3.45,3.65,3.64,3.75,1.1,2025-07-31,4.05,17.58433771380655,31/05/2025,4.1757,4.0721,4.3178,5.0333,4.5,2.1616,False
2025-07,C,Caja municipal,CMAC Arequipa,1.39,4.57,4.45,4.63,4.85,4.42,4.67,4.78,2025-07,5.47,14.03,mismo mes,4.1757,4.0721,4.3178,5.0333,4.5,2.1616,False
2025-07,C,Caja municipal,CMAC Cusco,2.16,1.2,2.23,3.75,1.92,5.17,2.91,5.03,2025-07,4.66,13.57,mismo mes,4.1757,4.0721,4.3178,5.0333,4.5,2.1616,False
2025-07,C,Caja municipal,CMAC Huancayo,2.12,2.19,2.34,3.86,4.92,5.09,4.63,5.12,2025-07,5.44,13.65,mismo mes,4.1757,4.0721,4.3178,5.0333,4.5,2.1616,False
2025-07,C,Caja municipal,CMAC Ica,1.13,,4.23,4.71,4.78,5.47,5.1,4.63,2025-07,4.92,15.53,mismo mes,4.1757,4.0721,4.3178,5.0333,4.5,2.1616,False
2025-07,C,Caja municipal,CMAC Maynas,0.42,,0.82,4.37,4.65,5.73,4.96,5.23,2025-07,8.52,14.44,mismo mes,4.1757,4.0721,4.3178,5.0333,4.5,2.1616,False
2025-07,C,Caja municipal,CMAC Paita,0.14,6.2,5.46,5.78,4.88,5.74,5.6,6.55,2025-07,8.55,13.07,mismo mes,4.1757,4.0721,4.3178,5.0333,4.5,2.1616,False
2025-07,C,Caja municipal,CMAC Piura,0.35,,1.77,2.29,3.84,4.35,3.27,6.5,2025-07,8.26,12.73,mismo mes,4.1757,4.0721,4.3178,5.0333,4.5,2.1616,False
2025-07,C,Caja municipal,CMAC Tacna,0.84,,1.91,5.1,4.94,5.35,5.02,3.3,2025-07,8.83,16.88,mismo mes,4.1757,4.0721,4.3178,5.0333,4.5,2.1616,False
2025-07,C,Caja municipal,CMAC Trujillo,0.87,4.15,3.05,4.32,4.47,5.48,4.62,5.7,2025-07,8.73,18.11,mismo mes,4.1757,4.0721,4.3178,5.0333,4.5,2.1616,False
2025-07,C,Caja municipal,CMAC del Santa,0.6,,1.3,2.63,4.58,4.33,4.28,6.5,2025-07,11.88,12.94,mismo mes,4.1757,4.0721,4.3178,5.0333,4.5,2.1616,False
2025-07,C,Caja municipal,CMCP Lima,2.11,2.75,3.3,5.12,5.38,5.69,5.32,6.38,2025-07,4.8500000000000005,12.93,mismo mes,4.1757,4.0721,4.3178,5.0333,4.5,2.1616,False
2025-07,F,Financiera,Confianza,1.14,4.65,5.22,5.37,5.37,5.67,5.42,5.33,2025-07-31,5.96,15.92,30/06/2025,4.1757,4.0721,4.3178,5.0333,4.5,2.1616,False
2025-07,F,Financiera,Efectiva,5.0,0.25,4.61,4.8,5.29,5.9,5.12,,2025-07-31,3.86,21.76,30/06/2025,4.1757,4.0721,4.3178,5.0333,4.5,2.1616,False
2025-07,F,Financiera,Mitsui,,,,,,,,,2025-07-31,5.94,17.16,30/06/2025,4.1757,4.0721,4.3178,5.0333,4.5,2.1616,False
2025-07,F,Financiera,Oh!,5.0,1.85,4.98,5.0,5.25,5.35,5.13,6.5,2025-07-31,3.6,16.23,30/06/2025,4.1757,4.0721,4.3178,5.0333,4.5,2.1616,False
2025-07,F,Financiera,Proempresa,1.28,,1.17,1.57,4.79,5.36,5.26,6.9,2025-07-31,12.34,11.5,30/06/2025,4.1757,4.0721,4.3178,5.0333,4.5,2.1616,False
2025-07,F,Financiera,Qapaq,4.89,,3.5,4.82,4.94,4.99,4.93,,2025-07-31,9.65,13.99,30/06/2025,4.1757,4.0721,4.3178,5.0333,4.5,2.1616,False
2025-07,F,Financiera,Surgir,5.6,,6.42,5.37,5.85,6.34,6.07,,2025-07-31,6.35,28.37,30/06/2025,4.1757,4.0721,4.3178,5.0333,4.5,2.1616,False
2025-08,B,Banco,Alfin,1.91,0.5,2.52,2.58,4.18,3.13,3.31,,2025-08-29,3.78,13.6397054057971,31/07/2025,4.1853,4.0589,4.2431,4.9186,4.5,2.1348,False
2025-08,B,Banco,BBVA,1.0,3.98,4.22,4.06,4.32,3.69,3.98,1.27,2025-08-29,3.35,15.76098213074499,31/07/2025,4.1853,4.0589,4.2431,4.9186,4.5,2.1348,False
2025-08,B,Banco,BCI,,4.44,4.7,4.61,4.23,,4.45,,2025-08-29,0.8200000000000001,34.74350062094196,31/07/2025,4.1853,4.0589,4.2431,4.9186,4.5,2.1348,False
2025-08,B,Banco,BIF,1.58,4.48,4.35,4.25,4.55,4.18,4.48,2.16,2025-08-29,3.5,15.110685387311488,31/07/2025,4.1853,4.0589,4.2431,4.9186,4.5,2.1348,False
2025-08,B,Banco,Bancom,1.22,0.85,0.79,3.07,3.45,3.49,3.36,5.25,2025-08-29,4.91,14.558292042202703,31/07/2025,4.1853,4.0589,4.2431,4.9186,4.5,2.1348,False
2025-08,B,Banco,Bank of China,0.3,3.6,,,,,3.6,,2025-08-29,0.0,46.71714630771449,31/07/2025,4.1853,4.0589,4.2431,4.9186,4.5,2.1348,False
2025-08,B,Banco,Citibank,0.06,3.24,,,,,3.24,,2025-08-29,0.0,24.664280955214117,31/07/2025,4.1853,4.0589,4.2431,4.9186,4.5,2.1348,False
2025-08,B,Banco,Compartamos,1.79,4.42,4.45,4.13,4.68,4.25,4.45,5.88,2025-08-29,5.54,22.109479557651635,31/07/2025,4.1853,4.0589,4.2431,4.9186,4.5,2.1348,False
2025-08,B,Banco,Crédito,0.02,4.24,4.3,4.38,4.15,4.44,4.25,3.08,2025-08-29,3.38,17.43230800902906,31/07/2025,4.1853,4.0589,4.2431,4.9186,4.5,2.1348,False
2025-08,B,Banco,Falabella,2.74,4.44,3.13,3.27,3.67,3.67,4.35,5.14,2025-08-29,3.23,23.774729034997147,31/07/2025,4.1853,4.0589,4.2431,4.9186,4.5,2.1348,False
2025-08,B,Banco,GNB,3.84,4.46,4.54,4.57,4.7,4.58,4.54,3.75,2025-08-29,2.44,14.481137696569146,31/07/2025,4.1853,4.0589,4.2431,4.9186,4.5,2.1348,False
2025-08,B,Banco,ICBC,,3.91,4.52,4.6,,,3.98,,2025-08-29,1.1,37.48986147094583,31/07/2025,4.1853,4.0589,4.2431,4.9186,4.5,2.1348,False
2025-08,B,Banco,Interbank,0.12,4.28,4.3,4.33,4.55,3.84,4.28,2.45,2025-08-29,2.57,15.48712854997257,31/07/2025,4.1853,4.0589,4.2431,4.9186,4.5,2.1348,False
2025-08,B,Banco,Mibanco,0.79,4.53,4.17,3.5,3.9,4.15,4.38,5.35,2025-08-29,4.95,19.837198619340235,31/07/2025,4.1853,4.0589,4.2431,4.9186,4.5,2.1348,False
2025-08,B,Banco,Pichincha,3.15,3.23,4.23,4.43,4.31,4.45,4.27,1.38,2025-08-29,6.3500000000000005,12.96125977713985,31/07/2025,4.1853,4.0589,4.2431,4.9186,4.5,2.1348,False
2025-08,B,Banco,Ripley,0.5,,,4.8,5.0,4.75,3.94,5.25,2025-08-29,3.47,18.83853647964805,31/07/2025,4.1853,4.0589,4.2431,4.9186,4.5,2.1348,False
2025-08,B,Banco,Santander,0.01,4.06,4.4,4.75,,,4.09,,2025-08-29,2.65,19.034387357187533,31/07/2025,4.1853,4.0589,4.2431,4.9186,4.5,2.1348,False
2025-08,B,Banco,Santander Cons. Bank,0.52,4.46,4.49,4.46,3.99,3.5,4.08,5.69,2025-08-29,4.44,23.17001885306929,31/07/2025,4.1853,4.0589,4.2431,4.9186,4.5,2.1348,False
2025-08,B,Banco,Scotiabank,1.39,3.82,4.02,3.56,3.51,3.47,3.81,1.73,2025-08-29,4.11,20.055868531458955,31/07/2025,4.1853,4.0589,4.2431,4.9186,4.5,2.1348,False
2025-08,C,Caja municipal,CMAC Arequipa,0.99,4.52,4.56,4.61,4.97,4.07,4.72,4.75,2025-08,5.28,14.0,mismo mes,4.1853,4.0589,4.2431,4.9186,4.5,2.1348,False
2025-08,C,Caja municipal,CMAC Cusco,1.1,1.2,4.35,5.07,2.03,2.12,4.06,5.05,2025-08,4.6000000000000005,13.65,mismo mes,4.1853,4.0589,4.2431,4.9186,4.5,2.1348,False
2025-08,C,Caja municipal,CMAC Huancayo,1.92,2.58,1.63,3.64,4.66,5.13,4.49,4.96,2025-08,5.4,13.69,mismo mes,4.1853,4.0589,4.2431,4.9186,4.5,2.1348,False
2025-08,C,Caja municipal,CMAC Ica,0.99,,4.6,4.58,4.71,5.59,5.25,4.67,2025-08,4.83,15.34,mismo mes,4.1853,4.0589,4.2431,4.9186,4.5,2.1348,False
2025-08,C,Caja municipal,CMAC Maynas,0.29,,1.0,4.46,4.99,5.77,5.07,5.37,2025-08,8.65,14.54,mismo mes,4.1853,4.0589,4.2431,4.9186,4.5,2.1348,False
2025-08,C,Caja municipal,CMAC Paita,0.14,,5.61,4.57,5.64,5.56,5.46,6.13,2025-08,8.78,13.22,mismo mes,4.1853,4.0589,4.2431,4.9186,4.5,2.1348,False
2025-08,C,Caja municipal,CMAC Piura,0.35,,1.74,2.32,3.81,4.36,3.3,6.5,2025-08,8.48,12.92,mismo mes,4.1853,4.0589,4.2431,4.9186,4.5,2.1348,False
2025-08,C,Caja municipal,CMAC Tacna,0.82,,5.11,3.17,5.13,5.44,4.91,5.11,2025-08,8.56,16.92,mismo mes,4.1853,4.0589,4.2431,4.9186,4.5,2.1348,False
2025-08,C,Caja municipal,CMAC Trujillo,0.89,4.05,4.25,4.11,4.47,5.35,4.63,5.78,2025-08,8.700000000000001,18.15,mismo mes,4.1853,4.0589,4.2431,4.9186,4.5,2.1348,False
2025-08,C,Caja municipal,CMAC del Santa,0.6,,1.21,2.88,3.61,3.94,3.86,6.5,2025-08,11.85,13.02,mismo mes,4.1853,4.0589,4.2431,4.9186,4.5,2.1348,False
2025-08,C,Caja municipal,CMCP Lima,2.14,2.99,3.37,4.99,5.35,5.62,5.21,6.43,2025-08,5.33,12.8,mismo mes,4.1853,4.0589,4.2431,4.9186,4.5,2.1348,False
2025-08,F,Financiera,Confianza,1.12,4.48,4.98,5.24,5.28,5.55,5.29,5.77,2025-08-29,4.96,16.05,31/07/2025,4.1853,4.0589,4.2431,4.9186,4.5,2.1348,False
2025-08,F,Financiera,Efectiva,4.71,,4.5,4.74,5.21,5.87,5.56,,2025-08-29,3.94,22.06,31/07/2025,4.1853,4.0589,4.2431,4.9186,4.5,2.1348,False
2025-08,F,Financiera,Mitsui,,,,,,,,,2025-08-29,5.71,17.2,31/07/2025,4.1853,4.0589,4.2431,4.9186,4.5,2.1348,False
2025-08,F,Financiera,Oh!,5.0,1.85,4.91,5.0,5.25,5.35,5.15,6.5,2025-08-29,3.76,15.92,31/07/2025,4.1853,4.0589,4.2431,4.9186,4.5,2.1348,False
2025-08,F,Financiera,Proempresa,1.27,,1.17,1.67,4.81,5.41,5.34,6.9,2025-08-29,12.51,11.74,31/07/2025,4.1853,4.0589,4.2431,4.9186,4.5,2.1348,False
2025-08,F,Financiera,Qapaq,5.14,,3.5,4.92,5.05,4.98,4.98,,2025-08-29,9.47,14.2,31/07/2025,4.1853,4.0589,4.2431,4.9186,4.5,2.1348,False
2025-08,F,Financiera,Surgir,5.38,5.23,5.22,5.25,5.54,5.67,5.54,,2025-08-29,6.08,28.27,31/07/2025,4.1853,4.0589,4.2431,4.9186,4.5,2.1348,False
2025-09,B,Banco,Alfin,0.52,0.5,2.5,2.47,5.01,3.48,4.16,,2025-09-30,3.33,13.701217734478703,31/08/2025,4.2091,3.9985,4.1996,4.8314,4.25,2.1383,False
2025-09,B,Banco,BBVA,0.36,3.74,3.75,3.94,3.9,3.59,3.74,1.9,2025-09-30,3.3000000000000003,15.9456335112501,31/08/2025,4.2091,3.9985,4.1996,4.8314,4.25,2.1383,False
2025-09,B,Banco,BCI,,4.36,4.38,4.48,,4.35,4.36,,2025-09-30,0.8200000000000001,34.515775243463295,31/08/2025,4.2091,3.9985,4.1996,4.8314,4.25,2.1383,False
2025-09,B,Banco,BIF,1.64,4.14,4.29,4.29,4.43,4.37,4.16,2.39,2025-09-30,3.52,15.117542638154823,31/08/2025,4.2091,3.9985,4.1996,4.8314,4.25,2.1383,False
2025-09,B,Banco,Bancom,1.23,0.47,0.76,2.0,3.31,3.67,3.36,,2025-09-30,4.36,14.47688315598106,31/08/2025,4.2091,3.9985,4.1996,4.8314,4.25,2.1383,False
2025-09,B,Banco,Bank of China,,,,,,,,,2025-09-30,0.0,47.05732706690098,31/08/2025,4.2091,3.9985,4.1996,4.8314,4.25,2.1383,False
2025-09,B,Banco,Citibank,0.04,2.84,3.14,,,,2.84,,2025-09-30,0.0,32.32364432126307,31/08/2025,4.2091,3.9985,4.1996,4.8314,4.25,2.1383,False
2025-09,B,Banco,Compartamos,2.09,4.43,4.26,4.01,4.79,4.48,4.5,5.87,2025-09-30,5.12,22.3096627519498,31/08/2025,4.2091,3.9985,4.1996,4.8314,4.25,2.1383,False
2025-09,B,Banco,Crédito,0.02,4.22,4.14,3.96,3.87,4.06,4.21,1.71,2025-09-30,3.33,17.546180492040815,31/08/2025,4.2091,3.9985,4.1996,4.8314,4.25,2.1383,False
2025-09,B,Banco,Falabella,2.74,4.43,2.88,3.28,3.63,3.68,4.38,5.14,2025-09-30,3.06,24.117135977856684,31/08/2025,4.2091,3.9985,4.1996,4.8314,4.25,2.1383,False
2025-09,B,Banco,GNB,3.46,4.5,4.43,4.47,4.64,4.41,4.5,3.75,2025-09-30,2.3000000000000003,14.270436533535378,31/08/2025,4.2091,3.9985,4.1996,4.8314,4.25,2.1383,False
2025-09,B,Banco,ICBC,,3.96,4.49,,,,4.02,,2025-09-30,1.09,37.06916145842352,31/08/2025,4.2091,3.9985,4.1996,4.8314,4.25,2.1383,False
2025-09,B,Banco,Interbank,0.08,4.2,4.34,4.29,4.4,3.97,4.22,2.5,2025-09-30,2.5500000000000003,15.751003054622547,31/08/2025,4.2091,3.9985,4.1996,4.8314,4.25,2.1383,False
2025-09,B,Banco,Mibanco,0.75,4.48,4.15,3.39,4.06,4.39,4.33,4.79,2025-09-30,4.76,21.03595065281176,31/08/2025,4.2091,3.9985,4.1996,4.8314,4.25,2.1383,False
2025-09,B,Banco,Pichincha,3.12,3.41,4.26,4.54,4.39,4.45,4.39,1.22,2025-09-30,6.54,13.206674781920055,31/08/2025,4.2091,3.9985,4.1996,4.8314,4.25,2.1383,False
2025-09,B,Banco,Ripley,0.44,,,4.8,5.0,4.75,4.07,5.25,2025-09-30,3.37,18.96222123653349,31/08/2025,4.2091,3.9985,4.1996,4.8314,4.25,2.1383,False
2025-09,B,Banco,Santander,0.01,4.1,4.31,4.15,4.1,,4.11,,2025-09-30,2.99,19.08805085165633,31/08/2025,4.2091,3.9985,4.1996,4.8314,4.25,2.1383,False
2025-09,B,Banco,Santander Cons. Bank,0.63,4.44,4.48,4.48,3.68,3.35,4.06,5.69,2025-09-30,4.29,23.22111228102456,31/08/2025,4.2091,3.9985,4.1996,4.8314,4.25,2.1383,False
2025-09,B,Banco,Scotiabank,1.33,3.64,4.28,3.58,3.54,3.56,3.75,1.92,2025-09-30,4.0,20.1870915082238,31/08/2025,4.2091,3.9985,4.1996,4.8314,4.25,2.1383,False
2025-09,C,Caja municipal,CMAC Arequipa,1.09,4.38,4.4,4.6,4.99,4.95,4.72,4.76,2025-09,5.3500000000000005,14.03,mismo mes,4.2091,3.9985,4.1996,4.8314,4.25,2.1383,False
2025-09,C,Caja municipal,CMAC Cusco,0.89,1.2,2.02,5.08,2.46,2.63,4.56,5.06,2025-09,4.43,13.7,mismo mes,4.2091,3.9985,4.1996,4.8314,4.25,2.1383,False
2025-09,C,Caja municipal,CMAC Huancayo,3.05,2.6,1.93,3.58,4.47,5.28,4.45,4.92,2025-09,5.24,13.93,mismo mes,4.2091,3.9985,4.1996,4.8314,4.25,2.1383,False
2025-09,C,Caja municipal,CMAC Ica,1.04,7.2,4.44,4.41,4.64,5.56,5.3,4.73,2025-09,4.7700000000000005,15.2,mismo mes,4.2091,3.9985,4.1996,4.8314,4.25,2.1383,False
2025-09,C,Caja municipal,CMAC Maynas,2.11,,,4.46,5.22,5.43,5.12,5.02,2025-09,8.540000000000001,14.86,mismo mes,4.2091,3.9985,4.1996,4.8314,4.25,2.1383,False
2025-09,C,Caja municipal,CMAC Paita,0.1,,4.88,5.1,5.71,5.7,5.47,6.18,2025-09,8.84,13.24,mismo mes,4.2091,3.9985,4.1996,4.8314,4.25,2.1383,False
2025-09,C,Caja municipal,CMAC Piura,0.35,,2.37,2.34,4.42,4.2,3.88,6.5,2025-09,7.930000000000001,12.88,mismo mes,4.2091,3.9985,4.1996,4.8314,4.25,2.1383,False
2025-09,C,Caja municipal,CMAC Tacna,0.82,,4.04,3.39,4.33,5.96,5.57,4.77,2025-09,8.2,17.04,mismo mes,4.2091,3.9985,4.1996,4.8314,4.25,2.1383,False
2025-09,C,Caja municipal,CMAC Trujillo,0.91,3.79,4.28,3.93,4.5,5.5,4.58,5.27,2025-09,8.45,18.07,mismo mes,4.2091,3.9985,4.1996,4.8314,4.25,2.1383,False
2025-09,C,Caja municipal,CMAC del Santa,0.6,,1.49,3.16,3.74,4.46,4.24,,2025-09,12.42,13.07,mismo mes,4.2091,3.9985,4.1996,4.8314,4.25,2.1383,False
2025-09,C,Caja municipal,CMCP Lima,2.12,2.75,2.78,4.73,5.17,5.47,5.25,6.41,2025-09,4.71,12.77,mismo mes,4.2091,3.9985,4.1996,4.8314,4.25,2.1383,False
2025-09,F,Financiera,Confianza,1.18,4.48,5.17,5.28,5.37,5.56,5.3,5.94,2025-09-30,5.21,16.06,31/08/2025,4.2091,3.9985,4.1996,4.8314,4.25,2.1383,False
2025-09,F,Financiera,Efectiva,4.5,,4.5,4.79,5.24,5.84,5.51,,2025-09-30,3.71,22.16,31/08/2025,4.2091,3.9985,4.1996,4.8314,4.25,2.1383,False
2025-09,F,Financiera,Mitsui,,,,,,,,,2025-09-30,5.61,17.45,31/08/2025,4.2091,3.9985,4.1996,4.8314,4.25,2.1383,False
2025-09,F,Financiera,Oh!,5.0,1.85,4.96,5.0,5.14,5.29,5.08,6.5,2025-09-30,3.62,15.91,31/08/2025,4.2091,3.9985,4.1996,4.8314,4.25,2.1383,False
2025-09,F,Financiera,Proempresa,1.17,,1.16,1.9,4.84,5.43,5.36,6.9,2025-09-30,12.85,12.05,31/08/2025,4.2091,3.9985,4.1996,4.8314,4.25,2.1383,False
2025-09,F,Financiera,Qapaq,4.68,,3.5,4.99,4.99,5.0,4.99,,2025-09-30,8.82,15.07,31/08/2025,4.2091,3.9985,4.1996,4.8314,4.25,2.1383,False
2025-09,F,Financiera,Surgir,5.26,,5.11,5.17,5.47,5.42,5.38,,2025-09-30,6.27,27.72,31/08/2025,4.2091,3.9985,4.1996,4.8314,4.25,2.1383,False
2025-10,B,Banco,Alfin,0.55,0.5,3.02,2.01,4.79,3.42,3.88,,2025-10-31,3.71,13.701217734478703,31/08/2025,4.1982,3.9787,4.1794,4.7752,4.25,2.12,False
2025-10,B,Banco,BBVA,0.36,3.8,3.92,3.99,4.25,3.82,3.82,2.38,2025-10-31,3.25,15.9456335112501,31/08/2025,4.1982,3.9787,4.1794,4.7752,4.25,2.12,False
2025-10,B,Banco,BCI,,4.29,4.49,4.13,4.05,4.53,4.29,,2025-10-31,0.75,34.515775243463295,31/08/2025,4.1982,3.9787,4.1794,4.7752,4.25,2.12,False
2025-10,B,Banco,BIF,1.81,4.14,4.09,3.9,4.4,4.07,4.13,2.52,2025-10-31,3.54,15.117542638154823,31/08/2025,4.1982,3.9787,4.1794,4.7752,4.25,2.12,False
2025-10,B,Banco,Bancom,1.26,4.54,0.75,2.46,3.4,3.86,3.74,,2025-10-31,4.65,14.47688315598106,31/08/2025,4.1982,3.9787,4.1794,4.7752,4.25,2.12,False
2025-10,B,Banco,Bank of China,,,,,,,,,2025-10-31,0.0,47.05732706690098,31/08/2025,4.1982,3.9787,4.1794,4.7752,4.25,2.12,False
2025-10,B,Banco,Citibank,0.05,2.87,3.15,,,,2.88,,2025-10-31,0.0,32.32364432126307,31/08/2025,4.1982,3.9787,4.1794,4.7752,4.25,2.12,False
2025-10,B,Banco,Compartamos,2.16,3.71,4.46,4.13,4.82,4.61,4.05,5.9,2025-10-31,4.89,22.3096627519498,31/08/2025,4.1982,3.9787,4.1794,4.7752,4.25,2.12,False
2025-10,B,Banco,Crédito,0.02,4.07,4.18,3.9,3.46,4.21,4.07,3.19,2025-10-31,3.29,17.546180492040815,31/08/2025,4.1982,3.9787,4.1794,4.7752,4.25,2.12,False
2025-10,B,Banco,Falabella,2.74,4.36,2.39,3.11,3.52,3.61,4.31,5.14,2025-10-31,3.02,24.117135977856684,31/08/2025,4.1982,3.9787,4.1794,4.7752,4.25,2.12,False
2025-10,B,Banco,GNB,3.94,4.45,4.41,4.4,4.6,4.52,4.46,,2025-10-31,2.39,14.270436533535378,31/08/2025,4.1982,3.9787,4.1794,4.7752,4.25,2.12,False
2025-10,B,Banco,ICBC,,3.9,,,,,3.9,,2025-10-31,1.11,37.06916145842352,31/08/2025,4.1982,3.9787,4.1794,4.7752,4.25,2.12,False
2025-10,B,Banco,Interbank,0.05,4.21,4.4,4.11,4.45,4.43,4.24,2.5,2025-10-31,2.59,15.751003054622547,31/08/2025,4.1982,3.9787,4.1794,4.7752,4.25,2.12,False
2025-10,B,Banco,Mibanco,0.74,4.42,4.22,2.91,3.91,4.39,4.31,5.73,2025-10-31,4.61,21.03595065281176,31/08/2025,4.1982,3.9787,4.1794,4.7752,4.25,2.12,False
2025-10,B,Banco,Pichincha,3.13,2.89,4.11,4.54,4.3,4.16,4.39,1.49,2025-10-31,6.68,13.206674781920055,31/08/2025,4.1982,3.9787,4.1794,4.7752,4.25,2.12,False
2025-10,B,Banco,Ripley,0.33,,,4.8,5.0,4.75,4.11,5.25,2025-10-31,3.34,18.96222123653349,31/08/2025,4.1982,3.9787,4.1794,4.7752,4.25,2.12,False
2025-10,B,Banco,Santander,0.01,4.01,4.13,4.06,4.1,4.1,4.01,,2025-10-31,3.13,19.08805085165633,31/08/2025,4.1982,3.9787,4.1794,4.7752,4.25,2.12,False
2025-10,B,Banco,Santander Cons. Bank,0.61,3.61,4.31,4.12,3.64,3.53,3.68,5.71,2025-10-31,4.24,23.22111228102456,31/08/2025,4.1982,3.9787,4.1794,4.7752,4.25,2.12,False
2025-10,B,Banco,Scotiabank,1.14,3.54,4.32,3.63,3.28,3.53,3.65,2.12,2025-10-31,3.99,20.1870915082238,31/08/2025,4.1982,3.9787,4.1794,4.7752,4.25,2.12,False
2025-10,C,Caja municipal,CMAC Arequipa,1.14,4.43,4.36,4.68,5.13,4.93,4.72,4.88,2025-10,5.33,13.9,mismo mes,4.1982,3.9787,4.1794,4.7752,4.25,2.12,False
2025-10,C,Caja municipal,CMAC Cusco,1.6,,1.55,5.08,3.33,7.0,5.09,5.01,2025-10,4.46,13.56,mismo mes,4.1982,3.9787,4.1794,4.7752,4.25,2.12,False
2025-10,C,Caja municipal,CMAC Huancayo,3.05,1.78,2.48,3.54,4.41,4.58,4.19,5.03,2025-10,4.68,14.59,mismo mes,4.1982,3.9787,4.1794,4.7752,4.25,2.12,False
2025-10,C,Caja municipal,CMAC Ica,1.22,4.72,4.57,4.55,4.71,5.71,5.33,4.51,2025-10,4.7,15.03,mismo mes,4.1982,3.9787,4.1794,4.7752,4.25,2.12,False
2025-10,C,Caja municipal,CMAC Maynas,3.37,,0.7,4.58,5.48,5.54,5.32,5.21,2025-10,8.68,14.85,mismo mes,4.1982,3.9787,4.1794,4.7752,4.25,2.12,False
2025-10,C,Caja municipal,CMAC Paita,0.12,,5.72,5.37,5.46,5.39,5.49,6.0,2025-10,8.89,13.81,mismo mes,4.1982,3.9787,4.1794,4.7752,4.25,2.12,False
2025-10,C,Caja municipal,CMAC Piura,0.35,,1.79,2.23,4.55,5.76,4.45,6.5,2025-10,8.05,13.04,mismo mes,4.1982,3.9787,4.1794,4.7752,4.25,2.12,False
2025-10,C,Caja municipal,CMAC Tacna,0.82,,1.62,2.65,3.3,5.79,5.28,4.93,2025-10,7.98,17.13,mismo mes,4.1982,3.9787,4.1794,4.7752,4.25,2.12,False
2025-10,C,Caja municipal,CMAC Trujillo,1.07,3.7,4.05,3.0,3.91,4.48,3.76,5.39,2025-10,8.18,17.84,mismo mes,4.1982,3.9787,4.1794,4.7752,4.25,2.12,False
2025-10,C,Caja municipal,CMAC del Santa,0.6,,1.24,3.11,3.8,4.84,4.58,,2025-10,12.88,12.93,mismo mes,4.1982,3.9787,4.1794,4.7752,4.25,2.12,False
2025-10,C,Caja municipal,CMCP Lima,2.24,,3.4,4.59,5.15,5.26,4.78,6.4,2025-10,4.8500000000000005,13.1,mismo mes,4.1982,3.9787,4.1794,4.7752,4.25,2.12,False
2025-10,F,Financiera,Confianza,1.28,4.55,5.08,5.02,5.42,5.61,5.16,5.25,2025-10-31,4.58,16.03,30/09/2025,4.1982,3.9787,4.1794,4.7752,4.25,2.12,False
2025-10,F,Financiera,Efectiva,4.5,,4.51,4.77,5.22,5.86,5.48,,2025-10-31,3.48,22.83,30/09/2025,4.1982,3.9787,4.1794,4.7752,4.25,2.12,False
2025-10,F,Financiera,Mitsui,,,,,,,,,2025-10-31,5.51,17.77,30/09/2025,4.1982,3.9787,4.1794,4.7752,4.25,2.12,False
2025-10,F,Financiera,Oh!,5.0,1.85,4.96,5.0,5.0,5.25,5.02,6.5,2025-10-31,3.52,15.62,30/09/2025,4.1982,3.9787,4.1794,4.7752,4.25,2.12,False
2025-10,F,Financiera,Proempresa,1.15,,1.18,1.92,4.87,5.43,5.35,6.9,2025-10-31,12.89,12.32,30/09/2025,4.1982,3.9787,4.1794,4.7752,4.25,2.12,False
2025-10,F,Financiera,Qapaq,5.32,,3.5,4.96,5.03,4.98,4.95,,2025-10-31,8.19,16.42,30/09/2025,4.1982,3.9787,4.1794,4.7752,4.25,2.12,False
2025-10,F,Financiera,Surgir,5.6,,4.73,5.14,5.46,5.46,5.27,,2025-10-31,5.71,27.05,30/09/2025,4.1982,3.9787,4.1794,4.7752,4.25,2.12,False
2025-11,B,Banco,Alfin,0.9,0.5,3.19,2.08,4.38,3.01,3.39,,2025-11-28,2.99,14.28896237971284,31/10/2025,4.1691,3.9692,4.1588,4.7302,4.25,2.0993,False
2025-11,B,Banco,BBVA,0.21,3.93,3.88,3.95,4.24,3.8,3.92,1.41,2025-11-28,3.0700000000000003,15.79123856753222,31/10/2025,4.1691,3.9692,4.1588,4.7302,4.25,2.0993,False
2025-11,B,Banco,BCI,,4.23,4.48,4.26,4.08,4.51,4.24,,2025-11-28,0.6900000000000001,33.876577559339204,31/10/2025,4.1691,3.9692,4.1588,4.7302,4.25,2.0993,False
2025-11,B,Banco,BIF,1.69,4.09,4.12,4.14,4.5,3.6,4.09,2.26,2025-11-28,3.47,15.487356065995296,31/10/2025,4.1691,3.9692,4.1588,4.7302,4.25,2.0993,False
2025-11,B,Banco,Bancom,1.22,0.21,0.73,1.48,3.44,3.72,2.68,5.25,2025-11-28,4.8,14.380927669157634,31/10/2025,4.1691,3.9692,4.1588,4.7302,4.25,2.0993,False
2025-11,B,Banco,Bank of China,,,,,,,,,2025-11-28,0.0,48.35778794518381,31/10/2025,4.1691,3.9692,4.1588,4.7302,4.25,2.0993,False
2025-11,B,Banco,Citibank,0.04,3.13,3.16,,,,3.13,,2025-11-28,0.0,19.92078693467832,31/10/2025,4.1691,3.9692,4.1588,4.7302,4.25,2.0993,False
2025-11,B,Banco,Compartamos,2.01,4.26,4.53,4.24,4.69,4.7,4.51,5.76,2025-11-28,4.45,22.73504036890667,31/10/2025,4.1691,3.9692,4.1588,4.7302,4.25,2.0993,False
2025-11,B,Banco,Crédito,0.02,4.06,4.07,4.34,2.89,3.13,4.06,2.48,2025-11-28,3.23,18.859140527798612,31/10/2025,4.1691,3.9692,4.1588,4.7302,4.25,2.0993,False
2025-11,B,Banco,Falabella,2.74,4.33,2.26,3.03,3.41,3.58,4.27,5.14,2025-11-28,3.06,24.704365138293777,31/10/2025,4.1691,3.9692,4.1588,4.7302,4.25,2.0993,False
2025-11,B,Banco,GNB,4.34,4.37,4.43,4.54,4.57,4.45,4.46,3.75,2025-11-28,2.37,13.46862465781395,31/10/2025,4.1691,3.9692,4.1588,4.7302,4.25,2.0993,False
2025-11,B,Banco,ICBC,,3.86,,,,,3.86,,2025-11-28,1.02,38.6773760792064,31/10/2025,4.1691,3.9692,4.1588,4.7302,4.25,2.0993,False
2025-11,B,Banco,Interbank,0.04,4.1,4.25,4.05,4.47,4.45,4.13,2.5,2025-11-28,2.41,15.94322327030957,31/10/2025,4.1691,3.9692,4.1588,4.7302,4.25,2.0993,False
2025-11,B,Banco,Mibanco,0.71,4.36,4.31,3.0,4.08,4.44,4.26,5.9,2025-11-28,4.4,21.20696338389661,31/10/2025,4.1691,3.9692,4.1588,4.7302,4.25,2.0993,False
2025-11,B,Banco,Pichincha,3.15,2.77,4.09,4.6,4.55,4.13,3.95,1.14,2025-11-28,5.96,13.719800467467548,31/10/2025,4.1691,3.9692,4.1588,4.7302,4.25,2.0993,False
2025-11,B,Banco,Ripley,0.52,,,4.69,4.88,4.75,3.58,5.02,2025-11-28,3.11,19.745799356550688,31/10/2025,4.1691,3.9692,4.1588,4.7302,4.25,2.0993,False
2025-11,B,Banco,Santander,0.01,3.83,3.93,4.14,4.0,,3.83,,2025-11-28,2.89,20.02911431061466,31/10/2025,4.1691,3.9692,4.1588,4.7302,4.25,2.0993,False
2025-11,B,Banco,Santander Cons. Bank,0.51,3.65,4.34,4.43,3.84,3.68,4.0,5.5,2025-11-28,4.0,23.692544093257556,31/10/2025,4.1691,3.9692,4.1588,4.7302,4.25,2.0993,False
2025-11,B,Banco,Scotiabank,1.16,3.58,3.7,3.41,3.56,2.75,3.57,0.54,2025-11-28,3.94,18.244265246917017,31/10/2025,4.1691,3.9692,4.1588,4.7302,4.25,2.0993,False
2025-11,C,Caja municipal,CMAC Arequipa,1.3,4.36,4.47,4.65,5.16,5.38,4.67,4.91,2025-11,5.08,13.82,mismo mes,4.1691,3.9692,4.1588,4.7302,4.25,2.0993,False
2025-11,C,Caja municipal,CMAC Cusco,0.7,,1.38,4.93,4.14,6.86,5.03,5.28,2025-11,4.5,13.42,mismo mes,4.1691,3.9692,4.1588,4.7302,4.25,2.0993,False
2025-11,C,Caja municipal,CMAC Huancayo,2.34,1.67,2.51,3.57,4.25,4.61,4.13,4.94,2025-11,4.21,14.54,mismo mes,4.1691,3.9692,4.1588,4.7302,4.25,2.0993,False
2025-11,C,Caja municipal,CMAC Ica,1.73,4.6,4.17,4.59,4.62,5.76,5.47,4.62,2025-11,4.41,14.77,mismo mes,4.1691,3.9692,4.1588,4.7302,4.25,2.0993,False
2025-11,C,Caja municipal,CMAC Maynas,0.29,4.56,0.75,5.04,5.14,5.28,5.03,5.4,2025-11,8.68,14.74,mismo mes,4.1691,3.9692,4.1588,4.7302,4.25,2.0993,False
2025-11,C,Caja municipal,CMAC Paita,0.12,5.9,4.88,4.38,5.06,5.23,5.07,6.02,2025-11,9.05,13.8,mismo mes,4.1691,3.9692,4.1588,4.7302,4.25,2.0993,False
2025-11,C,Caja municipal,CMAC Piura,0.35,,1.8,2.37,5.11,5.02,4.74,6.51,2025-11,8.03,13.01,mismo mes,4.1691,3.9692,4.1588,4.7302,4.25,2.0993,False
2025-11,C,Caja municipal,CMAC Tacna,0.83,5.5,1.43,4.19,2.98,4.76,4.49,4.7,2025-11,7.87,16.94,mismo mes,4.1691,3.9692,4.1588,4.7302,4.25,2.0993,False
2025-11,C,Caja municipal,CMAC Trujillo,0.85,4.29,3.57,3.64,4.24,4.72,4.09,5.7,2025-11,7.59,17.77,mismo mes,4.1691,3.9692,4.1588,4.7302,4.25,2.0993,False
2025-11,C,Caja municipal,CMAC del Santa,0.6,,1.03,2.34,3.02,3.8,3.45,6.5,2025-11,11.77,12.87,mismo mes,4.1691,3.9692,4.1588,4.7302,4.25,2.0993,False
2025-11,C,Caja municipal,CMCP Lima,2.3,2.75,2.75,4.71,5.33,5.44,5.29,6.52,2025-11,5.01,13.04,mismo mes,4.1691,3.9692,4.1588,4.7302,4.25,2.0993,False
2025-11,F,Financiera,Confianza,1.35,4.52,4.68,4.94,5.39,5.58,5.14,6.04,2025-11-28,3.35,15.88,31/10/2025,4.1691,3.9692,4.1588,4.7302,4.25,2.0993,False
2025-11,F,Financiera,Efectiva,4.5,,4.51,4.78,5.07,5.89,5.42,,2025-11-28,3.47,23.19,31/10/2025,4.1691,3.9692,4.1588,4.7302,4.25,2.0993,False
2025-11,F,Financiera,Mitsui,,,,,,,,,2025-11-28,5.46,18.14,31/10/2025,4.1691,3.9692,4.1588,4.7302,4.25,2.0993,False
2025-11,F,Financiera,Oh!,5.0,1.85,4.95,5.0,5.0,5.25,4.94,6.5,2025-11-28,3.28,15.96,31/10/2025,4.1691,3.9692,4.1588,4.7302,4.25,2.0993,False
2025-11,F,Financiera,Proempresa,1.22,,1.17,1.67,4.76,5.42,5.36,6.9,2025-11-28,12.81,12.39,31/10/2025,4.1691,3.9692,4.1588,4.7302,4.25,2.0993,False
2025-11,F,Financiera,Qapaq,5.94,,3.5,5.17,4.98,5.11,5.06,,2025-11-28,7.93,17.25,31/10/2025,4.1691,3.9692,4.1588,4.7302,4.25,2.0993,False
2025-11,F,Financiera,Surgir,5.6,,4.82,4.73,5.47,5.6,5.22,,2025-11-28,5.24,25.98,31/10/2025,4.1691,3.9692,4.1588,4.7302,4.25,2.0993,False
2025-12,B,Banco,Alfin,0.57,0.5,4.33,4.34,5.44,4.6,5.06,,2025-12-31,3.27,16.014840485017476,30/11/2025,4.151,3.8993,4.1391,4.7024,4.25,1.9771,False
2025-12,B,Banco,BBVA,0.2,3.66,3.53,3.97,4.3,3.65,3.68,1.22,2025-12-31,3.23,15.814108417460318,30/11/2025,4.151,3.8993,4.1391,4.7024,4.25,1.9771,False
2025-12,B,Banco,BCI,,4.16,4.48,4.4,4.44,,4.18,,2025-12-31,0.62,31.27750586618862,30/11/2025,4.151,3.8993,4.1391,4.7024,4.25,1.9771,False
2025-12,B,Banco,BIF,1.42,3.81,4.32,4.35,4.43,4.4,3.84,2.08,2025-12-31,3.49,15.689135385020991,30/11/2025,4.151,3.8993,4.1391,4.7024,4.25,1.9771,False
2025-12,B,Banco,Bancom,1.23,0.47,1.51,1.73,3.3,3.65,3.31,5.25,2025-12-31,4.42,14.17809015832937,30/11/2025,4.151,3.8993,4.1391,4.7024,4.25,1.9771,False
2025-12,B,Banco,Bank of China,,4.1,,,,,4.1,,2025-12-31,0.0,51.96112785849068,30/11/2025,4.151,3.8993,4.1391,4.7024,4.25,1.9771,False
2025-12,B,Banco,Citibank,0.03,3.09,3.16,,,,3.09,,2025-12-31,0.0,20.488131145041876,30/11/2025,4.151,3.8993,4.1391,4.7024,4.25,1.9771,False
2025-12,B,Banco,Compartamos,1.74,2.22,4.36,3.93,4.81,4.74,4.62,5.88,2025-12-31,4.3,22.586341531704896,30/11/2025,4.151,3.8993,4.1391,4.7024,4.25,1.9771,False
2025-12,B,Banco,Crédito,0.02,3.99,4.06,4.09,3.32,3.78,3.98,1.95,2025-12-31,3.14,18.92305037518979,30/11/2025,4.151,3.8993,4.1391,4.7024,4.25,1.9771,False
2025-12,B,Banco,Falabella,2.74,4.23,2.38,3.03,3.39,3.52,4.19,5.14,2025-12-31,2.9,24.35539535252503,30/11/2025,4.151,3.8993,4.1391,4.7024,4.25,1.9771,False
2025-12,B,Banco,GNB,4.39,4.31,4.33,4.44,4.56,4.5,4.39,3.75,2025-12-31,2.31,13.285429300282807,30/11/2025,4.151,3.8993,4.1391,4.7024,4.25,1.9771,False
2025-12,B,Banco,ICBC,,4.05,4.44,,,,4.08,,2025-12-31,1.13,37.77421492759056,30/11/2025,4.151,3.8993,4.1391,4.7024,4.25,1.9771,False
2025-12,B,Banco,Interbank,0.07,4.01,4.16,4.2,4.39,4.06,4.03,2.5,2025-12-31,2.45,15.987898540399009,30/11/2025,4.151,3.8993,4.1391,4.7024,4.25,1.9771,False
2025-12,B,Banco,Mibanco,0.73,4.31,4.27,3.14,4.26,4.46,4.2,4.31,2025-12-31,4.37,21.21183125977551,30/11/2025,4.151,3.8993,4.1391,4.7024,4.25,1.9771,False
2025-12,B,Banco,Pichincha,3.24,2.82,4.04,4.66,4.62,4.26,3.94,1.18,2025-12-31,6.43,13.85597106821704,30/11/2025,4.151,3.8993,4.1391,4.7024,4.25,1.9771,False
2025-12,B,Banco,Ripley,0.41,,4.02,4.59,4.69,4.75,3.53,5.0,2025-12-31,3.2,19.638164499963345,30/11/2025,4.151,3.8993,4.1391,4.7024,4.25,1.9771,False
2025-12,B,Banco,Santander,0.01,3.91,4.21,4.27,4.34,4.38,3.97,,2025-12-31,2.33,19.11079421621401,30/11/2025,4.151,3.8993,4.1391,4.7024,4.25,1.9771,False
2025-12,B,Banco,Santander Cons. Bank,0.46,4.54,4.42,4.44,4.07,3.61,4.27,5.51,2025-12-31,4.04,23.821408128099115,30/11/2025,4.151,3.8993,4.1391,4.7024,4.25,1.9771,False
2025-12,B,Banco,Scotiabank,1.15,3.34,4.05,3.76,3.73,3.91,3.44,0.27,2025-12-31,3.94,18.43505215008098,30/11/2025,4.151,3.8993,4.1391,4.7024,4.25,1.9771,False
2025-12,C,Caja municipal,CMAC Arequipa,1.63,4.35,4.25,4.58,4.97,5.03,4.68,5.05,2025-12,4.89,14.23,mismo mes,4.151,3.8993,4.1391,4.7024,4.25,1.9771,False
2025-12,C,Caja municipal,CMAC Cusco,0.89,,3.78,3.22,4.93,7.05,4.91,5.11,2025-12,4.24,14.9,mismo mes,4.151,3.8993,4.1391,4.7024,4.25,1.9771,False
2025-12,C,Caja municipal,CMAC Huancayo,1.79,1.64,1.69,3.55,4.41,4.5,4.2,4.89,2025-12,3.79,14.88,mismo mes,4.151,3.8993,4.1391,4.7024,4.25,1.9771,False
2025-12,C,Caja municipal,CMAC Ica,1.48,,4.16,4.77,4.59,5.89,5.67,4.73,2025-12,4.2,15.78,mismo mes,4.151,3.8993,4.1391,4.7024,4.25,1.9771,False
2025-12,C,Caja municipal,CMAC Maynas,0.33,,5.85,5.06,5.65,5.53,5.54,5.22,2025-12,8.15,15.33,mismo mes,4.151,3.8993,4.1391,4.7024,4.25,1.9771,False
2025-12,C,Caja municipal,CMAC Paita,0.13,5.9,5.44,5.48,5.73,5.73,5.65,6.19,2025-12,7.8,13.79,mismo mes,4.151,3.8993,4.1391,4.7024,4.25,1.9771,False
2025-12,C,Caja municipal,CMAC Piura,0.35,,1.86,2.31,5.14,4.11,4.69,6.5,2025-12,9.53,15.17,mismo mes,4.151,3.8993,4.1391,4.7024,4.25,1.9771,False
2025-12,C,Caja municipal,CMAC Tacna,0.86,5.75,1.87,3.02,3.53,5.02,4.67,4.74,2025-12,7.21,17.23,mismo mes,4.151,3.8993,4.1391,4.7024,4.25,1.9771,False
2025-12,C,Caja municipal,CMAC Trujillo,0.75,4.27,4.11,4.39,4.27,4.6,4.34,5.48,2025-12,6.88,17.8,mismo mes,4.151,3.8993,4.1391,4.7024,4.25,1.9771,False
2025-12,C,Caja municipal,CMAC del Santa,0.6,,1.48,2.28,2.91,3.74,3.48,,2025-12,12.31,12.97,mismo mes,4.151,3.8993,4.1391,4.7024,4.25,1.9771,False
2025-12,C,Caja municipal,CMCP Lima,2.17,,2.75,4.96,5.55,5.82,5.65,6.42,2025-12,4.67,14.0,mismo mes,4.151,3.8993,4.1391,4.7024,4.25,1.9771,False
2025-12,F,Financiera,Confianza,1.31,4.6,4.89,5.22,5.44,5.41,5.34,5.67,2025-12-31,3.57,15.69,30/11/2025,4.151,3.8993,4.1391,4.7024,4.25,1.9771,False
2025-12,F,Financiera,Efectiva,4.5,,4.5,4.8,5.25,5.98,5.56,,2025-12-31,3.27,23.48,30/11/2025,4.151,3.8993,4.1391,4.7024,4.25,1.9771,False
2025-12,F,Financiera,Mitsui,,,,,,,,,2025-12-31,5.34,18.32,30/11/2025,4.151,3.8993,4.1391,4.7024,4.25,1.9771,False
2025-12,F,Financiera,Oh!,5.0,1.85,4.88,5.0,5.43,5.34,5.18,6.5,2025-12-31,3.35,15.45,30/11/2025,4.151,3.8993,4.1391,4.7024,4.25,1.9771,False
2025-12,F,Financiera,Proempresa,1.25,,1.01,1.67,4.9,5.42,5.37,6.9,2025-12-31,12.9,12.64,30/11/2025,4.151,3.8993,4.1391,4.7024,4.25,1.9771,False
2025-12,F,Financiera,Qapaq,5.55,,3.5,5.17,4.98,5.1,5.04,,2025-12-31,7.46,17.78,30/11/2025,4.151,3.8993,4.1391,4.7024,4.25,1.9771,False
2025-12,F,Financiera,Surgir,3.73,,5.13,5.04,5.59,5.71,5.51,,2025-12-31,4.83,25.05,30/11/2025,4.151,3.8993,4.1391,4.7024,4.25,1.9771,False
