periodo,tipo_entidad,entidad,tasa_ahorro,plazo_30d,plazo_31_90d,plazo_91_180d,plazo_181_360d,plazo_mas360d,plazo_promedio,tasa_cts,subtitulo_sbs,fecha_consultada
2023-01,B,BBVA,0.19,7.56,7.58,6.79,7.58,6.7,7.52,1.26,Tasas Pasivas Anuales de las Operaciones en Moneda Nacional Realizadas en los Últimos 30 Días Útiles Por Tipo de Depósito al 31/01/2023,2023-01-31
2023-01,B,Comercio,1.28,0.24,1.91,3.02,5.25,5.98,4.63,5.5,Tasas Pasivas Anuales de las Operaciones en Moneda Nacional Realizadas en los Últimos 30 Días Útiles Por Tipo de Depósito al 31/01/2023,2023-01-31
2023-01,B,Crédito,0.03,7.58,7.57,8.52,7.79,7.49,7.57,1.78,Tasas Pasivas Anuales de las Operaciones en Moneda Nacional Realizadas en los Últimos 30 Días Útiles Por Tipo de Depósito al 31/01/2023,2023-01-31
2023-01,B,Pichincha,2.82,8.89,8.54,8.78,8.26,8.3,8.84,4.32,Tasas Pasivas Anuales de las Operaciones en Moneda Nacional Realizadas en los Últimos 30 Días Útiles Por Tipo de Depósito al 31/01/2023,2023-01-31
2023-01,B,BIF,1.49,8.27,8.26,7.31,7.91,6.8,8.25,4.4,Tasas Pasivas Anuales de las Operaciones en Moneda Nacional Realizadas en los Últimos 30 Días Útiles Por Tipo de Depósito al 31/01/2023,2023-01-31
2023-01,B,Scotiabank,1.4,7.46,7.59,8.27,7.94,8.45,7.57,1.51,Tasas Pasivas Anuales de las Operaciones en Moneda Nacional Realizadas en los Últimos 30 Días Útiles Por Tipo de Depósito al 31/01/2023,2023-01-31
2023-01,B,Citibank,0.01,4,3.99,-,-,-,4,-,Tasas Pasivas Anuales de las Operaciones en Moneda Nacional Realizadas en los Últimos 30 Días Útiles Por Tipo de Depósito al 31/01/2023,2023-01-31
2023-01,B,Interbank,0.29,7.45,7.23,6.49,7.44,4.48,7.34,2.5,Tasas Pasivas Anuales de las Operaciones en Moneda Nacional Realizadas en los Últimos 30 Días Útiles Por Tipo de Depósito al 31/01/2023,2023-01-31
2023-01,B,Mibanco,0.34,8.32,7.93,8.39,7.89,6.76,8.25,4.67,Tasas Pasivas Anuales de las Operaciones en Moneda Nacional Realizadas en los Últimos 30 Días Útiles Por Tipo de Depósito al 31/01/2023,2023-01-31
2023-01,B,GNB,4.15,8.41,8.4,8.07,8.3,8.64,8.42,4,Tasas Pasivas Anuales de las Operaciones en Moneda Nacional Realizadas en los Últimos 30 Días Útiles Por Tipo de Depósito al 31/01/2023,2023-01-31
2023-01,B,Falabella,2.74,7.78,7.59,8,6.98,8.18,7.75,5.14,Tasas Pasivas Anuales de las Operaciones en Moneda Nacional Realizadas en los Últimos 30 Días Útiles Por Tipo de Depósito al 31/01/2023,2023-01-31
2023-01,B,Santander,-,7.58,7.98,8.12,8.31,-,7.67,-,Tasas Pasivas Anuales de las Operaciones en Moneda Nacional Realizadas en los Últimos 30 Días Útiles Por Tipo de Depósito al 31/01/2023,2023-01-31
2023-01,B,Ripley,0.11,-,4.75,-,7.28,8.21,7.74,6.5,Tasas Pasivas Anuales de las Operaciones en Moneda Nacional Realizadas en los Últimos 30 Días Útiles Por Tipo de Depósito al 31/01/2023,2023-01-31
2023-01,B,Alfin,0.38,1.8,2.69,3.25,5.27,4.36,4.97,-,Tasas Pasivas Anuales de las Operaciones en Moneda Nacional Realizadas en los Últimos 30 Días Útiles Por Tipo de Depósito al 31/01/2023,2023-01-31
2023-01,B,ICBC,-,5.07,-,5.6,-,-,5.07,-,Tasas Pasivas Anuales de las Operaciones en Moneda Nacional Realizadas en los Últimos 30 Días Útiles Por Tipo de Depósito al 31/01/2023,2023-01-31
2023-01,B,Bank of China,-,-,-,-,-,-,-,-,Tasas Pasivas Anuales de las Operaciones en Moneda Nacional Realizadas en los Últimos 30 Días Útiles Por Tipo de Depósito al 31/01/2023,2023-01-31
2023-01,B,BCI,-,7.54,8.04,-,8.25,8.21,7.59,-,Tasas Pasivas Anuales de las Operaciones en Moneda Nacional Realizadas en los Últimos 30 Días Útiles Por Tipo de Depósito al 31/01/2023,2023-01-31
2023-02,B,BBVA,0.08,7.07,8.23,7.59,7.97,7.07,7.15,1.3,Tasas Pasivas Anuales de las Operaciones en Moneda Nacional Realizadas en los Últimos 30 Días Útiles Por Tipo de Depósito al 28/02/2023,2023-02-28
2023-02,B,Comercio,1.25,0.31,1.44,1.73,4.78,6.09,4.37,5.5,Tasas Pasivas Anuales de las Operaciones en Moneda Nacional Realizadas en los Últimos 30 Días Útiles Por Tipo de Depósito al 28/02/2023,2023-02-28
2023-02,B,Crédito,0.03,7.57,7.83,8.68,8.32,7.9,7.59,3.31,Tasas Pasivas Anuales de las Operaciones en Moneda Nacional Realizadas en los Últimos 30 Días Útiles Por Tipo de Depósito al 28/02/2023,2023-02-28
2023-02,B,Pichincha,2.92,8.5,8.65,8.81,8.43,8.48,8.5,4.19,Tasas Pasivas Anuales de las Operaciones en Moneda Nacional Realizadas en los Últimos 30 Días Útiles Por Tipo de Depósito al 28/02/2023,2023-02-28
2023-02,B,BIF,1.4,8,8.34,8.53,8.06,8.09,8.01,4.3,Tasas Pasivas Anuales de las Operaciones en Moneda Nacional Realizadas en los Últimos 30 Días Útiles Por Tipo de Depósito al 28/02/2023,2023-02-28
2023-02,B,Scotiabank,1.44,7.34,7.75,7.37,8.1,8.14,7.44,2.31,Tasas Pasivas Anuales de las Operaciones en Moneda Nacional Realizadas en los Últimos 30 Días Útiles Por Tipo de Depósito al 28/02/2023,2023-02-28
2023-02,B,Citibank,0.01,4,-,-,-,-,4,-,Tasas Pasivas Anuales de las Operaciones en Moneda Nacional Realizadas en los Últimos 30 Días Útiles Por Tipo de Depósito al 28/02/2023,2023-02-28
2023-02,B,Interbank,0.28,7.51,8.58,5.25,8.49,6.04,7.49,2.5,Tasas Pasivas Anuales de las Operaciones en Moneda Nacional Realizadas en los Últimos 30 Días Útiles Por Tipo de Depósito al 28/02/2023,2023-02-28
2023-02,B,Mibanco,0.39,8.28,8.01,7.03,7.32,6.07,8.18,5.74,Tasas Pasivas Anuales de las Operaciones en Moneda Nacional Realizadas en los Últimos 30 Días Útiles Por Tipo de Depósito al 28/02/2023,2023-02-28
2023-02,B,GNB,4.16,8.41,8.47,9.1,8.52,8.81,8.49,-,Tasas Pasivas Anuales de las Operaciones en Moneda Nacional Realizadas en los Últimos 30 Días Útiles Por Tipo de Depósito al 28/02/2023,2023-02-28
2023-02,B,Falabella,2.74,7.82,7.69,8.14,5.93,8.18,7.81,5.14,Tasas Pasivas Anuales de las Operaciones en Moneda Nacional Realizadas en los Últimos 30 Días Útiles Por Tipo de Depósito al 28/02/2023,2023-02-28
2023-02,B,Santander,-,7.96,8.06,8.09,8.41,8.18,7.98,-,Tasas Pasivas Anuales de las Operaciones en Moneda Nacional Realizadas en los Últimos 30 Días Útiles Por Tipo de Depósito al 28/02/2023,2023-02-28
2023-02,B,Ripley,0.12,-,4.75,-,7.5,8.23,7.96,6.55,Tasas Pasivas Anuales de las Operaciones en Moneda Nacional Realizadas en los Últimos 30 Días Útiles Por Tipo de Depósito al 28/02/2023,2023-02-28
2023-02,B,Alfin,0.24,1.8,2.63,3.25,5.33,4.99,5.18,-,Tasas Pasivas Anuales de las Operaciones en Moneda Nacional Realizadas en los Últimos 30 Días Útiles Por Tipo de Depósito al 28/02/2023,2023-02-28
2023-02,B,ICBC,-,6.49,7.75,-,-,-,6.49,-,Tasas Pasivas Anuales de las Operaciones en Moneda Nacional Realizadas en los Últimos 30 Días Útiles Por Tipo de Depósito al 28/02/2023,2023-02-28
2023-02,B,Bank of China,-,-,-,-,-,-,-,-,Tasas Pasivas Anuales de las Operaciones en Moneda Nacional Realizadas en los Últimos 30 Días Útiles Por Tipo de Depósito al 28/02/2023,2023-02-28
2023-02,B,BCI,-,7.78,7.94,-,8.3,8.21,7.8,-,Tasas Pasivas Anuales de las Operaciones en Moneda Nacional Realizadas en los Últimos 30 Días Útiles Por Tipo de Depósito al 28/02/2023,2023-02-28
2023-03,B,BBVA,0.03,6.69,7.43,7.34,7.45,6.6,6.83,1.2,Tasas Pasivas Anuales de las Operaciones en Moneda Nacional Realizadas en los Últimos 30 Días Útiles Por Tipo de Depósito al 31/03/2023,2023-03-31
2023-03,B,Comercio,1.27,0.35,0.21,0.83,3.96,6.11,2.79,5.5,Tasas Pasivas Anuales de las Operaciones en Moneda Nacional Realizadas en los Últimos 30 Días Útiles Por Tipo de Depósito al 31/03/2023,2023-03-31
2023-03,B,Crédito,0.03,7.36,7.83,7.96,8.42,8.07,7.4,3.55,Tasas Pasivas Anuales de las Operaciones en Moneda Nacional Realizadas en los Últimos 30 Días Útiles Por Tipo de Depósito al 31/03/2023,2023-03-31
2023-03,B,Pichincha,2.71,8.41,8.59,8.51,8.45,8.28,8.42,4.23,Tasas Pasivas Anuales de las Operaciones en Moneda Nacional Realizadas en los Últimos 30 Días Útiles Por Tipo de Depósito al 31/03/2023,2023-03-31
2023-03,B,BIF,2.74,7.6,8.11,7.95,8.16,8.64,7.7,4.46,Tasas Pasivas Anuales de las Operaciones en Moneda Nacional Realizadas en los Últimos 30 Días Útiles Por Tipo de Depósito al 31/03/2023,2023-03-31
2023-03,B,Scotiabank,1.43,7.36,7.97,7.63,7.7,7.34,7.41,2.76,Tasas Pasivas Anuales de las Operaciones en Moneda Nacional Realizadas en los Últimos 30 Días Útiles Por Tipo de Depósito al 31/03/2023,2023-03-31
2023-03,B,Citibank,0.12,4,-,-,-,-,4,-,Tasas Pasivas Anuales de las Operaciones en Moneda Nacional Realizadas en los Últimos 30 Días Útiles Por Tipo de Depósito al 31/03/2023,2023-03-31
2023-03,B,Interbank,0.11,7.58,8.04,6.81,8.02,5.59,7.54,2.5,Tasas Pasivas Anuales de las Operaciones en Moneda Nacional Realizadas en los Últimos 30 Días Útiles Por Tipo de Depósito al 31/03/2023,2023-03-31
2023-03,B,Mibanco,0.44,8.04,7.75,8.32,8.05,6.49,7.99,5.81,Tasas Pasivas Anuales de las Operaciones en Moneda Nacional Realizadas en los Últimos 30 Días Útiles Por Tipo de Depósito al 31/03/2023,2023-03-31
2023-03,B,GNB,4.11,8.19,8.3,8.44,8.57,8.6,8.3,3.75,Tasas Pasivas Anuales de las Operaciones en Moneda Nacional Realizadas en los Últimos 30 Días Útiles Por Tipo de Depósito al 31/03/2023,2023-03-31
2023-03,B,Falabella,2.74,7.65,7.6,0.92,4.37,7.87,7.6,5.14,Tasas Pasivas Anuales de las Operaciones en Moneda Nacional Realizadas en los Últimos 30 Días Útiles Por Tipo de Depósito al 31/03/2023,2023-03-31
2023-03,B,Santander,-,7.79,7.99,8,8.21,8,7.83,-,Tasas Pasivas Anuales de las Operaciones en Moneda Nacional Realizadas en los Últimos 30 Días Útiles Por Tipo de Depósito al 31/03/2023,2023-03-31
2023-03,B,Ripley,0.21,-,4.75,4.75,8.17,8.39,7.9,6.5,Tasas Pasivas Anuales de las Operaciones en Moneda Nacional Realizadas en los Últimos 30 Días Útiles Por Tipo de Depósito al 31/03/2023,2023-03-31
2023-03,B,Alfin,0.26,1.65,2.34,3.04,5.35,7.82,6.2,-,Tasas Pasivas Anuales de las Operaciones en Moneda Nacional Realizadas en los Últimos 30 Días Útiles Por Tipo de Depósito al 31/03/2023,2023-03-31
2023-03,B,ICBC,-,6.5,-,-,-,-,6.5,-,Tasas Pasivas Anuales de las Operaciones en Moneda Nacional Realizadas en los Últimos 30 Días Útiles Por Tipo de Depósito al 31/03/2023,2023-03-31
2023-03,B,Bank of China,-,-,-,-,-,-,-,-,Tasas Pasivas Anuales de las Operaciones en Moneda Nacional Realizadas en los Últimos 30 Días Útiles Por Tipo de Depósito al 31/03/2023,2023-03-31
2023-03,B,BCI,-,7.59,7.71,-,-,-,7.6,-,Tasas Pasivas Anuales de las Operaciones en Moneda Nacional Realizadas en los Últimos 30 Días Útiles Por Tipo de Depósito al 31/03/2023,2023-03-31
2023-04,B,BBVA,0.33,7.15,6.5,6.23,6.34,6.67,7.04,1.99,Tasas Pasivas Anuales de las Operaciones en Moneda Nacional Realizadas en los Últimos 30 Días Útiles Por Tipo de Depósito al 28/04/2023,2023-04-28
2023-04,B,Comercio,1.26,4.42,0.28,2.03,5.13,6.99,3.12,5.5,Tasas Pasivas Anuales de las Operaciones en Moneda Nacional Realizadas en los Últimos 30 Días Útiles Por Tipo de Depósito al 28/04/2023,2023-04-28
2023-04,B,Crédito,0.03,7.33,7.81,7.39,8.05,8.01,7.34,3.68,Tasas Pasivas Anuales de las Operaciones en Moneda Nacional Realizadas en los Últimos 30 Días Útiles Por Tipo de Depósito al 28/04/2023,2023-04-28
2023-04,B,Pichincha,3.93,8.46,8.26,8.64,8.48,8.64,8.45,3.97,Tasas Pasivas Anuales de las Operaciones en Moneda Nacional Realizadas en los Últimos 30 Días Útiles Por Tipo de Depósito al 28/04/2023,2023-04-28
2023-04,B,BIF,2.94,7.88,7.82,7.77,7.93,8.12,7.88,4.5,Tasas Pasivas Anuales de las Operaciones en Moneda Nacional Realizadas en los Últimos 30 Días Útiles Por Tipo de Depósito al 28/04/2023,2023-04-28
2023-04,B,Scotiabank,1.2,7.41,8,7.47,7.85,6.91,7.43,1.14,Tasas Pasivas Anuales de las Operaciones en Moneda Nacional Realizadas en los Últimos 30 Días Útiles Por Tipo de Depósito al 28/04/2023,2023-04-28
2023-04,B,Citibank,0.01,4,4.02,-,-,-,4,-,Tasas Pasivas Anuales de las Operaciones en Moneda Nacional Realizadas en los Últimos 30 Días Útiles Por Tipo de Depósito al 28/04/2023,2023-04-28
2023-04,B,Interbank,0.51,7.8,8.22,8.06,8.17,7.48,7.84,2.5,Tasas Pasivas Anuales de las Operaciones en Moneda Nacional Realizadas en los Últimos 30 Días Útiles Por Tipo de Depósito al 28/04/2023,2023-04-28
2023-04,B,Mibanco,0.43,8.21,7.74,7.99,8.08,6.87,8.12,5.73,Tasas Pasivas Anuales de las Operaciones en Moneda Nacional Realizadas en los Últimos 30 Días Útiles Por Tipo de Depósito al 28/04/2023,2023-04-28
2023-04,B,GNB,4.03,8.29,8.21,8.31,8.42,8.58,8.32,-,Tasas Pasivas Anuales de las Operaciones en Moneda Nacional Realizadas en los Últimos 30 Días Útiles Por Tipo de Depósito al 28/04/2023,2023-04-28
2023-04,B,Falabella,2.74,7.77,8.41,7.93,6.15,7.94,7.73,5.14,Tasas Pasivas Anuales de las Operaciones en Moneda Nacional Realizadas en los Últimos 30 Días Útiles Por Tipo de Depósito al 28/04/2023,2023-04-28
2023-04,B,Santander,-,7.63,8.07,7.94,8.02,7.67,7.68,-,Tasas Pasivas Anuales de las Operaciones en Moneda Nacional Realizadas en los Últimos 30 Días Útiles Por Tipo de Depósito al 28/04/2023,2023-04-28
2023-04,B,Ripley,0.21,-,-,6.4,8.5,8.68,8.09,6.5,Tasas Pasivas Anuales de las Operaciones en Moneda Nacional Realizadas en los Últimos 30 Días Útiles Por Tipo de Depósito al 28/04/2023,2023-04-28
2023-04,B,Alfin,0.36,1.13,1.87,2.09,5.44,8.43,6.84,-,Tasas Pasivas Anuales de las Operaciones en Moneda Nacional Realizadas en los Últimos 30 Días Útiles Por Tipo de Depósito al 28/04/2023,2023-04-28
2023-04,B,ICBC,-,6.5,-,-,-,-,6.5,-,Tasas Pasivas Anuales de las Operaciones en Moneda Nacional Realizadas en los Últimos 30 Días Útiles Por Tipo de Depósito al 28/04/2023,2023-04-28
2023-04,B,Bank of China,-,-,-,-,-,-,-,-,Tasas Pasivas Anuales de las Operaciones en Moneda Nacional Realizadas en los Últimos 30 Días Útiles Por Tipo de Depósito al 28/04/2023,2023-04-28
2023-04,B,BCI,-,7.64,7.7,-,-,-,7.64,-,Tasas Pasivas Anuales de las Operaciones en Moneda Nacional Realizadas en los Últimos 30 Días Útiles Por Tipo de Depósito al 28/04/2023,2023-04-28
2023-05,B,BBVA,0.64,7.46,7.43,5.54,7.28,6.88,7.38,1.4,Tasas Pasivas Anuales de las Operaciones en Moneda Nacional Realizadas en los Últimos 30 Días Útiles Por Tipo de Depósito al 31/05/2023,2023-05-31
2023-05,B,Comercio,1.35,0.21,0.21,3.86,4.07,7.04,3.16,5.53,Tasas Pasivas Anuales de las Operaciones en Moneda Nacional Realizadas en los Últimos 30 Días Útiles Por Tipo de Depósito al 31/05/2023,2023-05-31
2023-05,B,Crédito,0.04,7.43,7.78,8.79,8.14,7.65,7.51,2.29,Tasas Pasivas Anuales de las Operaciones en Moneda Nacional Realizadas en los Últimos 30 Días Útiles Por Tipo de Depósito al 31/05/2023,2023-05-31
2023-05,B,Pichincha,4.41,8.57,8.52,8.75,8.46,8.62,8.55,4.61,Tasas Pasivas Anuales de las Operaciones en Moneda Nacional Realizadas en los Últimos 30 Días Útiles Por Tipo de Depósito al 31/05/2023,2023-05-31
2023-05,B,BIF,3.68,8.06,7.93,7.53,7.99,7.75,8.04,4.6,Tasas Pasivas Anuales de las Operaciones en Moneda Nacional Realizadas en los Últimos 30 Días Útiles Por Tipo de Depósito al 31/05/2023,2023-05-31
2023-05,B,Scotiabank,1.19,7.61,7.68,7.51,7.86,6.31,7.62,0.51,Tasas Pasivas Anuales de las Operaciones en Moneda Nacional Realizadas en los Últimos 30 Días Útiles Por Tipo de Depósito al 31/05/2023,2023-05-31
2023-05,B,Citibank,0.03,8.18,3.99,-,-,-,8.17,-,Tasas Pasivas Anuales de las Operaciones en Moneda Nacional Realizadas en los Últimos 30 Días Útiles Por Tipo de Depósito al 31/05/2023,2023-05-31
2023-05,B,Interbank,0.51,7.71,7.63,7.94,8.13,7.22,7.72,2.5,Tasas Pasivas Anuales de las Operaciones en Moneda Nacional Realizadas en los Últimos 30 Días Útiles Por Tipo de Depósito al 31/05/2023,2023-05-31
2023-05,B,Mibanco,0.39,8.37,7.78,6.09,8.09,5.97,8.29,5.87,Tasas Pasivas Anuales de las Operaciones en Moneda Nacional Realizadas en los Últimos 30 Días Útiles Por Tipo de Depósito al 31/05/2023,2023-05-31
2023-05,B,GNB,4.17,8.25,8.41,-,8.2,8.25,8.28,3.76,Tasas Pasivas Anuales de las Operaciones en Moneda Nacional Realizadas en los Últimos 30 Días Útiles Por Tipo de Depósito al 31/05/2023,2023-05-31
2023-05,B,Falabella,2.74,7.88,8.44,8.33,7.39,8.32,7.9,5.15,Tasas Pasivas Anuales de las Operaciones en Moneda Nacional Realizadas en los Últimos 30 Días Útiles Por Tipo de Depósito al 31/05/2023,2023-05-31
2023-05,B,Santander,-,7.91,8.06,8.39,8.06,7.64,7.95,-,Tasas Pasivas Anuales de las Operaciones en Moneda Nacional Realizadas en los Últimos 30 Días Útiles Por Tipo de Depósito al 31/05/2023,2023-05-31
2023-05,B,Ripley,0.26,-,1,4.75,8.5,8.74,8.23,6.5,Tasas Pasivas Anuales de las Operaciones en Moneda Nacional Realizadas en los Últimos 30 Días Útiles Por Tipo de Depósito al 31/05/2023,2023-05-31
2023-05,B,Alfin,0.78,1,1.71,2,6.53,8.49,7.57,-,Tasas Pasivas Anuales de las Operaciones en Moneda Nacional Realizadas en los Últimos 30 Días Útiles Por Tipo de Depósito al 31/05/2023,2023-05-31
2023-05,B,ICBC,-,6.52,-,-,-,-,6.52,-,Tasas Pasivas Anuales de las Operaciones en Moneda Nacional Realizadas en los Últimos 30 Días Útiles Por Tipo de Depósito al 31/05/2023,2023-05-31
2023-05,B,Bank of China,-,-,-,-,-,-,-,-,Tasas Pasivas Anuales de las Operaciones en Moneda Nacional Realizadas en los Últimos 30 Días Útiles Por Tipo de Depósito al 31/05/2023,2023-05-31
2023-05,B,BCI,-,7.64,-,7.7,7.45,-,7.64,-,Tasas Pasivas Anuales de las Operaciones en Moneda Nacional Realizadas en los Últimos 30 Días Útiles Por Tipo de Depósito al 31/05/2023,2023-05-31
2023-06,B,BBVA,0.04,7.22,8.35,5.92,7.27,7,7.28,1.19,Tasas Pasivas Anuales de las Operaciones en Moneda Nacional Realizadas en los Últimos 30 Días Útiles Por Tipo de Depósito al 30/06/2023,2023-06-30
2023-06,B,Comercio,1.34,0.5,0.23,8.1,3.27,6,3.89,5.5,Tasas Pasivas Anuales de las Operaciones en Moneda Nacional Realizadas en los Últimos 30 Días Útiles Por Tipo de Depósito al 30/06/2023,2023-06-30
2023-06,B,Crédito,0.03,7.62,8.13,8.79,7.95,7.24,7.66,1.95,Tasas Pasivas Anuales de las Operaciones en Moneda Nacional Realizadas en los Últimos 30 Días Útiles Por Tipo de Depósito al 30/06/2023,2023-06-30
2023-06,B,Pichincha,4.1,8.59,8.61,8.85,8.41,8.17,8.55,5.97,Tasas Pasivas Anuales de las Operaciones en Moneda Nacional Realizadas en los Últimos 30 Días Útiles Por Tipo de Depósito al 30/06/2023,2023-06-30
2023-06,B,BIF,3.57,8,8.2,7.97,7.97,7.92,8,4.61,Tasas Pasivas Anuales de las Operaciones en Moneda Nacional Realizadas en los Últimos 30 Días Útiles Por Tipo de Depósito al 30/06/2023,2023-06-30
2023-06,B,Scotiabank,1.89,7.78,7.8,7.84,7.83,6.4,7.78,0.86,Tasas Pasivas Anuales de las Operaciones en Moneda Nacional Realizadas en los Últimos 30 Días Útiles Por Tipo de Depósito al 30/06/2023,2023-06-30
2023-06,B,Citibank,0.02,8.29,4.03,-,-,-,8.28,-,Tasas Pasivas Anuales de las Operaciones en Moneda Nacional Realizadas en los Últimos 30 Días Útiles Por Tipo de Depósito al 30/06/2023,2023-06-30
2023-06,B,Interbank,0.1,7.69,7.79,7.66,7.92,6.64,7.67,2.5,Tasas Pasivas Anuales de las Operaciones en Moneda Nacional Realizadas en los Últimos 30 Días Útiles Por Tipo de Depósito al 30/06/2023,2023-06-30
2023-06,B,Mibanco,0.39,8.51,8.05,5.87,7.76,5.76,8.39,4.57,Tasas Pasivas Anuales de las Operaciones en Moneda Nacional Realizadas en los Últimos 30 Días Útiles Por Tipo de Depósito al 30/06/2023,2023-06-30
2023-06,B,GNB,4.05,8.24,8.46,-,8.35,8.28,8.31,-,Tasas Pasivas Anuales de las Operaciones en Moneda Nacional Realizadas en los Últimos 30 Días Útiles Por Tipo de Depósito al 30/06/2023,2023-06-30
2023-06,B,Falabella,2.74,7.98,8.42,6.53,7.54,8.41,7.98,5.17,Tasas Pasivas Anuales de las Operaciones en Moneda Nacional Realizadas en los Últimos 30 Días Útiles Por Tipo de Depósito al 30/06/2023,2023-06-30
2023-06,B,Santander,-,6.09,8.14,8.4,7.97,7.8,6.38,-,Tasas Pasivas Anuales de las Operaciones en Moneda Nacional Realizadas en los Últimos 30 Días Útiles Por Tipo de Depósito al 30/06/2023,2023-06-30
2023-06,B,Ripley,0.37,-,-,4.75,8.5,8.72,8.15,6.5,Tasas Pasivas Anuales de las Operaciones en Moneda Nacional Realizadas en los Últimos 30 Días Útiles Por Tipo de Depósito al 30/06/2023,2023-06-30
2023-06,B,Alfin,0.75,1,1.73,2,6.93,8.37,7.63,-,Tasas Pasivas Anuales de las Operaciones en Moneda Nacional Realizadas en los Últimos 30 Días Útiles Por Tipo de Depósito al 30/06/2023,2023-06-30
2023-06,B,ICBC,-,6.51,-,8.2,-,-,6.8,-,Tasas Pasivas Anuales de las Operaciones en Moneda Nacional Realizadas en los Últimos 30 Días Útiles Por Tipo de Depósito al 30/06/2023,2023-06-30
2023-06,B,Bank of China,-,-,-,-,-,-,-,-,Tasas Pasivas Anuales de las Operaciones en Moneda Nacional Realizadas en los Últimos 30 Días Útiles Por Tipo de Depósito al 30/06/2023,2023-06-30
2023-06,B,BCI,-,7.67,-,7.7,-,7.75,7.68,-,Tasas Pasivas Anuales de las Operaciones en Moneda Nacional Realizadas en los Últimos 30 Días Útiles Por Tipo de Depósito al 30/06/2023,2023-06-30
2023-07,B,BBVA,0.14,7.46,8.32,6.1,6.74,7.06,7.47,1.74,Tasas Pasivas Anuales de las Operaciones en Moneda Nacional Realizadas en los Últimos 30 Días Útiles Por Tipo de Depósito al 31/07/2023,2023-07-31
2023-07,B,Comercio,1.28,0.54,0.21,1.13,5.63,5.53,3.48,5.5,Tasas Pasivas Anuales de las Operaciones en Moneda Nacional Realizadas en los Últimos 30 Días Útiles Por Tipo de Depósito al 31/07/2023,2023-07-31
2023-07,B,Crédito,0.03,7.61,8.23,8.54,7.49,6.32,7.65,2.81,Tasas Pasivas Anuales de las Operaciones en Moneda Nacional Realizadas en los Últimos 30 Días Útiles Por Tipo de Depósito al 31/07/2023,2023-07-31
2023-07,B,Pichincha,4.07,8.28,8.35,7.76,8.37,8.05,8.31,6.57,Tasas Pasivas Anuales de las Operaciones en Moneda Nacional Realizadas en los Últimos 30 Días Útiles Por Tipo de Depósito al 31/07/2023,2023-07-31
2023-07,B,BIF,3.63,7.98,8.24,8.36,8.07,7.8,8.01,4.75,Tasas Pasivas Anuales de las Operaciones en Moneda Nacional Realizadas en los Últimos 30 Días Útiles Por Tipo de Depósito al 31/07/2023,2023-07-31
2023-07,B,Scotiabank,2.14,7.62,7.92,7.97,7.74,7.01,7.64,1.28,Tasas Pasivas Anuales de las Operaciones en Moneda Nacional Realizadas en los Últimos 30 Días Útiles Por Tipo de Depósito al 31/07/2023,2023-07-31
2023-07,B,Citibank,0.01,8.17,4.04,-,-,-,8.16,-,Tasas Pasivas Anuales de las Operaciones en Moneda Nacional Realizadas en los Últimos 30 Días Útiles Por Tipo de Depósito al 31/07/2023,2023-07-31
2023-07,B,Interbank,0.08,7.76,7.83,7.37,7.73,7.12,7.74,2.5,Tasas Pasivas Anuales de las Operaciones en Moneda Nacional Realizadas en los Últimos 30 Días Útiles Por Tipo de Depósito al 31/07/2023,2023-07-31
2023-07,B,Mibanco,0.43,8.57,8.24,8.1,7.42,4.65,8.43,5.7,Tasas Pasivas Anuales de las Operaciones en Moneda Nacional Realizadas en los Últimos 30 Días Útiles Por Tipo de Depósito al 31/07/2023,2023-07-31
2023-07,B,GNB,4.05,8.36,8.39,8.3,8.43,8.21,8.35,-,Tasas Pasivas Anuales de las Operaciones en Moneda Nacional Realizadas en los Últimos 30 Días Útiles Por Tipo de Depósito al 31/07/2023,2023-07-31
2023-07,B,Falabella,2.74,7.78,7.53,0.48,5.13,8.49,7.73,5.14,Tasas Pasivas Anuales de las Operaciones en Moneda Nacional Realizadas en los Últimos 30 Días Útiles Por Tipo de Depósito al 31/07/2023,2023-07-31
2023-07,B,Santander,-,8.03,8.18,8.07,8.04,7.66,8.01,-,Tasas Pasivas Anuales de las Operaciones en Moneda Nacional Realizadas en los Últimos 30 Días Útiles Por Tipo de Depósito al 31/07/2023,2023-07-31
2023-07,B,Ripley,0.4,-,-,6,8.5,8.74,8.14,6.5,Tasas Pasivas Anuales de las Operaciones en Moneda Nacional Realizadas en los Últimos 30 Días Útiles Por Tipo de Depósito al 31/07/2023,2023-07-31
2023-07,B,Alfin,0.63,1,1.73,2,5.84,8.44,6.94,-,Tasas Pasivas Anuales de las Operaciones en Moneda Nacional Realizadas en los Últimos 30 Días Útiles Por Tipo de Depósito al 31/07/2023,2023-07-31
2023-07,B,ICBC,-,6.98,-,8.2,-,-,7.1,-,Tasas Pasivas Anuales de las Operaciones en Moneda Nacional Realizadas en los Últimos 30 Días Útiles Por Tipo de Depósito al 31/07/2023,2023-07-31
2023-07,B,Bank of China,-,-,-,-,-,-,-,-,Tasas Pasivas Anuales de las Operaciones en Moneda Nacional Realizadas en los Últimos 30 Días Útiles Por Tipo de Depósito al 31/07/2023,2023-07-31
2023-07,B,BCI,-,7.73,-,-,-,7.75,7.73,-,Tasas Pasivas Anuales de las Operaciones en Moneda Nacional Realizadas en los Últimos 30 Días Útiles Por Tipo de Depósito al 31/07/2023,2023-07-31
2023-08,B,BBVA,1.95,6.57,8.03,6.08,5.51,7.09,6.66,1.51,Tasas Pasivas Anuales de las Operaciones en Moneda Nacional Realizadas en los Últimos 30 Días Útiles Por Tipo de Depósito al 31/08/2023,2023-08-31
2023-08,B,Comercio,1.32,0.22,0.28,1.39,4.92,6,3.26,5.5,Tasas Pasivas Anuales de las Operaciones en Moneda Nacional Realizadas en los Últimos 30 Días Útiles Por Tipo de Depósito al 31/08/2023,2023-08-31
2023-08,B,Crédito,0.03,7.47,8.03,8.28,7.64,5.75,7.51,2.17,Tasas Pasivas Anuales de las Operaciones en Moneda Nacional Realizadas en los Últimos 30 Días Útiles Por Tipo de Depósito al 31/08/2023,2023-08-31
2023-08,B,Pichincha,4.26,8.13,8.21,8.33,8.25,8.08,8.18,5.28,Tasas Pasivas Anuales de las Operaciones en Moneda Nacional Realizadas en los Últimos 30 Días Útiles Por Tipo de Depósito al 31/08/2023,2023-08-31
2023-08,B,BIF,3.77,7.71,8.01,8.47,7.95,7.53,7.77,4.4,Tasas Pasivas Anuales de las Operaciones en Moneda Nacional Realizadas en los Últimos 30 Días Útiles Por Tipo de Depósito al 31/08/2023,2023-08-31
2023-08,B,Scotiabank,1.88,7.26,7.8,7.67,7.28,6.75,7.29,1.69,Tasas Pasivas Anuales de las Operaciones en Moneda Nacional Realizadas en los Últimos 30 Días Útiles Por Tipo de Depósito al 31/08/2023,2023-08-31
2023-08,B,Citibank,0.01,8.06,3.99,-,-,-,8.05,-,Tasas Pasivas Anuales de las Operaciones en Moneda Nacional Realizadas en los Últimos 30 Días Útiles Por Tipo de Depósito al 31/08/2023,2023-08-31
2023-08,B,Interbank,0.19,7.71,8.12,7.56,7.68,6.97,7.71,2.5,Tasas Pasivas Anuales de las Operaciones en Moneda Nacional Realizadas en los Últimos 30 Días Útiles Por Tipo de Depósito al 31/08/2023,2023-08-31
2023-08,B,Mibanco,0.48,8.29,8.16,8.01,7.41,4.96,8.14,5.71,Tasas Pasivas Anuales de las Operaciones en Moneda Nacional Realizadas en los Últimos 30 Días Útiles Por Tipo de Depósito al 31/08/2023,2023-08-31
2023-08,B,GNB,3.91,8.35,8.4,8.47,8.11,8.17,8.3,3.75,Tasas Pasivas Anuales de las Operaciones en Moneda Nacional Realizadas en los Últimos 30 Días Útiles Por Tipo de Depósito al 31/08/2023,2023-08-31
2023-08,B,Falabella,2.74,7.86,7.74,6.35,6.7,8.47,7.84,5.14,Tasas Pasivas Anuales de las Operaciones en Moneda Nacional Realizadas en los Últimos 30 Días Útiles Por Tipo de Depósito al 31/08/2023,2023-08-31
2023-08,B,Santander,-,7.92,8.13,8.15,7.52,7.29,7.89,-,Tasas Pasivas Anuales de las Operaciones en Moneda Nacional Realizadas en los Últimos 30 Días Útiles Por Tipo de Depósito al 31/08/2023,2023-08-31
2023-08,B,Ripley,0.36,-,1,4.75,8.5,8.74,8.06,6.75,Tasas Pasivas Anuales de las Operaciones en Moneda Nacional Realizadas en los Últimos 30 Días Útiles Por Tipo de Depósito al 31/08/2023,2023-08-31
2023-08,B,Alfin,1.03,1,1.73,2,4.27,8.63,6.32,-,Tasas Pasivas Anuales de las Operaciones en Moneda Nacional Realizadas en los Últimos 30 Días Útiles Por Tipo de Depósito al 31/08/2023,2023-08-31
2023-08,B,ICBC,-,7.1,-,-,8,-,7.12,-,Tasas Pasivas Anuales de las Operaciones en Moneda Nacional Realizadas en los Últimos 30 Días Útiles Por Tipo de Depósito al 31/08/2023,2023-08-31
2023-08,B,Bank of China,-,-,-,-,-,-,-,-,Tasas Pasivas Anuales de las Operaciones en Moneda Nacional Realizadas en los Últimos 30 Días Útiles Por Tipo de Depósito al 31/08/2023,2023-08-31
2023-08,B,BCI,-,7.84,7.91,7.83,7.7,7.5,7.83,-,Tasas Pasivas Anuales de las Operaciones en Moneda Nacional Realizadas en los Últimos 30 Días Útiles Por Tipo de Depósito al 31/08/2023,2023-08-31
2023-09,B,BBVA,0.27,6.83,7.65,6.63,6.55,6.75,6.87,1.41,Tasas Pasivas Anuales de las Operaciones en Moneda Nacional Realizadas en los Últimos 30 Días Útiles Por Tipo de Depósito al 29/09/2023,2023-09-29
2023-09,B,Comercio,1.33,0.24,0.48,7.26,5.62,6.47,4.84,5.5,Tasas Pasivas Anuales de las Operaciones en Moneda Nacional Realizadas en los Últimos 30 Días Útiles Por Tipo de Depósito al 29/09/2023,2023-09-29
2023-09,B,Crédito,0.03,7.28,7.72,7.65,7.57,5.32,7.29,2.19,Tasas Pasivas Anuales de las Operaciones en Moneda Nacional Realizadas en los Últimos 30 Días Útiles Por Tipo de Depósito al 29/09/2023,2023-09-29
2023-09,B,Pichincha,4.01,7.84,8.19,8.03,8.06,8.02,7.93,5.16,Tasas Pasivas Anuales de las Operaciones en Moneda Nacional Realizadas en los Últimos 30 Días Útiles Por Tipo de Depósito al 29/09/2023,2023-09-29
2023-09,B,BIF,3.46,7.47,7.73,7.87,7.59,6.94,7.48,4.5,Tasas Pasivas Anuales de las Operaciones en Moneda Nacional Realizadas en los Últimos 30 Días Útiles Por Tipo de Depósito al 29/09/2023,2023-09-29
2023-09,B,Scotiabank,2.02,7.25,7.49,7.12,7.13,6.11,7.24,1.27,Tasas Pasivas Anuales de las Operaciones en Moneda Nacional Realizadas en los Últimos 30 Días Útiles Por Tipo de Depósito al 29/09/2023,2023-09-29
2023-09,B,Citibank,0.01,6.57,3.99,-,-,-,6.54,-,Tasas Pasivas Anuales de las Operaciones en Moneda Nacional Realizadas en los Últimos 30 Días Útiles Por Tipo de Depósito al 29/09/2023,2023-09-29
2023-09,B,Interbank,0.19,7.58,7.91,7.22,7.19,6.33,7.58,2.5,Tasas Pasivas Anuales de las Operaciones en Moneda Nacional Realizadas en los Últimos 30 Días Útiles Por Tipo de Depósito al 29/09/2023,2023-09-29
2023-09,B,Mibanco,0.59,7.86,7.56,7.99,6.58,3.63,7.62,5.8,Tasas Pasivas Anuales de las Operaciones en Moneda Nacional Realizadas en los Últimos 30 Días Útiles Por Tipo de Depósito al 29/09/2023,2023-09-29
2023-09,B,GNB,3.92,7.89,8.13,8.31,8.13,8.04,8.06,3.75,Tasas Pasivas Anuales de las Operaciones en Moneda Nacional Realizadas en los Últimos 30 Días Útiles Por Tipo de Depósito al 29/09/2023,2023-09-29
2023-09,B,Falabella,2.74,7.73,7.49,7.19,7.13,8.49,7.74,5.14,Tasas Pasivas Anuales de las Operaciones en Moneda Nacional Realizadas en los Últimos 30 Días Útiles Por Tipo de Depósito al 29/09/2023,2023-09-29
2023-09,B,Santander,-,7.6,7.96,7.9,7.53,7.22,7.65,-,Tasas Pasivas Anuales de las Operaciones en Moneda Nacional Realizadas en los Últimos 30 Días Útiles Por Tipo de Depósito al 29/09/2023,2023-09-29
2023-09,B,Ripley,0.31,1,-,4.75,8.5,8.52,8.15,6.5,Tasas Pasivas Anuales de las Operaciones en Moneda Nacional Realizadas en los Últimos 30 Días Útiles Por Tipo de Depósito al 29/09/2023,2023-09-29
2023-09,B,Alfin,0.79,1,1.72,2,3.33,8.47,5.22,-,Tasas Pasivas Anuales de las Operaciones en Moneda Nacional Realizadas en los Últimos 30 Días Útiles Por Tipo de Depósito al 29/09/2023,2023-09-29
2023-09,B,ICBC,-,7.09,-,-,8.2,-,7.11,-,Tasas Pasivas Anuales de las Operaciones en Moneda Nacional Realizadas en los Últimos 30 Días Útiles Por Tipo de Depósito al 29/09/2023,2023-09-29
2023-09,B,Bank of China,-,-,-,-,-,-,-,-,Tasas Pasivas Anuales de las Operaciones en Moneda Nacional Realizadas en los Últimos 30 Días Útiles Por Tipo de Depósito al 29/09/2023,2023-09-29
2023-09,B,BCI,-,7.76,7.89,7.56,7.57,7.45,7.75,-,Tasas Pasivas Anuales de las Operaciones en Moneda Nacional Realizadas en los Últimos 30 Días Útiles Por Tipo de Depósito al 29/09/2023,2023-09-29
2023-10,B,BBVA,0.21,6.3,7.16,6.01,5.59,6.18,6.33,1.97,Tasas Pasivas Anuales de las Operaciones en Moneda Nacional Realizadas en los Últimos 30 Días Útiles Por Tipo de Depósito al 31/10/2023,2023-10-31
2023-10,B,Bancom,1.32,0.27,1.72,7.07,5.47,6.37,4.52,5.5,Tasas Pasivas Anuales de las Operaciones en Moneda Nacional Realizadas en los Últimos 30 Días Útiles Por Tipo de Depósito al 31/10/2023,2023-10-31
2023-10,B,Crédito,0.03,7.03,7.38,7.28,5.89,6.15,7.03,2.01,Tasas Pasivas Anuales de las Operaciones en Moneda Nacional Realizadas en los Últimos 30 Días Útiles Por Tipo de Depósito al 31/10/2023,2023-10-31
2023-10,B,Pichincha,4.03,7.69,7.53,7.97,7.76,7.45,7.73,5.83,Tasas Pasivas Anuales de las Operaciones en Moneda Nacional Realizadas en los Últimos 30 Días Útiles Por Tipo de Depósito al 31/10/2023,2023-10-31
2023-10,B,BIF,3.02,7.28,7.49,7.5,6.65,6.24,7.29,4.61,Tasas Pasivas Anuales de las Operaciones en Moneda Nacional Realizadas en los Últimos 30 Días Útiles Por Tipo de Depósito al 31/10/2023,2023-10-31
2023-10,B,Scotiabank,2.04,6.48,7.04,6.9,6.3,5.05,6.49,2.44,Tasas Pasivas Anuales de las Operaciones en Moneda Nacional Realizadas en los Últimos 30 Días Útiles Por Tipo de Depósito al 31/10/2023,2023-10-31
2023-10,B,Citibank,0.01,3.93,3.99,-,-,-,3.94,-,Tasas Pasivas Anuales de las Operaciones en Moneda Nacional Realizadas en los Últimos 30 Días Útiles Por Tipo de Depósito al 31/10/2023,2023-10-31
2023-10,B,Interbank,0.07,7.33,7.43,6.59,6.69,5.63,7.3,2.44,Tasas Pasivas Anuales de las Operaciones en Moneda Nacional Realizadas en los Últimos 30 Días Útiles Por Tipo de Depósito al 31/10/2023,2023-10-31
2023-10,B,Mibanco,0.58,7.48,7.42,7.77,6.03,3.08,7.27,5.84,Tasas Pasivas Anuales de las Operaciones en Moneda Nacional Realizadas en los Últimos 30 Días Útiles Por Tipo de Depósito al 31/10/2023,2023-10-31
2023-10,B,GNB,4.17,7.57,7.7,7.79,7.75,7.41,7.64,3.75,Tasas Pasivas Anuales de las Operaciones en Moneda Nacional Realizadas en los Últimos 30 Días Útiles Por Tipo de Depósito al 31/10/2023,2023-10-31
2023-10,B,Falabella,2.74,7.41,7.04,7.41,6.94,8.28,7.44,5.14,Tasas Pasivas Anuales de las Operaciones en Moneda Nacional Realizadas en los Últimos 30 Días Útiles Por Tipo de Depósito al 31/10/2023,2023-10-31
2023-10,B,Santander,0.01,7.12,7.41,7.17,6.81,6.76,7.14,-,Tasas Pasivas Anuales de las Operaciones en Moneda Nacional Realizadas en los Últimos 30 Días Útiles Por Tipo de Depósito al 31/10/2023,2023-10-31
2023-10,B,Ripley,0.35,1,-,4.75,8.41,8.08,8.22,6.51,Tasas Pasivas Anuales de las Operaciones en Moneda Nacional Realizadas en los Últimos 30 Días Útiles Por Tipo de Depósito al 31/10/2023,2023-10-31
2023-10,B,Alfin,0.62,1,1.74,2,5,7.7,5.73,-,Tasas Pasivas Anuales de las Operaciones en Moneda Nacional Realizadas en los Últimos 30 Días Útiles Por Tipo de Depósito al 31/10/2023,2023-10-31
2023-10,B,ICBC,-,6.69,-,-,-,-,6.69,-,Tasas Pasivas Anuales de las Operaciones en Moneda Nacional Realizadas en los Últimos 30 Días Útiles Por Tipo de Depósito al 31/10/2023,2023-10-31
2023-10,B,Bank of China,-,-,-,-,-,-,-,-,Tasas Pasivas Anuales de las Operaciones en Moneda Nacional Realizadas en los Últimos 30 Días Útiles Por Tipo de Depósito al 31/10/2023,2023-10-31
2023-10,B,BCI,-,7.42,7.55,7.49,7.28,6.5,7.41,-,Tasas Pasivas Anuales de las Operaciones en Moneda Nacional Realizadas en los Últimos 30 Días Útiles Por Tipo de Depósito al 31/10/2023,2023-10-31
2023-11,B,BBVA,0.13,6.48,7.06,5.75,5.33,5.6,6.45,1.4,Tasas Pasivas Anuales de las Operaciones en Moneda Nacional Realizadas en los Últimos 30 Días Útiles Por Tipo de Depósito al 30/11/2023,2023-11-30
2023-11,B,Bancom,1.32,1.42,6.86,7.01,4.85,2.79,4.19,5.71,Tasas Pasivas Anuales de las Operaciones en Moneda Nacional Realizadas en los Últimos 30 Días Útiles Por Tipo de Depósito al 30/11/2023,2023-11-30
2023-11,B,Crédito,0.03,6.94,7.03,6.99,6.37,5.71,6.92,2.2,Tasas Pasivas Anuales de las Operaciones en Moneda Nacional Realizadas en los Últimos 30 Días Útiles Por Tipo de Depósito al 30/11/2023,2023-11-30
2023-11,B,Pichincha,4.08,6.66,7.27,6.9,7.3,6.36,7.08,5.08,Tasas Pasivas Anuales de las Operaciones en Moneda Nacional Realizadas en los Últimos 30 Días Útiles Por Tipo de Depósito al 30/11/2023,2023-11-30
2023-11,B,BIF,2.19,7.1,7.32,7.25,6.34,6.59,7.1,3.86,Tasas Pasivas Anuales de las Operaciones en Moneda Nacional Realizadas en los Últimos 30 Días Útiles Por Tipo de Depósito al 30/11/2023,2023-11-30
2023-11,B,Scotiabank,2.01,6.56,6.84,6.07,5.09,4.89,6.5,0.72,Tasas Pasivas Anuales de las Operaciones en Moneda Nacional Realizadas en los Últimos 30 Días Útiles Por Tipo de Depósito al 30/11/2023,2023-11-30
2023-11,B,Citibank,0.01,4.27,4.75,-,-,-,4.34,-,Tasas Pasivas Anuales de las Operaciones en Moneda Nacional Realizadas en los Últimos 30 Días Útiles Por Tipo de Depósito al 30/11/2023,2023-11-30
2023-11,B,Interbank,0.09,7.13,7.14,6.17,6.66,5.22,7.09,2.51,Tasas Pasivas Anuales de las Operaciones en Moneda Nacional Realizadas en los Últimos 30 Días Útiles Por Tipo de Depósito al 30/11/2023,2023-11-30
2023-11,B,Mibanco,0.62,7.33,7.09,7.41,5.4,2.68,7.07,5.87,Tasas Pasivas Anuales de las Operaciones en Moneda Nacional Realizadas en los Últimos 30 Días Útiles Por Tipo de Depósito al 30/11/2023,2023-11-30
2023-11,B,GNB,4,7.47,7.51,7.68,7.6,7.34,7.52,3.75,Tasas Pasivas Anuales de las Operaciones en Moneda Nacional Realizadas en los Últimos 30 Días Útiles Por Tipo de Depósito al 30/11/2023,2023-11-30
2023-11,B,Falabella,2.74,7.1,7.01,7.15,6.76,7.68,7.09,5.14,Tasas Pasivas Anuales de las Operaciones en Moneda Nacional Realizadas en los Últimos 30 Días Útiles Por Tipo de Depósito al 30/11/2023,2023-11-30
2023-11,B,Santander,-,6.79,7.2,6.77,6.88,6.5,6.87,-,Tasas Pasivas Anuales de las Operaciones en Moneda Nacional Realizadas en los Últimos 30 Días Útiles Por Tipo de Depósito al 30/11/2023,2023-11-30
2023-11,B,Ripley,0.29,-,-,4.75,8.11,7.95,7.99,6.5,Tasas Pasivas Anuales de las Operaciones en Moneda Nacional Realizadas en los Últimos 30 Días Útiles Por Tipo de Depósito al 30/11/2023,2023-11-30
2023-11,B,Alfin,0.5,1,1.72,2,5.58,5.86,5.69,-,Tasas Pasivas Anuales de las Operaciones en Moneda Nacional Realizadas en los Últimos 30 Días Útiles Por Tipo de Depósito al 30/11/2023,2023-11-30
2023-11,B,ICBC,-,6.76,-,-,-,-,6.76,-,Tasas Pasivas Anuales de las Operaciones en Moneda Nacional Realizadas en los Últimos 30 Días Útiles Por Tipo de Depósito al 30/11/2023,2023-11-30
2023-11,B,Bank of China,-,-,-,-,-,-,-,-,Tasas Pasivas Anuales de las Operaciones en Moneda Nacional Realizadas en los Últimos 30 Días Útiles Por Tipo de Depósito al 30/11/2023,2023-11-30
2023-11,B,BCI,-,7.18,7.46,-,6.69,6.5,7.18,-,Tasas Pasivas Anuales de las Operaciones en Moneda Nacional Realizadas en los Últimos 30 Días Útiles Por Tipo de Depósito al 30/11/2023,2023-11-30
2023-12,B,BBVA,0.18,6.36,6.02,5.35,5.56,5.52,6.21,1.21,Tasas Pasivas Anuales de las Operaciones en Moneda Nacional Realizadas en los Últimos 30 Días Útiles Por Tipo de Depósito al 29/12/2023,2023-12-29
2023-12,B,Bancom,1.35,0.9,5.97,5.19,3.94,2.43,3.41,7.91,Tasas Pasivas Anuales de las Operaciones en Moneda Nacional Realizadas en los Últimos 30 Días Útiles Por Tipo de Depósito al 29/12/2023,2023-12-29
2023-12,B,Crédito,0.03,6.65,6.79,6.46,5.82,6.15,6.65,1.75,Tasas Pasivas Anuales de las Operaciones en Moneda Nacional Realizadas en los Últimos 30 Días Útiles Por Tipo de Depósito al 29/12/2023,2023-12-29
2023-12,B,Pichincha,4.05,6.33,7.09,6.9,6.87,5.98,6.71,5.19,Tasas Pasivas Anuales de las Operaciones en Moneda Nacional Realizadas en los Últimos 30 Días Útiles Por Tipo de Depósito al 29/12/2023,2023-12-29
2023-12,B,BIF,2.64,6.99,6.97,7.17,6.14,6.24,6.98,3.18,Tasas Pasivas Anuales de las Operaciones en Moneda Nacional Realizadas en los Últimos 30 Días Útiles Por Tipo de Depósito al 29/12/2023,2023-12-29
2023-12,B,Scotiabank,1.75,6.34,6.3,4.9,4.42,3.58,6.25,0.46,Tasas Pasivas Anuales de las Operaciones en Moneda Nacional Realizadas en los Últimos 30 Días Útiles Por Tipo de Depósito al 29/12/2023,2023-12-29
2023-12,B,Citibank,0.11,4.08,5.37,-,-,-,4.49,-,Tasas Pasivas Anuales de las Operaciones en Moneda Nacional Realizadas en los Últimos 30 Días Útiles Por Tipo de Depósito al 29/12/2023,2023-12-29
2023-12,B,Interbank,0.14,6.89,6.88,6.16,6.52,5.58,6.86,2.52,Tasas Pasivas Anuales de las Operaciones en Moneda Nacional Realizadas en los Últimos 30 Días Útiles Por Tipo de Depósito al 29/12/2023,2023-12-29
2023-12,B,Mibanco,0.74,6.99,6.89,6.92,5.18,2.26,6.69,4.43,Tasas Pasivas Anuales de las Operaciones en Moneda Nacional Realizadas en los Últimos 30 Días Útiles Por Tipo de Depósito al 29/12/2023,2023-12-29
2023-12,B,GNB,3.92,7.21,7.28,7.26,7.06,6.85,7.15,4.15,Tasas Pasivas Anuales de las Operaciones en Moneda Nacional Realizadas en los Últimos 30 Días Útiles Por Tipo de Depósito al 29/12/2023,2023-12-29
2023-12,B,Falabella,2.74,6.98,6.68,3.06,6.31,7.29,6.97,5.14,Tasas Pasivas Anuales de las Operaciones en Moneda Nacional Realizadas en los Últimos 30 Días Útiles Por Tipo de Depósito al 29/12/2023,2023-12-29
2023-12,B,Santander,-,6.8,6.83,6.64,6.6,6.21,6.78,-,Tasas Pasivas Anuales de las Operaciones en Moneda Nacional Realizadas en los Últimos 30 Días Útiles Por Tipo de Depósito al 29/12/2023,2023-12-29
2023-12,B,Ripley,0.11,-,-,7.52,7.87,7.78,7.3,6.5,Tasas Pasivas Anuales de las Operaciones en Moneda Nacional Realizadas en los Últimos 30 Días Útiles Por Tipo de Depósito al 29/12/2023,2023-12-29
2023-12,B,Alfin,0.7,1,3.17,4.41,6.08,5.26,5.6,-,Tasas Pasivas Anuales de las Operaciones en Moneda Nacional Realizadas en los Últimos 30 Días Útiles Por Tipo de Depósito al 29/12/2023,2023-12-29
2023-12,B,ICBC,-,6.52,7.13,-,6.87,-,6.62,-,Tasas Pasivas Anuales de las Operaciones en Moneda Nacional Realizadas en los Últimos 30 Días Útiles Por Tipo de Depósito al 29/12/2023,2023-12-29
2023-12,B,Bank of China,-,-,-,-,-,-,-,-,Tasas Pasivas Anuales de las Operaciones en Moneda Nacional Realizadas en los Últimos 30 Días Útiles Por Tipo de Depósito al 29/12/2023,2023-12-29
2023-12,B,BCI,-,6.97,6.98,6.6,6.51,-,6.96,-,Tasas Pasivas Anuales de las Operaciones en Moneda Nacional Realizadas en los Últimos 30 Días Útiles Por Tipo de Depósito al 29/12/2023,2023-12-29
2024-01,B,BBVA,0.35,6.06,6.16,5.13,4.81,5.33,5.95,1.4,Tasas Pasivas Anuales de las Operaciones en Moneda Nacional Realizadas en los Últimos 30 Días Útiles Por Tipo de Depósito al 31/01/2024,2024-01-31
2024-01,B,Bancom,1.35,0.83,4.81,2.37,4.6,4.29,3.88,-,Tasas Pasivas Anuales de las Operaciones en Moneda Nacional Realizadas en los Últimos 30 Días Útiles Por Tipo de Depósito al 31/01/2024,2024-01-31
2024-01,B,Crédito,0.03,6.09,6.5,6,5.52,5.76,6.1,1.63,Tasas Pasivas Anuales de las Operaciones en Moneda Nacional Realizadas en los Últimos 30 Días Útiles Por Tipo de Depósito al 31/01/2024,2024-01-31
2024-01,B,Pichincha,4.21,6.12,6.82,6.49,6.23,1.75,6.49,5.96,Tasas Pasivas Anuales de las Operaciones en Moneda Nacional Realizadas en los Últimos 30 Días Útiles Por Tipo de Depósito al 31/01/2024,2024-01-31
2024-01,B,BIF,3.17,6.69,6.66,6.5,5.8,4.39,6.65,2.81,Tasas Pasivas Anuales de las Operaciones en Moneda Nacional Realizadas en los Últimos 30 Días Útiles Por Tipo de Depósito al 31/01/2024,2024-01-31
2024-01,B,Scotiabank,1.27,6.1,6.17,4.9,5.15,4.48,6.02,1.54,Tasas Pasivas Anuales de las Operaciones en Moneda Nacional Realizadas en los Últimos 30 Días Útiles Por Tipo de Depósito al 31/01/2024,2024-01-31
2024-01,B,Citibank,0.01,4.24,5,-,-,-,4.27,-,Tasas Pasivas Anuales de las Operaciones en Moneda Nacional Realizadas en los Últimos 30 Días Útiles Por Tipo de Depósito al 31/01/2024,2024-01-31
2024-01,B,Interbank,0.16,6.38,6.56,5.74,5.86,5.43,6.38,2.44,Tasas Pasivas Anuales de las Operaciones en Moneda Nacional Realizadas en los Últimos 30 Días Útiles Por Tipo de Depósito al 31/01/2024,2024-01-31
2024-01,B,Mibanco,0.84,6.67,6.54,5.75,4.99,2.71,6.36,4.21,Tasas Pasivas Anuales de las Operaciones en Moneda Nacional Realizadas en los Últimos 30 Días Útiles Por Tipo de Depósito al 31/01/2024,2024-01-31
2024-01,B,GNB,3.7,6.89,6.76,6.84,6.65,6.75,6.78,3.75,Tasas Pasivas Anuales de las Operaciones en Moneda Nacional Realizadas en los Últimos 30 Días Útiles Por Tipo de Depósito al 31/01/2024,2024-01-31
2024-01,B,Falabella,2.74,6.57,6.69,0.48,4.8,6.36,6.55,5.14,Tasas Pasivas Anuales de las Operaciones en Moneda Nacional Realizadas en los Últimos 30 Días Útiles Por Tipo de Depósito al 31/01/2024,2024-01-31
2024-01,B,Santander,-,6.48,6.7,6.35,6.32,6.03,6.48,-,Tasas Pasivas Anuales de las Operaciones en Moneda Nacional Realizadas en los Últimos 30 Días Útiles Por Tipo de Depósito al 31/01/2024,2024-01-31
2024-01,B,Ripley,0.09,-,-,7.21,7.34,6.94,7.12,6.5,Tasas Pasivas Anuales de las Operaciones en Moneda Nacional Realizadas en los Últimos 30 Días Útiles Por Tipo de Depósito al 31/01/2024,2024-01-31
2024-01,B,Alfin,1.27,0.91,3.43,5.28,5.2,4.34,4.83,-,Tasas Pasivas Anuales de las Operaciones en Moneda Nacional Realizadas en los Últimos 30 Días Útiles Por Tipo de Depósito al 31/01/2024,2024-01-31
2024-01,B,ICBC,-,6.06,6.69,-,5,-,6.04,-,Tasas Pasivas Anuales de las Operaciones en Moneda Nacional Realizadas en los Últimos 30 Días Útiles Por Tipo de Depósito al 31/01/2024,2024-01-31
2024-01,B,Bank of China,-,-,-,-,-,-,-,-,Tasas Pasivas Anuales de las Operaciones en Moneda Nacional Realizadas en los Últimos 30 Días Útiles Por Tipo de Depósito al 31/01/2024,2024-01-31
2024-01,B,BCI,-,6.55,6.8,6.2,6.04,5.95,6.52,-,Tasas Pasivas Anuales de las Operaciones en Moneda Nacional Realizadas en los Últimos 30 Días Útiles Por Tipo de Depósito al 31/01/2024,2024-01-31
2024-02,B,BBVA,1.72,5.18,5.22,4.95,5.34,5.03,5.16,1.4,Tasas Pasivas Anuales de las Operaciones en Moneda Nacional Realizadas en los Últimos 30 Días Útiles Por Tipo de Depósito al 29/02/2024,2024-02-29
2024-02,B,Bancom,1.42,1.03,3.83,2.91,4.25,4.4,3.87,5.5,Tasas Pasivas Anuales de las Operaciones en Moneda Nacional Realizadas en los Últimos 30 Días Útiles Por Tipo de Depósito al 29/02/2024,2024-02-29
2024-02,B,Crédito,0.03,5.85,6.08,5.59,5.08,5.07,5.85,3.37,Tasas Pasivas Anuales de las Operaciones en Moneda Nacional Realizadas en los Últimos 30 Días Útiles Por Tipo de Depósito al 29/02/2024,2024-02-29
2024-02,B,Pichincha,4.2,5.52,6.48,6.41,5.81,0.39,6.16,5.28,Tasas Pasivas Anuales de las Operaciones en Moneda Nacional Realizadas en los Últimos 30 Días Útiles Por Tipo de Depósito al 29/02/2024,2024-02-29
2024-02,B,BIF,3.18,6.03,6.23,6.21,5.5,5.29,6.03,2.77,Tasas Pasivas Anuales de las Operaciones en Moneda Nacional Realizadas en los Últimos 30 Días Útiles Por Tipo de Depósito al 29/02/2024,2024-02-29
2024-02,B,Scotiabank,1.34,5.35,5.93,4.54,4.24,5.01,5.35,3.64,Tasas Pasivas Anuales de las Operaciones en Moneda Nacional Realizadas en los Últimos 30 Días Útiles Por Tipo de Depósito al 29/02/2024,2024-02-29
2024-02,B,Citibank,0.01,4.48,4.01,-,-,-,4.47,-,Tasas Pasivas Anuales de las Operaciones en Moneda Nacional Realizadas en los Últimos 30 Días Útiles Por Tipo de Depósito al 29/02/2024,2024-02-29
2024-02,B,Interbank,0.12,6.01,6.15,5.41,4.94,5.12,6.0,2.5,Tasas Pasivas Anuales de las Operaciones en Moneda Nacional Realizadas en los Últimos 30 Días Útiles Por Tipo de Depósito al 29/02/2024,2024-02-29
2024-02,B,Mibanco,0.82,6.41,6.18,5.44,5.38,2.47,6.15,5.82,Tasas Pasivas Anuales de las Operaciones en Moneda Nacional Realizadas en los Últimos 30 Días Útiles Por Tipo de Depósito al 29/02/2024,2024-02-29
2024-02,B,GNB,3.81,6.2,6.36,6.22,6.29,5.98,6.24,-,Tasas Pasivas Anuales de las Operaciones en Moneda Nacional Realizadas en los Últimos 30 Días Útiles Por Tipo de Depósito al 29/02/2024,2024-02-29
2024-02,B,Falabella,2.74,6.15,6.15,0.62,4.39,5.86,6.11,5.14,Tasas Pasivas Anuales de las Operaciones en Moneda Nacional Realizadas en los Últimos 30 Días Útiles Por Tipo de Depósito al 29/02/2024,2024-02-29
2024-02,B,Santander,0.01,5.98,6.3,5.97,6.22,5.97,6.02,-,Tasas Pasivas Anuales de las Operaciones en Moneda Nacional Realizadas en los Últimos 30 Días Útiles Por Tipo de Depósito al 29/02/2024,2024-02-29
2024-02,B,Ripley,0.14,-,5.99,6.98,6.55,5.17,6.19,6.5,Tasas Pasivas Anuales de las Operaciones en Moneda Nacional Realizadas en los Últimos 30 Días Útiles Por Tipo de Depósito al 29/02/2024,2024-02-29
2024-02,B,Alfin,0.36,0.89,7.48,7.6,5.86,6.2,6.12,-,Tasas Pasivas Anuales de las Operaciones en Moneda Nacional Realizadas en los Últimos 30 Días Útiles Por Tipo de Depósito al 29/02/2024,2024-02-29
2024-02,B,ICBC,-,5.95,6.49,6.45,5,-,5.98,-,Tasas Pasivas Anuales de las Operaciones en Moneda Nacional Realizadas en los Últimos 30 Días Útiles Por Tipo de Depósito al 29/02/2024,2024-02-29
2024-02,B,Bank of China,-,6.3,5.42,-,-,-,5.73,-,Tasas Pasivas Anuales de las Operaciones en Moneda Nacional Realizadas en los Últimos 30 Días Útiles Por Tipo de Depósito al 29/02/2024,2024-02-29
2024-02,B,BCI,-,5.9,5.6,5.97,5.89,5.52,5.9,-,Tasas Pasivas Anuales de las Operaciones en Moneda Nacional Realizadas en los Últimos 30 Días Útiles Por Tipo de Depósito al 29/02/2024,2024-02-29
2024-03,B,BBVA,0.61,5.35,4.64,5.08,5.06,4.69,5.22,1.36,Tasas Pasivas Anuales de las Operaciones en Moneda Nacional Realizadas en los Últimos 30 Días Útiles Por Tipo de Depósito al 27/03/2024,2024-03-27
2024-03,B,Bancom,1.38,0.68,3.57,4.96,4.03,3.8,3.74,5.5,Tasas Pasivas Anuales de las Operaciones en Moneda Nacional Realizadas en los Últimos 30 Días Útiles Por Tipo de Depósito al 27/03/2024,2024-03-27
2024-03,B,Crédito,0.03,5.32,5.83,4.72,4.63,4.54,5.34,3.89,Tasas Pasivas Anuales de las Operaciones en Moneda Nacional Realizadas en los Últimos 30 Días Útiles Por Tipo de Depósito al 27/03/2024,2024-03-27
2024-03,B,Pichincha,4.06,5.53,6.44,5.66,5.47,-,5.94,5.18,Tasas Pasivas Anuales de las Operaciones en Moneda Nacional Realizadas en los Últimos 30 Días Útiles Por Tipo de Depósito al 27/03/2024,2024-03-27
2024-03,B,BIF,2.88,5.73,5.88,5.95,5.85,4.72,5.74,2.78,Tasas Pasivas Anuales de las Operaciones en Moneda Nacional Realizadas en los Últimos 30 Días Útiles Por Tipo de Depósito al 27/03/2024,2024-03-27
2024-03,B,Scotiabank,1.35,5.4,5.22,4.44,4.36,4.65,5.31,1.91,Tasas Pasivas Anuales de las Operaciones en Moneda Nacional Realizadas en los Últimos 30 Días Útiles Por Tipo de Depósito al 27/03/2024,2024-03-27
2024-03,B,Citibank,0.22,3.92,4.75,-,-,-,3.96,-,Tasas Pasivas Anuales de las Operaciones en Moneda Nacional Realizadas en los Últimos 30 Días Útiles Por Tipo de Depósito al 27/03/2024,2024-03-27
2024-03,B,Interbank,0.08,5.68,5.91,5.36,5.08,5.04,5.68,2.48,Tasas Pasivas Anuales de las Operaciones en Moneda Nacional Realizadas en los Últimos 30 Días Útiles Por Tipo de Depósito al 27/03/2024,2024-03-27
2024-03,B,Mibanco,0.69,6.01,5.84,4.99,4.42,2.18,5.77,5.82,Tasas Pasivas Anuales de las Operaciones en Moneda Nacional Realizadas en los Últimos 30 Días Útiles Por Tipo de Depósito al 27/03/2024,2024-03-27
2024-03,B,GNB,3.51,6.04,6.2,6.01,6.09,5.75,6.06,-,Tasas Pasivas Anuales de las Operaciones en Moneda Nacional Realizadas en los Últimos 30 Días Útiles Por Tipo de Depósito al 27/03/2024,2024-03-27
2024-03,B,Falabella,2.74,5.84,6.05,0.5,4.16,5.87,5.82,5.14,Tasas Pasivas Anuales de las Operaciones en Moneda Nacional Realizadas en los Últimos 30 Días Útiles Por Tipo de Depósito al 27/03/2024,2024-03-27
2024-03,B,Santander,0.01,5.71,5.96,5.67,5.13,4.95,5.72,-,Tasas Pasivas Anuales de las Operaciones en Moneda Nacional Realizadas en los Últimos 30 Días Útiles Por Tipo de Depósito al 27/03/2024,2024-03-27
2024-03,B,Ripley,0.17,-,4.75,4.75,4.98,4.65,5.18,6.5,Tasas Pasivas Anuales de las Operaciones en Moneda Nacional Realizadas en los Últimos 30 Días Útiles Por Tipo de Depósito al 27/03/2024,2024-03-27
2024-03,B,Alfin,0.34,1,7.14,7.57,6.37,7.07,6.7,-,Tasas Pasivas Anuales de las Operaciones en Moneda Nacional Realizadas en los Últimos 30 Días Útiles Por Tipo de Depósito al 27/03/2024,2024-03-27
2024-03,B,ICBC,-,5.77,-,-,-,-,5.77,-,Tasas Pasivas Anuales de las Operaciones en Moneda Nacional Realizadas en los Últimos 30 Días Útiles Por Tipo de Depósito al 27/03/2024,2024-03-27
2024-03,B,Bank of China,-,6.02,-,-,-,-,6.02,-,Tasas Pasivas Anuales de las Operaciones en Moneda Nacional Realizadas en los Últimos 30 Días Útiles Por Tipo de Depósito al 27/03/2024,2024-03-27
2024-03,B,BCI,-,5.63,5.6,-,4.95,5.4,5.62,-,Tasas Pasivas Anuales de las Operaciones en Moneda Nacional Realizadas en los Últimos 30 Días Útiles Por Tipo de Depósito al 27/03/2024,2024-03-27
2024-04,B,BBVA,0.85,4.95,4.46,5.1,4.35,4.29,4.87,2.16,Tasas Pasivas Anuales de las Operaciones en Moneda Nacional Realizadas en los Últimos 30 Días Útiles Por Tipo de Depósito al 30/04/2024,2024-04-30
2024-04,B,Bancom,1.4,0.4,1.45,1.68,3.08,3.21,2.07,5.5,Tasas Pasivas Anuales de las Operaciones en Moneda Nacional Realizadas en los Últimos 30 Días Útiles Por Tipo de Depósito al 30/04/2024,2024-04-30
2024-04,B,Crédito,0.03,5.27,5.7,4.94,4.76,4.52,5.28,1.81,Tasas Pasivas Anuales de las Operaciones en Moneda Nacional Realizadas en los Últimos 30 Días Útiles Por Tipo de Depósito al 30/04/2024,2024-04-30
2024-04,B,Pichincha,4.09,5.62,6.46,5.61,5.43,5,6.02,4.89,Tasas Pasivas Anuales de las Operaciones en Moneda Nacional Realizadas en los Últimos 30 Días Útiles Por Tipo de Depósito al 30/04/2024,2024-04-30
2024-04,B,BIF,2.91,5.74,5.79,5.75,5.77,5.08,5.74,2.81,Tasas Pasivas Anuales de las Operaciones en Moneda Nacional Realizadas en los Últimos 30 Días Útiles Por Tipo de Depósito al 30/04/2024,2024-04-30
2024-04,B,Scotiabank,1.46,5.5,5.34,4.35,3.9,4.19,5.44,1.29,Tasas Pasivas Anuales de las Operaciones en Moneda Nacional Realizadas en los Últimos 30 Días Útiles Por Tipo de Depósito al 30/04/2024,2024-04-30
2024-04,B,Citibank,0.01,3.14,-,-,-,-,3.14,-,Tasas Pasivas Anuales de las Operaciones en Moneda Nacional Realizadas en los Últimos 30 Días Útiles Por Tipo de Depósito al 30/04/2024,2024-04-30
2024-04,B,Interbank,0.08,5.84,5.97,5.25,5.23,5.14,5.84,2.49,Tasas Pasivas Anuales de las Operaciones en Moneda Nacional Realizadas en los Últimos 30 Días Útiles Por Tipo de Depósito al 30/04/2024,2024-04-30
2024-04,B,Mibanco,0.77,5.93,5.61,5.2,3.68,3.28,5.64,4.07,Tasas Pasivas Anuales de las Operaciones en Moneda Nacional Realizadas en los Últimos 30 Días Útiles Por Tipo de Depósito al 30/04/2024,2024-04-30
2024-04,B,GNB,3.4,5.95,6.18,5.99,5.88,5.61,5.98,-,Tasas Pasivas Anuales de las Operaciones en Moneda Nacional Realizadas en los Últimos 30 Días Útiles Por Tipo de Depósito al 30/04/2024,2024-04-30
2024-04,B,Falabella,2.74,5.82,5.77,4.77,4.22,5.49,5.78,5.14,Tasas Pasivas Anuales de las Operaciones en Moneda Nacional Realizadas en los Últimos 30 Días Útiles Por Tipo de Depósito al 30/04/2024,2024-04-30
2024-04,B,Santander,0.01,5.53,5.42,5.6,5.45,5.05,5.52,-,Tasas Pasivas Anuales de las Operaciones en Moneda Nacional Realizadas en los Últimos 30 Días Útiles Por Tipo de Depósito al 30/04/2024,2024-04-30
2024-04,B,Ripley,0.22,-,1,6.18,5.83,4.64,5.08,6.5,Tasas Pasivas Anuales de las Operaciones en Moneda Nacional Realizadas en los Últimos 30 Días Útiles Por Tipo de Depósito al 30/04/2024,2024-04-30
2024-04,B,Alfin,0.37,1,6.58,6.96,6.36,6.77,6.54,-,Tasas Pasivas Anuales de las Operaciones en Moneda Nacional Realizadas en los Últimos 30 Días Útiles Por Tipo de Depósito al 30/04/2024,2024-04-30
2024-04,B,ICBC,-,5.71,-,-,-,-,5.71,-,Tasas Pasivas Anuales de las Operaciones en Moneda Nacional Realizadas en los Últimos 30 Días Útiles Por Tipo de Depósito al 30/04/2024,2024-04-30
2024-04,B,Bank of China,-,5.9,-,-,-,-,5.9,-,Tasas Pasivas Anuales de las Operaciones en Moneda Nacional Realizadas en los Últimos 30 Días Útiles Por Tipo de Depósito al 30/04/2024,2024-04-30
2024-04,B,BCI,-,5.49,5.69,-,4.9,-,5.65,-,Tasas Pasivas Anuales de las Operaciones en Moneda Nacional Realizadas en los Últimos 30 Días Útiles Por Tipo de Depósito al 30/04/2024,2024-04-30
2024-05,B,BBVA,0.64,5.19,4.11,4.72,4.21,4.24,5.06,1.41,Tasas Pasivas Anuales de las Operaciones en Moneda Nacional Realizadas en los Últimos 30 Días Útiles Por Tipo de Depósito al 31/05/2024,2024-05-31
2024-05,B,Bancom,1.51,0.27,1.16,1.66,3.38,3.81,2.8,5.5,Tasas Pasivas Anuales de las Operaciones en Moneda Nacional Realizadas en los Últimos 30 Días Útiles Por Tipo de Depósito al 31/05/2024,2024-05-31
2024-05,B,Crédito,0.03,5.42,5.78,5.03,5.16,4.28,5.44,2.4,Tasas Pasivas Anuales de las Operaciones en Moneda Nacional Realizadas en los Últimos 30 Días Útiles Por Tipo de Depósito al 31/05/2024,2024-05-31
2024-05,B,Pichincha,4.22,5.52,6.1,5.5,5.27,3.93,5.85,4.85,Tasas Pasivas Anuales de las Operaciones en Moneda Nacional Realizadas en los Últimos 30 Días Útiles Por Tipo de Depósito al 31/05/2024,2024-05-31
2024-05,B,BIF,3.07,5.86,5.71,5.61,5.39,5.07,5.82,3.15,Tasas Pasivas Anuales de las Operaciones en Moneda Nacional Realizadas en los Últimos 30 Días Útiles Por Tipo de Depósito al 31/05/2024,2024-05-31
2024-05,B,Scotiabank,1.46,5.38,5.23,4.29,4.24,4.86,5.33,0.47,Tasas Pasivas Anuales de las Operaciones en Moneda Nacional Realizadas en los Últimos 30 Días Útiles Por Tipo de Depósito al 31/05/2024,2024-05-31
2024-05,B,Citibank,0.01,2.95,3,-,-,-,2.95,-,Tasas Pasivas Anuales de las Operaciones en Moneda Nacional Realizadas en los Últimos 30 Días Útiles Por Tipo de Depósito al 31/05/2024,2024-05-31
2024-05,B,Interbank,0.08,5.92,5.88,5.16,5.3,4.99,5.9,2.5,Tasas Pasivas Anuales de las Operaciones en Moneda Nacional Realizadas en los Últimos 30 Días Útiles Por Tipo de Depósito al 31/05/2024,2024-05-31
2024-05,B,Mibanco,0.81,5.94,5.51,4.62,3.8,4.38,5.56,5.86,Tasas Pasivas Anuales de las Operaciones en Moneda Nacional Realizadas en los Últimos 30 Días Útiles Por Tipo de Depósito al 31/05/2024,2024-05-31
2024-05,B,GNB,3.59,5.85,5.89,5.67,5.85,5.5,5.85,-,Tasas Pasivas Anuales de las Operaciones en Moneda Nacional Realizadas en los Últimos 30 Días Útiles Por Tipo de Depósito al 31/05/2024,2024-05-31
2024-05,B,Falabella,2.74,5.79,5.7,5.51,4.18,4.88,5.71,5.14,Tasas Pasivas Anuales de las Operaciones en Moneda Nacional Realizadas en los Últimos 30 Días Útiles Por Tipo de Depósito al 31/05/2024,2024-05-31
2024-05,B,Santander,0.01,5.39,5.33,5.18,5.35,5.13,5.38,-,Tasas Pasivas Anuales de las Operaciones en Moneda Nacional Realizadas en los Últimos 30 Días Útiles Por Tipo de Depósito al 31/05/2024,2024-05-31
2024-05,B,Ripley,0.16,-,-,6.24,6.09,5.16,5.78,6.5,Tasas Pasivas Anuales de las Operaciones en Moneda Nacional Realizadas en los Últimos 30 Días Útiles Por Tipo de Depósito al 31/05/2024,2024-05-31
2024-05,B,Alfin,0.95,1,3.55,4.64,3.8,4.79,4.09,-,Tasas Pasivas Anuales de las Operaciones en Moneda Nacional Realizadas en los Últimos 30 Días Útiles Por Tipo de Depósito al 31/05/2024,2024-05-31
2024-05,B,ICBC,-,5.49,5.51,-,5.32,-,5.48,-,Tasas Pasivas Anuales de las Operaciones en Moneda Nacional Realizadas en los Últimos 30 Días Útiles Por Tipo de Depósito al 31/05/2024,2024-05-31
2024-05,B,Bank of China,-,5.69,-,-,-,-,5.69,-,Tasas Pasivas Anuales de las Operaciones en Moneda Nacional Realizadas en los Últimos 30 Días Útiles Por Tipo de Depósito al 31/05/2024,2024-05-31
2024-05,B,BCI,-,5.95,5.68,-,5.05,-,5.92,-,Tasas Pasivas Anuales de las Operaciones en Moneda Nacional Realizadas en los Últimos 30 Días Útiles Por Tipo de Depósito al 31/05/2024,2024-05-31
2024-06,B,BBVA,0.17,5.22,4.3,4.56,4.78,4.17,5.12,1.19,Tasas Pasivas Anuales de las Operaciones en Moneda Nacional Realizadas en los Últimos 30 Días Útiles Por Tipo de Depósito al 28/06/2024,2024-06-28
2024-06,B,Bancom,1.45,0.68,0.97,1.63,3.67,3.72,3.25,7.94,Tasas Pasivas Anuales de las Operaciones en Moneda Nacional Realizadas en los Últimos 30 Días Útiles Por Tipo de Depósito al 28/06/2024,2024-06-28
2024-06,B,Crédito,0.03,5.1,5.64,4.82,4.6,4.59,5.13,1.83,Tasas Pasivas Anuales de las Operaciones en Moneda Nacional Realizadas en los Últimos 30 Días Útiles Por Tipo de Depósito al 28/06/2024,2024-06-28
2024-06,B,Pichincha,4.29,4.83,5.9,5.5,5.2,4.81,5.66,4.48,Tasas Pasivas Anuales de las Operaciones en Moneda Nacional Realizadas en los Últimos 30 Días Útiles Por Tipo de Depósito al 28/06/2024,2024-06-28
2024-06,B,BIF,2.83,5.37,5.5,5.74,5.37,4.76,5.4,3.13,Tasas Pasivas Anuales de las Operaciones en Moneda Nacional Realizadas en los Últimos 30 Días Útiles Por Tipo de Depósito al 28/06/2024,2024-06-28
2024-06,B,Scotiabank,1.52,5.16,5.19,4.37,3.36,4.99,5.12,0.47,Tasas Pasivas Anuales de las Operaciones en Moneda Nacional Realizadas en los Últimos 30 Días Útiles Por Tipo de Depósito al 28/06/2024,2024-06-28
2024-06,B,Citibank,0.03,2.98,3.11,-,-,-,3.01,-,Tasas Pasivas Anuales de las Operaciones en Moneda Nacional Realizadas en los Últimos 30 Días Útiles Por Tipo de Depósito al 28/06/2024,2024-06-28
2024-06,B,Interbank,0.08,5.51,5.55,5.03,5.11,4.84,5.5,2.5,Tasas Pasivas Anuales de las Operaciones en Moneda Nacional Realizadas en los Últimos 30 Días Útiles Por Tipo de Depósito al 28/06/2024,2024-06-28
2024-06,B,Mibanco,0.87,5.7,5.27,4.27,4.16,4.73,5.34,4.62,Tasas Pasivas Anuales de las Operaciones en Moneda Nacional Realizadas en los Últimos 30 Días Útiles Por Tipo de Depósito al 28/06/2024,2024-06-28
2024-06,B,GNB,3.4,5.51,5.71,5.63,5.71,5.38,5.6,5.5,Tasas Pasivas Anuales de las Operaciones en Moneda Nacional Realizadas en los Últimos 30 Días Útiles Por Tipo de Depósito al 28/06/2024,2024-06-28
2024-06,B,Falabella,2.74,5.46,5.46,5.39,4.9,4.96,5.4,5.14,Tasas Pasivas Anuales de las Operaciones en Moneda Nacional Realizadas en los Últimos 30 Días Útiles Por Tipo de Depósito al 28/06/2024,2024-06-28
2024-06,B,Santander,0.01,5.02,5.04,-,5.1,4.96,5.02,-,Tasas Pasivas Anuales de las Operaciones en Moneda Nacional Realizadas en los Últimos 30 Días Útiles Por Tipo de Depósito al 28/06/2024,2024-06-28
2024-06,B,Ripley,0.13,-,-,6.24,6.1,5.34,6.02,6.45,Tasas Pasivas Anuales de las Operaciones en Moneda Nacional Realizadas en los Últimos 30 Días Útiles Por Tipo de Depósito al 28/06/2024,2024-06-28
2024-06,B,Alfin,1.13,1,2.07,3.07,3,3.28,3.03,-,Tasas Pasivas Anuales de las Operaciones en Moneda Nacional Realizadas en los Últimos 30 Días Útiles Por Tipo de Depósito al 28/06/2024,2024-06-28
2024-06,B,ICBC,-,5.12,4.98,-,-,-,5.12,-,Tasas Pasivas Anuales de las Operaciones en Moneda Nacional Realizadas en los Últimos 30 Días Útiles Por Tipo de Depósito al 28/06/2024,2024-06-28
2024-06,B,Bank of China,-,5.39,-,-,-,-,5.39,-,Tasas Pasivas Anuales de las Operaciones en Moneda Nacional Realizadas en los Últimos 30 Días Útiles Por Tipo de Depósito al 28/06/2024,2024-06-28
2024-06,B,BCI,-,5.67,5.72,-,-,-,5.67,-,Tasas Pasivas Anuales de las Operaciones en Moneda Nacional Realizadas en los Últimos 30 Días Útiles Por Tipo de Depósito al 28/06/2024,2024-06-28
2024-07,B,BBVA,1.11,5.08,4.36,4.62,5.02,4.18,5.01,1.2,Tasas Pasivas Anuales de las Operaciones en Moneda Nacional Realizadas en los Últimos 30 Días Útiles Por Tipo de Depósito al 31/07/2024,2024-07-31
2024-07,B,Bancom,1.38,0.6,0.93,1.76,3.76,3.73,3.43,5.5,Tasas Pasivas Anuales de las Operaciones en Moneda Nacional Realizadas en los Últimos 30 Días Útiles Por Tipo de Depósito al 31/07/2024,2024-07-31
2024-07,B,Crédito,0.03,4.68,5.17,5.19,4.39,4.64,4.7,1.68,Tasas Pasivas Anuales de las Operaciones en Moneda Nacional Realizadas en los Últimos 30 Días Útiles Por Tipo de Depósito al 31/07/2024,2024-07-31
2024-07,B,Pichincha,4.24,4.6,5.82,5.49,5.21,3.99,5.61,4.47,Tasas Pasivas Anuales de las Operaciones en Moneda Nacional Realizadas en los Últimos 30 Días Útiles Por Tipo de Depósito al 31/07/2024,2024-07-31
2024-07,B,BIF,2.57,5.24,5.29,5.45,5.07,4.94,5.24,2.91,Tasas Pasivas Anuales de las Operaciones en Moneda Nacional Realizadas en los Últimos 30 Días Útiles Por Tipo de Depósito al 31/07/2024,2024-07-31
2024-07,B,Scotiabank,1.43,4.93,4.93,4.55,4.12,4.52,4.9,1.63,Tasas Pasivas Anuales de las Operaciones en Moneda Nacional Realizadas en los Últimos 30 Días Útiles Por Tipo de Depósito al 31/07/2024,2024-07-31
2024-07,B,Citibank,0.01,2.61,3,-,-,-,2.63,-,Tasas Pasivas Anuales de las Operaciones en Moneda Nacional Realizadas en los Últimos 30 Días Útiles Por Tipo de Depósito al 31/07/2024,2024-07-31
2024-07,B,Interbank,0.05,5.27,5.43,4.87,5.06,4.62,5.27,2.5,Tasas Pasivas Anuales de las Operaciones en Moneda Nacional Realizadas en los Últimos 30 Días Útiles Por Tipo de Depósito al 31/07/2024,2024-07-31
2024-07,B,Mibanco,0.86,5.46,5.1,4.17,4.11,4.18,5.13,4.41,Tasas Pasivas Anuales de las Operaciones en Moneda Nacional Realizadas en los Últimos 30 Días Útiles Por Tipo de Depósito al 31/07/2024,2024-07-31
2024-07,B,GNB,3.44,5.37,5.74,5.49,5.49,5.27,5.43,5.5,Tasas Pasivas Anuales de las Operaciones en Moneda Nacional Realizadas en los Últimos 30 Días Útiles Por Tipo de Depósito al 31/07/2024,2024-07-31
2024-07,B,Falabella,2.74,5.3,5.38,5.41,4.68,4.86,5.15,5.14,Tasas Pasivas Anuales de las Operaciones en Moneda Nacional Realizadas en los Últimos 30 Días Útiles Por Tipo de Depósito al 31/07/2024,2024-07-31
2024-07,B,Santander,0.01,4.73,4.93,5,-,-,4.73,-,Tasas Pasivas Anuales de las Operaciones en Moneda Nacional Realizadas en los Últimos 30 Días Útiles Por Tipo de Depósito al 31/07/2024,2024-07-31
2024-07,B,Ripley,0.09,-,-,6.17,6.07,5.53,5.88,5.75,Tasas Pasivas Anuales de las Operaciones en Moneda Nacional Realizadas en los Últimos 30 Días Útiles Por Tipo de Depósito al 31/07/2024,2024-07-31
2024-07,B,Alfin,0.67,1,2.48,3.03,3.36,3.53,3.29,-,Tasas Pasivas Anuales de las Operaciones en Moneda Nacional Realizadas en los Últimos 30 Días Útiles Por Tipo de Depósito al 31/07/2024,2024-07-31
2024-07,B,ICBC,-,5.06,-,5.34,-,-,5.08,-,Tasas Pasivas Anuales de las Operaciones en Moneda Nacional Realizadas en los Últimos 30 Días Útiles Por Tipo de Depósito al 31/07/2024,2024-07-31
2024-07,B,Bank of China,-,5.42,-,-,-,-,5.42,-,Tasas Pasivas Anuales de las Operaciones en Moneda Nacional Realizadas en los Últimos 30 Días Útiles Por Tipo de Depósito al 31/07/2024,2024-07-31
2024-07,B,BCI,-,5.32,5.67,5.2,5,-,5.33,-,Tasas Pasivas Anuales de las Operaciones en Moneda Nacional Realizadas en los Últimos 30 Días Útiles Por Tipo de Depósito al 31/07/2024,2024-07-31
2024-08,B,BBVA,1.49,4.64,4.05,4.59,4.78,4.48,4.62,1.25,Tasas Pasivas Anuales de las Operaciones en Moneda Nacional Realizadas en los Últimos 30 Días Útiles Por Tipo de Depósito al 31/08/2024,2024-08-31
2024-08,B,Bancom,1.36,0.59,0.62,2.7,3.82,3.73,3.55,5.25,Tasas Pasivas Anuales de las Operaciones en Moneda Nacional Realizadas en los Últimos 30 Días Útiles Por Tipo de Depósito al 31/08/2024,2024-08-31
2024-08,B,Crédito,0.03,4.34,4.88,4.54,4.09,3.92,4.36,3.24,Tasas Pasivas Anuales de las Operaciones en Moneda Nacional Realizadas en los Últimos 30 Días Útiles Por Tipo de Depósito al 31/08/2024,2024-08-31
2024-08,B,Pichincha,4.17,4.01,5.62,5.33,5.19,-,5.43,4.66,Tasas Pasivas Anuales de las Operaciones en Moneda Nacional Realizadas en los Últimos 30 Días Útiles Por Tipo de Depósito al 31/08/2024,2024-08-31
2024-08,B,BIF,2.5,5.08,5.19,5.17,5.11,5.11,5.09,2.44,Tasas Pasivas Anuales de las Operaciones en Moneda Nacional Realizadas en los Últimos 30 Días Útiles Por Tipo de Depósito al 31/08/2024,2024-08-31
2024-08,B,Scotiabank,1.09,4.58,4.69,4.37,4.69,4.53,4.58,2.1,Tasas Pasivas Anuales de las Operaciones en Moneda Nacional Realizadas en los Últimos 30 Días Útiles Por Tipo de Depósito al 31/08/2024,2024-08-31
2024-08,B,Citibank,0.02,2.36,3.51,-,-,-,2.45,-,Tasas Pasivas Anuales de las Operaciones en Moneda Nacional Realizadas en los Últimos 30 Días Útiles Por Tipo de Depósito al 31/08/2024,2024-08-31
2024-08,B,Interbank,0.06,4.95,5.1,4.83,4.87,4.52,4.95,2.5,Tasas Pasivas Anuales de las Operaciones en Moneda Nacional Realizadas en los Últimos 30 Días Útiles Por Tipo de Depósito al 31/08/2024,2024-08-31
2024-08,B,Mibanco,0.84,5.15,4.62,4.22,4.02,4.75,4.86,5.81,Tasas Pasivas Anuales de las Operaciones en Moneda Nacional Realizadas en los Últimos 30 Días Útiles Por Tipo de Depósito al 31/08/2024,2024-08-31
2024-08,B,GNB,3.68,5.3,5.49,5.47,5.33,5.24,5.33,5.5,Tasas Pasivas Anuales de las Operaciones en Moneda Nacional Realizadas en los Últimos 30 Días Útiles Por Tipo de Depósito al 31/08/2024,2024-08-31
2024-08,B,Falabella,2.74,4.8,5.07,4.81,3.94,4.86,4.8,5.14,Tasas Pasivas Anuales de las Operaciones en Moneda Nacional Realizadas en los Últimos 30 Días Útiles Por Tipo de Depósito al 31/08/2024,2024-08-31
2024-08,B,Santander,0.01,4.85,4.87,4.6,4.53,1.3,4.85,-,Tasas Pasivas Anuales de las Operaciones en Moneda Nacional Realizadas en los Últimos 30 Días Útiles Por Tipo de Depósito al 31/08/2024,2024-08-31
2024-08,B,Ripley,0.08,-,-,5.5,5.8,5.39,5.66,5.75,Tasas Pasivas Anuales de las Operaciones en Moneda Nacional Realizadas en los Últimos 30 Días Útiles Por Tipo de Depósito al 31/08/2024,2024-08-31
2024-08,B,Alfin,0.94,1,3.14,2.52,3.5,3.65,3.37,-,Tasas Pasivas Anuales de las Operaciones en Moneda Nacional Realizadas en los Últimos 30 Días Útiles Por Tipo de Depósito al 31/08/2024,2024-08-31
2024-08,B,ICBC,-,4.86,5.11,5.34,-,-,4.93,-,Tasas Pasivas Anuales de las Operaciones en Moneda Nacional Realizadas en los Últimos 30 Días Útiles Por Tipo de Depósito al 31/08/2024,2024-08-31
2024-08,B,Bank of China,0.3,5.19,-,-,-,-,5.19,-,Tasas Pasivas Anuales de las Operaciones en Moneda Nacional Realizadas en los Últimos 30 Días Útiles Por Tipo de Depósito al 31/08/2024,2024-08-31
2024-08,B,BCI,-,5.13,5.31,4.91,4.98,-,5.13,-,Tasas Pasivas Anuales de las Operaciones en Moneda Nacional Realizadas en los Últimos 30 Días Útiles Por Tipo de Depósito al 31/08/2024,2024-08-31
2024-09,B,BBVA,0.46,4.57,4.16,4.5,4.62,4.37,4.55,1.37,Tasas Pasivas Anuales de las Operaciones en Moneda Nacional Realizadas en los Últimos 30 Días Útiles Por Tipo de Depósito al 30/09/2024,2024-09-30
2024-09,B,Bancom,1.39,0.42,3.62,2.49,3.72,3.64,3.48,5.25,Tasas Pasivas Anuales de las Operaciones en Moneda Nacional Realizadas en los Últimos 30 Días Útiles Por Tipo de Depósito al 30/09/2024,2024-09-30
2024-09,B,Crédito,0.03,4.26,4.69,4.33,3.6,4.75,4.27,1.83,Tasas Pasivas Anuales de las Operaciones en Moneda Nacional Realizadas en los Últimos 30 Días Útiles Por Tipo de Depósito al 30/09/2024,2024-09-30
2024-09,B,Pichincha,4.12,3.88,5.34,4.99,5,-,5.15,4.61,Tasas Pasivas Anuales de las Operaciones en Moneda Nacional Realizadas en los Últimos 30 Días Útiles Por Tipo de Depósito al 30/09/2024,2024-09-30
2024-09,B,BIF,2.81,4.65,4.83,5.05,5.05,4.7,4.67,2.54,Tasas Pasivas Anuales de las Operaciones en Moneda Nacional Realizadas en los Últimos 30 Días Útiles Por Tipo de Depósito al 30/09/2024,2024-09-30
2024-09,B,Scotiabank,1.07,4.33,4.54,4.18,4.23,4.18,4.33,2.48,Tasas Pasivas Anuales de las Operaciones en Moneda Nacional Realizadas en los Últimos 30 Días Útiles Por Tipo de Depósito al 30/09/2024,2024-09-30
2024-09,B,Citibank,0.02,3.94,3.85,-,-,-,3.94,-,Tasas Pasivas Anuales de las Operaciones en Moneda Nacional Realizadas en los Últimos 30 Días Útiles Por Tipo de Depósito al 30/09/2024,2024-09-30
2024-09,B,Interbank,0.05,4.67,4.93,4.69,4.85,4.4,4.68,2.5,Tasas Pasivas Anuales de las Operaciones en Moneda Nacional Realizadas en los Últimos 30 Días Útiles Por Tipo de Depósito al 30/09/2024,2024-09-30
2024-09,B,Mibanco,0.88,4.92,4.43,4.24,3.66,4.32,4.71,5.81,Tasas Pasivas Anuales de las Operaciones en Moneda Nacional Realizadas en los Últimos 30 Días Útiles Por Tipo de Depósito al 30/09/2024,2024-09-30
2024-09,B,GNB,3.99,4.79,5.02,4.91,4.96,4.79,4.88,-,Tasas Pasivas Anuales de las Operaciones en Moneda Nacional Realizadas en los Últimos 30 Días Útiles Por Tipo de Depósito al 30/09/2024,2024-09-30
2024-09,B,Falabella,2.74,4.74,5.01,4.85,4.27,4.85,4.74,5.14,Tasas Pasivas Anuales de las Operaciones en Moneda Nacional Realizadas en los Últimos 30 Días Útiles Por Tipo de Depósito al 30/09/2024,2024-09-30
2024-09,B,Santander,0.01,4.7,4.74,4.66,4.53,4.59,4.7,-,Tasas Pasivas Anuales de las Operaciones en Moneda Nacional Realizadas en los Últimos 30 Días Útiles Por Tipo de Depósito al 30/09/2024,2024-09-30
2024-09,B,Ripley,0.09,-,1,3.83,4.93,4.89,4.79,5.75,Tasas Pasivas Anuales de las Operaciones en Moneda Nacional Realizadas en los Últimos 30 Días Útiles Por Tipo de Depósito al 30/09/2024,2024-09-30
2024-09,B,Alfin,0.75,1,3.52,2.37,3.64,3.57,3.37,-,Tasas Pasivas Anuales de las Operaciones en Moneda Nacional Realizadas en los Últimos 30 Días Útiles Por Tipo de Depósito al 30/09/2024,2024-09-30
2024-09,B,ICBC,-,4.57,5.13,5.17,-,-,4.67,-,Tasas Pasivas Anuales de las Operaciones en Moneda Nacional Realizadas en los Últimos 30 Días Útiles Por Tipo de Depósito al 30/09/2024,2024-09-30
2024-09,B,Bank of China,0.3,5,-,-,-,-,5.0,-,Tasas Pasivas Anuales de las Operaciones en Moneda Nacional Realizadas en los Últimos 30 Días Útiles Por Tipo de Depósito al 30/09/2024,2024-09-30
2024-09,B,BCI,-,4.92,5.21,4.74,4.45,-,4.92,-,Tasas Pasivas Anuales de las Operaciones en Moneda Nacional Realizadas en los Últimos 30 Días Útiles Por Tipo de Depósito al 30/09/2024,2024-09-30
2024-10,B,BBVA,0.37,4.19,3.84,3.93,4.5,3.95,4.16,2.05,Tasas Pasivas Anuales de las Operaciones en Moneda Nacional Realizadas en los Últimos 30 Días Útiles Por Tipo de Depósito al 31/10/2024,2024-10-31
2024-10,B,Bancom,1.33,1.64,0.84,2.22,3.66,3.72,3.36,5.25,Tasas Pasivas Anuales de las Operaciones en Moneda Nacional Realizadas en los Últimos 30 Días Útiles Por Tipo de Depósito al 31/10/2024,2024-10-31
2024-10,B,Crédito,0.03,4.49,4.52,4.38,3.9,4.79,4.49,3.31,Tasas Pasivas Anuales de las Operaciones en Moneda Nacional Realizadas en los Últimos 30 Días Útiles Por Tipo de Depósito al 31/10/2024,2024-10-31
2024-10,B,Pichincha,4,3.65,5.08,4.7,4.72,-,4.79,4.63,Tasas Pasivas Anuales de las Operaciones en Moneda Nacional Realizadas en los Últimos 30 Días Útiles Por Tipo de Depósito al 31/10/2024,2024-10-31
2024-10,B,BIF,2.19,4.63,4.7,4.78,4.7,3.94,4.64,2.89,Tasas Pasivas Anuales de las Operaciones en Moneda Nacional Realizadas en los Últimos 30 Días Útiles Por Tipo de Depósito al 31/10/2024,2024-10-31
2024-10,B,Scotiabank,1,4.12,4.48,4.1,3.82,3.87,4.14,1.07,Tasas Pasivas Anuales de las Operaciones en Moneda Nacional Realizadas en los Últimos 30 Días Útiles Por Tipo de Depósito al 31/10/2024,2024-10-31
2024-10,B,Citibank,0.02,3.79,3.9,-,-,-,3.81,-,Tasas Pasivas Anuales de las Operaciones en Moneda Nacional Realizadas en los Últimos 30 Días Útiles Por Tipo de Depósito al 31/10/2024,2024-10-31
2024-10,B,Interbank,0.05,4.58,4.94,4.47,4.63,4.01,4.6,2.5,Tasas Pasivas Anuales de las Operaciones en Moneda Nacional Realizadas en los Últimos 30 Días Útiles Por Tipo de Depósito al 31/10/2024,2024-10-31
2024-10,B,Mibanco,0.92,4.91,4.62,3.88,3.64,4.08,4.68,5.89,Tasas Pasivas Anuales de las Operaciones en Moneda Nacional Realizadas en los Últimos 30 Días Útiles Por Tipo de Depósito al 31/10/2024,2024-10-31
2024-10,B,GNB,4.07,4.89,4.88,4.72,4.87,4.71,4.85,-,Tasas Pasivas Anuales de las Operaciones en Moneda Nacional Realizadas en los Últimos 30 Días Útiles Por Tipo de Depósito al 31/10/2024,2024-10-31
2024-10,B,Falabella,2.74,4.68,4.49,5.01,3.99,4.7,4.66,5.14,Tasas Pasivas Anuales de las Operaciones en Moneda Nacional Realizadas en los Últimos 30 Días Útiles Por Tipo de Depósito al 31/10/2024,2024-10-31
2024-10,B,Santander,0.01,4.36,4.36,4.4,4.33,-,4.36,-,Tasas Pasivas Anuales de las Operaciones en Moneda Nacional Realizadas en los Últimos 30 Días Útiles Por Tipo de Depósito al 31/10/2024,2024-10-31
2024-10,B,Ripley,0.1,-,-,2.75,5.11,4.64,4.77,5.75,Tasas Pasivas Anuales de las Operaciones en Moneda Nacional Realizadas en los Últimos 30 Días Útiles Por Tipo de Depósito al 31/10/2024,2024-10-31
2024-10,B,Alfin,0.63,1,2.97,2.59,3.38,5.13,3.7,-,Tasas Pasivas Anuales de las Operaciones en Moneda Nacional Realizadas en los Últimos 30 Días Útiles Por Tipo de Depósito al 31/10/2024,2024-10-31
2024-10,B,ICBC,-,4.58,4.08,4.65,-,-,4.56,-,Tasas Pasivas Anuales de las Operaciones en Moneda Nacional Realizadas en los Últimos 30 Días Útiles Por Tipo de Depósito al 31/10/2024,2024-10-31
2024-10,B,Bank of China,-,4.88,-,-,-,-,4.88,-,Tasas Pasivas Anuales de las Operaciones en Moneda Nacional Realizadas en los Últimos 30 Días Útiles Por Tipo de Depósito al 31/10/2024,2024-10-31
2024-10,B,BCI,-,4.9,4.87,4.6,4.45,-,4.89,-,Tasas Pasivas Anuales de las Operaciones en Moneda Nacional Realizadas en los Últimos 30 Días Útiles Por Tipo de Depósito al 31/10/2024,2024-10-31
2024-11,B,BBVA,0.35,4.09,3.79,3.86,4.32,3.62,4.06,1.39,Tasas Pasivas Anuales de las Operaciones en Moneda Nacional Realizadas en los Últimos 30 Días Útiles Por Tipo de Depósito al 29/11/2024,2024-11-29
2024-11,B,Bancom,1.27,1.05,1.75,1.26,3.47,2.97,3.01,5.25,Tasas Pasivas Anuales de las Operaciones en Moneda Nacional Realizadas en los Últimos 30 Días Útiles Por Tipo de Depósito al 29/11/2024,2024-11-29
2024-11,B,Crédito,0.03,4.56,4.63,4.52,4.2,4.67,4.56,2.43,Tasas Pasivas Anuales de las Operaciones en Moneda Nacional Realizadas en los Últimos 30 Días Útiles Por Tipo de Depósito al 29/11/2024,2024-11-29
2024-11,B,Pichincha,3.57,3.59,4.77,4.54,4.34,-,4.51,4.99,Tasas Pasivas Anuales de las Operaciones en Moneda Nacional Realizadas en los Últimos 30 Días Útiles Por Tipo de Depósito al 29/11/2024,2024-11-29
2024-11,B,BIF,2.13,4.52,4.58,4.54,4.4,4.44,4.52,3,Tasas Pasivas Anuales de las Operaciones en Moneda Nacional Realizadas en los Últimos 30 Días Útiles Por Tipo de Depósito al 29/11/2024,2024-11-29
2024-11,B,Scotiabank,1.36,4.1,4.38,4.02,3.94,3.81,4.12,0.55,Tasas Pasivas Anuales de las Operaciones en Moneda Nacional Realizadas en los Últimos 30 Días Útiles Por Tipo de Depósito al 29/11/2024,2024-11-29
2024-11,B,Citibank,0.02,4.13,3.85,-,-,-,4.13,-,Tasas Pasivas Anuales de las Operaciones en Moneda Nacional Realizadas en los Últimos 30 Días Útiles Por Tipo de Depósito al 29/11/2024,2024-11-29
2024-11,B,Interbank,0.06,4.58,4.77,4.78,4.67,4.25,4.6,2.5,Tasas Pasivas Anuales de las Operaciones en Moneda Nacional Realizadas en los Últimos 30 Días Útiles Por Tipo de Depósito al 29/11/2024,2024-11-29
2024-11,B,Mibanco,0.89,4.86,4.56,3.7,3.81,4.29,4.64,5.89,Tasas Pasivas Anuales de las Operaciones en Moneda Nacional Realizadas en los Últimos 30 Días Útiles Por Tipo de Depósito al 29/11/2024,2024-11-29
2024-11,B,GNB,3.6,4.87,4.89,4.77,4.81,4.65,4.83,-,Tasas Pasivas Anuales de las Operaciones en Moneda Nacional Realizadas en los Últimos 30 Días Útiles Por Tipo de Depósito al 29/11/2024,2024-11-29
2024-11,B,Falabella,2.74,4.68,4.78,4.82,4.61,4.14,4.68,5.14,Tasas Pasivas Anuales de las Operaciones en Moneda Nacional Realizadas en los Últimos 30 Días Útiles Por Tipo de Depósito al 29/11/2024,2024-11-29
2024-11,B,Santander,0.01,4.23,4.24,4,4.35,4,4.23,-,Tasas Pasivas Anuales de las Operaciones en Moneda Nacional Realizadas en los Últimos 30 Días Útiles Por Tipo de Depósito al 29/11/2024,2024-11-29
2024-11,B,Ripley,0.09,-,-,3.45,5.25,4.7,5.02,5.75,Tasas Pasivas Anuales de las Operaciones en Moneda Nacional Realizadas en los Últimos 30 Días Útiles Por Tipo de Depósito al 29/11/2024,2024-11-29
2024-11,B,Alfin,0.73,1,2.78,3.22,2.87,5.72,4.55,-,Tasas Pasivas Anuales de las Operaciones en Moneda Nacional Realizadas en los Últimos 30 Días Útiles Por Tipo de Depósito al 29/11/2024,2024-11-29
2024-11,B,ICBC,-,4.88,4.98,-,-,-,4.88,-,Tasas Pasivas Anuales de las Operaciones en Moneda Nacional Realizadas en los Últimos 30 Días Útiles Por Tipo de Depósito al 29/11/2024,2024-11-29
2024-11,B,Bank of China,-,4.75,-,-,-,-,4.75,-,Tasas Pasivas Anuales de las Operaciones en Moneda Nacional Realizadas en los Últimos 30 Días Útiles Por Tipo de Depósito al 29/11/2024,2024-11-29
2024-11,B,BCI,-,4.81,4.81,-,-,-,4.81,-,Tasas Pasivas Anuales de las Operaciones en Moneda Nacional Realizadas en los Últimos 30 Días Útiles Por Tipo de Depósito al 29/11/2024,2024-11-29
2024-12,B,BBVA,0.24,4.16,3.63,3.95,4.11,3.59,4.12,1.19,Tasas Pasivas Anuales de las Operaciones en Moneda Nacional Realizadas en los Últimos 30 Días Útiles Por Tipo de Depósito al 30/12/2024,2024-12-30
2024-12,B,Bancom,1.26,0.56,1.64,0.88,3.17,3.21,2.88,5.25,Tasas Pasivas Anuales de las Operaciones en Moneda Nacional Realizadas en los Últimos 30 Días Útiles Por Tipo de Depósito al 30/12/2024,2024-12-30
2024-12,B,Crédito,0.03,4.38,4.35,4.28,4.19,4.56,4.37,1.83,Tasas Pasivas Anuales de las Operaciones en Moneda Nacional Realizadas en los Últimos 30 Días Útiles Por Tipo de Depósito al 30/12/2024,2024-12-30
2024-12,B,Pichincha,3.35,3.65,4.58,4.5,4.25,4,4.45,4.65,Tasas Pasivas Anuales de las Operaciones en Moneda Nacional Realizadas en los Últimos 30 Días Útiles Por Tipo de Depósito al 30/12/2024,2024-12-30
2024-12,B,BIF,1.8,4.59,4.56,4.73,4.35,4.41,4.59,2.76,Tasas Pasivas Anuales de las Operaciones en Moneda Nacional Realizadas en los Últimos 30 Días Útiles Por Tipo de Depósito al 30/12/2024,2024-12-30
2024-12,B,Scotiabank,1.34,3.96,3.95,4.01,3.39,4.34,3.96,0.6,Tasas Pasivas Anuales de las Operaciones en Moneda Nacional Realizadas en los Últimos 30 Días Útiles Por Tipo de Depósito al 30/12/2024,2024-12-30
2024-12,B,Citibank,0.09,4.11,3.77,-,-,-,4.11,-,Tasas Pasivas Anuales de las Operaciones en Moneda Nacional Realizadas en los Últimos 30 Días Útiles Por Tipo de Depósito al 30/12/2024,2024-12-30
2024-12,B,Interbank,0.08,4.44,4.65,4.45,4.58,4.18,4.46,2.5,Tasas Pasivas Anuales de las Operaciones en Moneda Nacional Realizadas en los Últimos 30 Días Útiles Por Tipo de Depósito al 30/12/2024,2024-12-30
2024-12,B,Mibanco,0.84,4.79,4.46,3.84,4.21,3.93,4.6,4.53,Tasas Pasivas Anuales de las Operaciones en Moneda Nacional Realizadas en los Últimos 30 Días Útiles Por Tipo de Depósito al 30/12/2024,2024-12-30
2024-12,B,GNB,3.52,4.76,4.9,4.8,4.71,4.52,4.76,-,Tasas Pasivas Anuales de las Operaciones en Moneda Nacional Realizadas en los Últimos 30 Días Útiles Por Tipo de Depósito al 30/12/2024,2024-12-30
2024-12,B,Falabella,2.74,4.66,4.84,4.79,4.37,3.85,4.66,5.14,Tasas Pasivas Anuales de las Operaciones en Moneda Nacional Realizadas en los Últimos 30 Días Útiles Por Tipo de Depósito al 30/12/2024,2024-12-30
2024-12,B,Santander,0.01,4.13,3.82,4.02,-,4,4.13,-,Tasas Pasivas Anuales de las Operaciones en Moneda Nacional Realizadas en los Últimos 30 Días Útiles Por Tipo de Depósito al 30/12/2024,2024-12-30
2024-12,B,Ripley,0.07,-,5.25,5.01,5.25,4.87,4.94,5.75,Tasas Pasivas Anuales de las Operaciones en Moneda Nacional Realizadas en los Últimos 30 Días Útiles Por Tipo de Depósito al 30/12/2024,2024-12-30
2024-12,B,Alfin,0.87,1,2.65,3.46,2.76,5.66,4.56,-,Tasas Pasivas Anuales de las Operaciones en Moneda Nacional Realizadas en los Últimos 30 Días Útiles Por Tipo de Depósito al 30/12/2024,2024-12-30
2024-12,B,ICBC,-,4.59,4.98,-,-,-,4.59,-,Tasas Pasivas Anuales de las Operaciones en Moneda Nacional Realizadas en los Últimos 30 Días Útiles Por Tipo de Depósito al 30/12/2024,2024-12-30
2024-12,B,Bank of China,-,4.62,-,-,-,-,4.62,-,Tasas Pasivas Anuales de las Operaciones en Moneda Nacional Realizadas en los Últimos 30 Días Útiles Por Tipo de Depósito al 30/12/2024,2024-12-30
2024-12,B,BCI,-,4.74,4.91,4.95,-,4.4,4.75,-,Tasas Pasivas Anuales de las Operaciones en Moneda Nacional Realizadas en los Últimos 30 Días Útiles Por Tipo de Depósito al 30/12/2024,2024-12-30
2025-01,B,BBVA,0.24,4.02,3.48,3.9,4.11,3.48,3.98,1.72,Tasas Pasivas Anuales de las Operaciones en Moneda Nacional Realizadas en los Últimos 30 Días Útiles Por Tipo de Depósito al 31/01/2025,2025-01-31
2025-01,B,Bancom,1.43,0.66,0.63,2.36,3.81,3.83,3.71,5.25,Tasas Pasivas Anuales de las Operaciones en Moneda Nacional Realizadas en los Últimos 30 Días Útiles Por Tipo de Depósito al 31/01/2025,2025-01-31
2025-01,B,Crédito,0.03,4.29,4.3,3.85,4.28,3.13,4.28,2.57,Tasas Pasivas Anuales de las Operaciones en Moneda Nacional Realizadas en los Últimos 30 Días Útiles Por Tipo de Depósito al 31/01/2025,2025-01-31
2025-01,B,Pichincha,3.36,3.92,4.54,4.47,4.25,4,4.45,4.16,Tasas Pasivas Anuales de las Operaciones en Moneda Nacional Realizadas en los Últimos 30 Días Útiles Por Tipo de Depósito al 31/01/2025,2025-01-31
2025-01,B,BIF,1.81,4.43,4.52,4.75,4.28,3.58,4.44,2.85,Tasas Pasivas Anuales de las Operaciones en Moneda Nacional Realizadas en los Últimos 30 Días Útiles Por Tipo de Depósito al 31/01/2025,2025-01-31
2025-01,B,Scotiabank,1.34,4,3.91,3.5,3.33,2.7,3.96,0.57,Tasas Pasivas Anuales de las Operaciones en Moneda Nacional Realizadas en los Últimos 30 Días Útiles Por Tipo de Depósito al 31/01/2025,2025-01-31
2025-01,B,Citibank,0.1,3.55,3.72,-,-,-,3.55,-,Tasas Pasivas Anuales de las Operaciones en Moneda Nacional Realizadas en los Últimos 30 Días Útiles Por Tipo de Depósito al 31/01/2025,2025-01-31
2025-01,B,Interbank,0.08,4.35,4.46,4.52,4.53,4.12,4.37,2.5,Tasas Pasivas Anuales de las Operaciones en Moneda Nacional Realizadas en los Últimos 30 Días Útiles Por Tipo de Depósito al 31/01/2025,2025-01-31
2025-01,B,Mibanco,0.88,4.64,4.42,3.69,4.13,2.62,4.44,5.24,Tasas Pasivas Anuales de las Operaciones en Moneda Nacional Realizadas en los Últimos 30 Días Útiles Por Tipo de Depósito al 31/01/2025,2025-01-31
2025-01,B,GNB,3.12,4.74,4.73,4.63,4.69,4.52,4.71,-,Tasas Pasivas Anuales de las Operaciones en Moneda Nacional Realizadas en los Últimos 30 Días Útiles Por Tipo de Depósito al 31/01/2025,2025-01-31
2025-01,B,Falabella,2.74,4.61,4.64,4.75,4.32,3.78,4.6,5.14,Tasas Pasivas Anuales de las Operaciones en Moneda Nacional Realizadas en los Últimos 30 Días Útiles Por Tipo de Depósito al 31/01/2025,2025-01-31
2025-01,B,Santander,0.01,4.02,3,4.1,4,-,3.98,-,Tasas Pasivas Anuales de las Operaciones en Moneda Nacional Realizadas en los Últimos 30 Días Útiles Por Tipo de Depósito al 31/01/2025,2025-01-31
2025-01,B,Ripley,0.07,-,5.11,-,5.14,4.81,4.97,5.75,Tasas Pasivas Anuales de las Operaciones en Moneda Nacional Realizadas en los Últimos 30 Días Útiles Por Tipo de Depósito al 31/01/2025,2025-01-31
2025-01,B,Alfin,0.82,1,2.71,3.3,2.95,5.18,4.07,-,Tasas Pasivas Anuales de las Operaciones en Moneda Nacional Realizadas en los Últimos 30 Días Útiles Por Tipo de Depósito al 31/01/2025,2025-01-31
2025-01,B,ICBC,-,4.32,4.22,-,-,-,4.31,-,Tasas Pasivas Anuales de las Operaciones en Moneda Nacional Realizadas en los Últimos 30 Días Útiles Por Tipo de Depósito al 31/01/2025,2025-01-31
2025-01,B,Bank of China,-,4.35,-,-,-,-,4.35,-,Tasas Pasivas Anuales de las Operaciones en Moneda Nacional Realizadas en los Últimos 30 Días Útiles Por Tipo de Depósito al 31/01/2025,2025-01-31
2025-01,B,BCI,-,4.65,4.93,4.65,-,-,4.65,-,Tasas Pasivas Anuales de las Operaciones en Moneda Nacional Realizadas en los Últimos 30 Días Útiles Por Tipo de Depósito al 31/01/2025,2025-01-31
2025-01,B,Compartamos,1.98,4.72,4.75,4.43,4.75,4.44,4.67,5.94,Tasas Pasivas Anuales de las Operaciones en Moneda Nacional Realizadas en los Últimos 30 Días Útiles Por Tipo de Depósito al 31/01/2025,2025-01-31
2025-02,B,BBVA,1.12,4,3.75,3.9,4.24,3.8,3.98,1.51,Tasas Pasivas Anuales de las Operaciones en Moneda Nacional Realizadas en los Últimos 30 Días Útiles Por Tipo de Depósito al 28/02/2025,2025-02-28
2025-02,B,Bancom,1.26,0.79,1.86,2.07,3.62,3.53,3.42,5.25,Tasas Pasivas Anuales de las Operaciones en Moneda Nacional Realizadas en los Últimos 30 Días Útiles Por Tipo de Depósito al 28/02/2025,2025-02-28
2025-02,B,Crédito,0.03,4.28,4.39,3.94,4.1,3.97,4.27,3.51,Tasas Pasivas Anuales de las Operaciones en Moneda Nacional Realizadas en los Últimos 30 Días Útiles Por Tipo de Depósito al 28/02/2025,2025-02-28
2025-02,B,Pichincha,3.4,4.02,4.54,4.56,4.28,-,4.49,2.87,Tasas Pasivas Anuales de las Operaciones en Moneda Nacional Realizadas en los Últimos 30 Días Útiles Por Tipo de Depósito al 28/02/2025,2025-02-28
2025-02,B,BIF,1.5,4.32,4.36,4.25,4.36,4.55,4.32,3.96,Tasas Pasivas Anuales de las Operaciones en Moneda Nacional Realizadas en los Últimos 30 Días Útiles Por Tipo de Depósito al 28/02/2025,2025-02-28
2025-02,B,Scotiabank,1.27,3.98,3.79,3.17,3.3,2.29,3.93,0.98,Tasas Pasivas Anuales de las Operaciones en Moneda Nacional Realizadas en los Últimos 30 Días Útiles Por Tipo de Depósito al 28/02/2025,2025-02-28
2025-02,B,Citibank,0.07,3.75,3.71,-,-,-,3.75,-,Tasas Pasivas Anuales de las Operaciones en Moneda Nacional Realizadas en los Últimos 30 Días Útiles Por Tipo de Depósito al 28/02/2025,2025-02-28
2025-02,B,Interbank,0.08,4.28,4.33,4.21,4.55,3.97,4.28,2.51,Tasas Pasivas Anuales de las Operaciones en Moneda Nacional Realizadas en los Últimos 30 Días Útiles Por Tipo de Depósito al 28/02/2025,2025-02-28
2025-02,B,Mibanco,0.84,4.47,4.27,3.65,3.52,2.41,4.29,5.73,Tasas Pasivas Anuales de las Operaciones en Moneda Nacional Realizadas en los Últimos 30 Días Útiles Por Tipo de Depósito al 28/02/2025,2025-02-28
2025-02,B,GNB,3.58,4.41,4.65,4.61,4.81,4.37,4.52,-,Tasas Pasivas Anuales de las Operaciones en Moneda Nacional Realizadas en los Últimos 30 Días Útiles Por Tipo de Depósito al 28/02/2025,2025-02-28
2025-02,B,Falabella,2.74,4.6,4.42,4.7,4.5,3.77,4.58,5.14,Tasas Pasivas Anuales de las Operaciones en Moneda Nacional Realizadas en los Últimos 30 Días Útiles Por Tipo de Depósito al 28/02/2025,2025-02-28
2025-02,B,Santander,0.01,3.94,3.82,4.16,4.17,1.75,3.95,-,Tasas Pasivas Anuales de las Operaciones en Moneda Nacional Realizadas en los Últimos 30 Días Útiles Por Tipo de Depósito al 28/02/2025,2025-02-28
2025-02,B,Ripley,0.08,-,5,-,4.94,4.7,4.76,5.68,Tasas Pasivas Anuales de las Operaciones en Moneda Nacional Realizadas en los Últimos 30 Días Útiles Por Tipo de Depósito al 28/02/2025,2025-02-28
2025-02,B,Alfin,1.02,1,2.94,3.08,3.06,4.35,3.64,-,Tasas Pasivas Anuales de las Operaciones en Moneda Nacional Realizadas en los Últimos 30 Días Útiles Por Tipo de Depósito al 28/02/2025,2025-02-28
2025-02,B,ICBC,-,3.74,4.22,-,-,-,3.78,-,Tasas Pasivas Anuales de las Operaciones en Moneda Nacional Realizadas en los Últimos 30 Días Útiles Por Tipo de Depósito al 28/02/2025,2025-02-28
2025-02,B,Bank of China,-,4.24,-,-,-,-,4.24,-,Tasas Pasivas Anuales de las Operaciones en Moneda Nacional Realizadas en los Últimos 30 Días Útiles Por Tipo de Depósito al 28/02/2025,2025-02-28
2025-02,B,BCI,-,4.55,4.74,4.64,-,-,4.56,-,Tasas Pasivas Anuales de las Operaciones en Moneda Nacional Realizadas en los Últimos 30 Días Útiles Por Tipo de Depósito al 28/02/2025,2025-02-28
2025-02,B,Compartamos,1.96,4.63,4.7,4.51,4.31,4.46,4.54,5.73,Tasas Pasivas Anuales de las Operaciones en Moneda Nacional Realizadas en los Últimos 30 Días Útiles Por Tipo de Depósito al 28/02/2025,2025-02-28
2025-03,B,BBVA,0.21,4.18,3.6,3.84,4.21,3.61,4.14,1.59,Tasas Pasivas Anuales de las Operaciones en Moneda Nacional Realizadas en los Últimos 30 Días Útiles Por Tipo de Depósito al 31/03/2025,2025-03-31
2025-03,B,Bancom,1.22,0.7,0.64,2.36,3.42,3.6,3.26,5.25,Tasas Pasivas Anuales de las Operaciones en Moneda Nacional Realizadas en los Últimos 30 Días Útiles Por Tipo de Depósito al 31/03/2025,2025-03-31
2025-03,B,Crédito,0.03,4.18,4.24,4.04,3.84,4.23,4.18,3.69,Tasas Pasivas Anuales de las Operaciones en Moneda Nacional Realizadas en los Últimos 30 Días Útiles Por Tipo de Depósito al 31/03/2025,2025-03-31
2025-03,B,Pichincha,3.4,4.06,4.49,4.45,4.28,4.3,4.43,1.54,Tasas Pasivas Anuales de las Operaciones en Moneda Nacional Realizadas en los Últimos 30 Días Útiles Por Tipo de Depósito al 31/03/2025,2025-03-31
2025-03,B,BIF,1.77,4.34,4.37,4.2,4.32,4.54,4.34,3.98,Tasas Pasivas Anuales de las Operaciones en Moneda Nacional Realizadas en los Últimos 30 Días Útiles Por Tipo de Depósito al 31/03/2025,2025-03-31
2025-03,B,Scotiabank,1.35,4.01,3.81,3.94,3.82,3.44,4.0,2.3,Tasas Pasivas Anuales de las Operaciones en Moneda Nacional Realizadas en los Últimos 30 Días Útiles Por Tipo de Depósito al 31/03/2025,2025-03-31
2025-03,B,Citibank,0.09,3.6,3.55,-,-,-,3.6,-,Tasas Pasivas Anuales de las Operaciones en Moneda Nacional Realizadas en los Últimos 30 Días Útiles Por Tipo de Depósito al 31/03/2025,2025-03-31
2025-03,B,Interbank,0.08,4.31,4.21,4.38,4.49,3.95,4.3,2.5,Tasas Pasivas Anuales de las Operaciones en Moneda Nacional Realizadas en los Últimos 30 Días Útiles Por Tipo de Depósito al 31/03/2025,2025-03-31
2025-03,B,Mibanco,0.82,4.51,4.26,3.7,3.95,2.62,4.35,5.76,Tasas Pasivas Anuales de las Operaciones en Moneda Nacional Realizadas en los Últimos 30 Días Útiles Por Tipo de Depósito al 31/03/2025,2025-03-31
2025-03,B,GNB,3.52,4.36,4.6,4.62,4.66,4.28,4.5,-,Tasas Pasivas Anuales de las Operaciones en Moneda Nacional Realizadas en los Últimos 30 Días Útiles Por Tipo de Depósito al 31/03/2025,2025-03-31
2025-03,B,Falabella,2.74,4.56,4.12,4.6,4.49,4.16,4.53,5.14,Tasas Pasivas Anuales de las Operaciones en Moneda Nacional Realizadas en los Últimos 30 Días Útiles Por Tipo de Depósito al 31/03/2025,2025-03-31
2025-03,B,Santander,0.01,3.86,3.99,4.07,-,-,3.87,-,Tasas Pasivas Anuales de las Operaciones en Moneda Nacional Realizadas en los Últimos 30 Días Útiles Por Tipo de Depósito al 31/03/2025,2025-03-31
2025-03,B,Ripley,0.09,-,4.61,4.71,4.75,4.71,4.57,5.25,Tasas Pasivas Anuales de las Operaciones en Moneda Nacional Realizadas en los Últimos 30 Días Útiles Por Tipo de Depósito al 31/03/2025,2025-03-31
2025-03,B,Alfin,1.74,1,2.64,3.02,3.36,4.33,3.81,-,Tasas Pasivas Anuales de las Operaciones en Moneda Nacional Realizadas en los Últimos 30 Días Útiles Por Tipo de Depósito al 31/03/2025,2025-03-31
2025-03,B,ICBC,-,3.75,-,-,-,-,3.75,-,Tasas Pasivas Anuales de las Operaciones en Moneda Nacional Realizadas en los Últimos 30 Días Útiles Por Tipo de Depósito al 31/03/2025,2025-03-31
2025-03,B,Bank of China,-,4.15,-,-,-,-,4.15,-,Tasas Pasivas Anuales de las Operaciones en Moneda Nacional Realizadas en los Últimos 30 Días Útiles Por Tipo de Depósito al 31/03/2025,2025-03-31
2025-03,B,BCI,-,4.51,4.64,4.54,-,-,4.52,-,Tasas Pasivas Anuales de las Operaciones en Moneda Nacional Realizadas en los Últimos 30 Días Útiles Por Tipo de Depósito al 31/03/2025,2025-03-31
2025-03,B,Compartamos,1.72,4.52,4.64,4.3,4.29,4.29,4.39,5.95,Tasas Pasivas Anuales de las Operaciones en Moneda Nacional Realizadas en los Últimos 30 Días Útiles Por Tipo de Depósito al 31/03/2025,2025-03-31
2025-04,B,BBVA,0.33,4.11,3.86,3.98,4.29,3.39,4.07,2.24,Tasas Pasivas Anuales de las Operaciones en Moneda Nacional Realizadas en los Últimos 30 Días Útiles Por Tipo de Depósito al 30/04/2025,2025-04-30
2025-04,B,Bancom,1.27,0.86,0.68,2.29,3.56,3.37,3.26,5.25,Tasas Pasivas Anuales de las Operaciones en Moneda Nacional Realizadas en los Últimos 30 Días Útiles Por Tipo de Depósito al 30/04/2025,2025-04-30
2025-04,B,Crédito,0.03,4.18,4.14,4.41,3.96,4.29,4.18,3.84,Tasas Pasivas Anuales de las Operaciones en Moneda Nacional Realizadas en los Últimos 30 Días Útiles Por Tipo de Depósito al 30/04/2025,2025-04-30
2025-04,B,Pichincha,3.3,3.91,4.48,4.47,4.28,4.3,4.44,2.38,Tasas Pasivas Anuales de las Operaciones en Moneda Nacional Realizadas en los Últimos 30 Días Útiles Por Tipo de Depósito al 30/04/2025,2025-04-30
2025-04,B,BIF,1.74,4.53,4.49,4.42,4.41,3.06,4.53,2.34,Tasas Pasivas Anuales de las Operaciones en Moneda Nacional Realizadas en los Últimos 30 Días Útiles Por Tipo de Depósito al 30/04/2025,2025-04-30
2025-04,B,Scotiabank,1.29,4.03,4.22,4.21,4.18,4,4.05,2.64,Tasas Pasivas Anuales de las Operaciones en Moneda Nacional Realizadas en los Últimos 30 Días Útiles Por Tipo de Depósito al 30/04/2025,2025-04-30
2025-04,B,Citibank,0.05,3.46,3.51,-,-,-,3.46,-,Tasas Pasivas Anuales de las Operaciones en Moneda Nacional Realizadas en los Últimos 30 Días Útiles Por Tipo de Depósito al 30/04/2025,2025-04-30
2025-04,B,Interbank,0.06,4.37,4.29,4.5,4.56,3.77,4.36,2.5,Tasas Pasivas Anuales de las Operaciones en Moneda Nacional Realizadas en los Últimos 30 Días Útiles Por Tipo de Depósito al 30/04/2025,2025-04-30
2025-04,B,Mibanco,0.83,4.57,4.2,3.59,3.78,2.81,4.35,5.81,Tasas Pasivas Anuales de las Operaciones en Moneda Nacional Realizadas en los Últimos 30 Días Útiles Por Tipo de Depósito al 30/04/2025,2025-04-30
2025-04,B,GNB,3.52,4.46,4.56,4.61,4.68,4.3,4.53,5.5,Tasas Pasivas Anuales de las Operaciones en Moneda Nacional Realizadas en los Últimos 30 Días Útiles Por Tipo de Depósito al 30/04/2025,2025-04-30
2025-04,B,Falabella,2.74,4.56,4.12,4.46,4.3,4.33,4.53,5.14,Tasas Pasivas Anuales de las Operaciones en Moneda Nacional Realizadas en los Últimos 30 Días Útiles Por Tipo de Depósito al 30/04/2025,2025-04-30
2025-04,B,Santander,0.01,3.94,4.32,4.1,4,4.16,3.95,-,Tasas Pasivas Anuales de las Operaciones en Moneda Nacional Realizadas en los Últimos 30 Días Útiles Por Tipo de Depósito al 30/04/2025,2025-04-30
2025-04,B,Ripley,0.11,-,-,4.8,4.75,4.71,4.67,5.25,Tasas Pasivas Anuales de las Operaciones en Moneda Nacional Realizadas en los Últimos 30 Días Útiles Por Tipo de Depósito al 30/04/2025,2025-04-30
2025-04,B,Alfin,1.58,1,2.42,2.77,3.75,4.28,3.97,-,Tasas Pasivas Anuales de las Operaciones en Moneda Nacional Realizadas en los Últimos 30 Días Útiles Por Tipo de Depósito al 30/04/2025,2025-04-30
2025-04,B,ICBC,-,3.6,-,-,-,-,3.6,-,Tasas Pasivas Anuales de las Operaciones en Moneda Nacional Realizadas en los Últimos 30 Días Útiles Por Tipo de Depósito al 30/04/2025,2025-04-30
2025-04,B,Bank of China,-,4.1,-,-,-,-,4.1,-,Tasas Pasivas Anuales de las Operaciones en Moneda Nacional Realizadas en los Últimos 30 Días Útiles Por Tipo de Depósito al 30/04/2025,2025-04-30
2025-04,B,BCI,-,4.56,4.58,4.19,-,-,4.56,-,Tasas Pasivas Anuales de las Operaciones en Moneda Nacional Realizadas en los Últimos 30 Días Útiles Por Tipo de Depósito al 30/04/2025,2025-04-30
2025-04,B,Compartamos,1.45,4.27,4.42,4.25,4.38,4.45,4.33,5.96,Tasas Pasivas Anuales de las Operaciones en Moneda Nacional Realizadas en los Últimos 30 Días Útiles Por Tipo de Depósito al 30/04/2025,2025-04-30
2025-05,B,BBVA,0.41,4.14,3.93,3.83,4.35,3.64,4.11,1.4,Tasas Pasivas Anuales de las Operaciones en Moneda Nacional Realizadas en los Últimos 30 Días Útiles Por Tipo de Depósito al 30/05/2025,2025-05-30
2025-05,B,Bancom,1.22,0.59,3.15,0.61,2.88,3.66,2.88,5.25,Tasas Pasivas Anuales de las Operaciones en Moneda Nacional Realizadas en los Últimos 30 Días Útiles Por Tipo de Depósito al 30/05/2025,2025-05-30
2025-05,B,Crédito,0.03,4.12,4.06,4.4,2.96,4.23,4.12,2.52,Tasas Pasivas Anuales de las Operaciones en Moneda Nacional Realizadas en los Últimos 30 Días Útiles Por Tipo de Depósito al 30/05/2025,2025-05-30
2025-05,B,Pichincha,3.35,2.9,4.34,4.36,4.21,-,4.33,1.24,Tasas Pasivas Anuales de las Operaciones en Moneda Nacional Realizadas en los Últimos 30 Días Útiles Por Tipo de Depósito al 30/05/2025,2025-05-30
2025-05,B,BIF,1.9,4.32,4.3,4.42,4.52,3.82,4.32,2.37,Tasas Pasivas Anuales de las Operaciones en Moneda Nacional Realizadas en los Últimos 30 Días Útiles Por Tipo de Depósito al 30/05/2025,2025-05-30
2025-05,B,Scotiabank,1.25,4.04,3.9,4,3.99,3.8,4.03,2.39,Tasas Pasivas Anuales de las Operaciones en Moneda Nacional Realizadas en los Últimos 30 Días Útiles Por Tipo de Depósito al 30/05/2025,2025-05-30
2025-05,B,Citibank,0.07,3.42,-,-,-,-,3.42,-,Tasas Pasivas Anuales de las Operaciones en Moneda Nacional Realizadas en los Últimos 30 Días Útiles Por Tipo de Depósito al 30/05/2025,2025-05-30
2025-05,B,Interbank,0.06,4.3,4.42,4.53,4.29,3.72,4.31,2.5,Tasas Pasivas Anuales de las Operaciones en Moneda Nacional Realizadas en los Últimos 30 Días Útiles Por Tipo de Depósito al 30/05/2025,2025-05-30
2025-05,B,Mibanco,0.79,4.5,4.2,3.46,3.66,3.2,4.35,5.89,Tasas Pasivas Anuales de las Operaciones en Moneda Nacional Realizadas en los Últimos 30 Días Útiles Por Tipo de Depósito al 30/05/2025,2025-05-30
2025-05,B,GNB,3.85,4.52,4.55,4.51,4.7,4.46,4.56,-,Tasas Pasivas Anuales de las Operaciones en Moneda Nacional Realizadas en los Últimos 30 Días Útiles Por Tipo de Depósito al 30/05/2025,2025-05-30
2025-05,B,Falabella,2.74,4.5,3.46,3.86,4.13,4.19,4.46,5.14,Tasas Pasivas Anuales de las Operaciones en Moneda Nacional Realizadas en los Últimos 30 Días Útiles Por Tipo de Depósito al 30/05/2025,2025-05-30
2025-05,B,Santander,0.01,3.88,4.35,4,4,-,3.9,-,Tasas Pasivas Anuales de las Operaciones en Moneda Nacional Realizadas en los Últimos 30 Días Útiles Por Tipo de Depósito al 30/05/2025,2025-05-30
2025-05,B,Ripley,0.14,-,-,4.8,4.75,4.73,3.82,5.25,Tasas Pasivas Anuales de las Operaciones en Moneda Nacional Realizadas en los Últimos 30 Días Útiles Por Tipo de Depósito al 30/05/2025,2025-05-30
2025-05,B,Alfin,1.66,1,2.96,2.74,4.21,4.18,4.11,-,Tasas Pasivas Anuales de las Operaciones en Moneda Nacional Realizadas en los Últimos 30 Días Útiles Por Tipo de Depósito al 30/05/2025,2025-05-30
2025-05,B,ICBC,-,3.64,4.37,-,-,-,3.74,-,Tasas Pasivas Anuales de las Operaciones en Moneda Nacional Realizadas en los Últimos 30 Días Útiles Por Tipo de Depósito al 30/05/2025,2025-05-30
2025-05,B,Bank of China,-,3.97,-,-,-,-,3.97,-,Tasas Pasivas Anuales de las Operaciones en Moneda Nacional Realizadas en los Últimos 30 Días Útiles Por Tipo de Depósito al 30/05/2025,2025-05-30
2025-05,B,BCI,-,4.46,4.78,4.34,4.63,-,4.47,-,Tasas Pasivas Anuales de las Operaciones en Moneda Nacional Realizadas en los Últimos 30 Días Útiles Por Tipo de Depósito al 30/05/2025,2025-05-30
2025-05,B,Compartamos,1.43,4.32,4.15,3.86,4.37,4.49,4.33,5.96,Tasas Pasivas Anuales de las Operaciones en Moneda Nacional Realizadas en los Últimos 30 Días Útiles Por Tipo de Depósito al 30/05/2025,2025-05-30
2025-06,B,BBVA,0.59,4.13,3.93,3.83,4.23,3.42,4.08,1.18,Tasas Pasivas Anuales de las Operaciones en Moneda Nacional Realizadas en los Últimos 30 Días Útiles Por Tipo de Depósito al 30/06/2025,2025-06-30
2025-06,B,Bancom,1.47,0.95,0.84,0.56,3.15,3.7,3.04,5.25,Tasas Pasivas Anuales de las Operaciones en Moneda Nacional Realizadas en los Últimos 30 Días Útiles Por Tipo de Depósito al 30/06/2025,2025-06-30
2025-06,B,Crédito,0.03,4.18,4.32,3.58,3.71,3.82,4.17,1.6,Tasas Pasivas Anuales de las Operaciones en Moneda Nacional Realizadas en los Últimos 30 Días Útiles Por Tipo de Depósito al 30/06/2025,2025-06-30
2025-06,B,Pichincha,3.24,3.9,4.07,4.1,4.04,-,4.09,1.16,Tasas Pasivas Anuales de las Operaciones en Moneda Nacional Realizadas en los Últimos 30 Días Útiles Por Tipo de Depósito al 30/06/2025,2025-06-30
2025-06,B,BIF,1.69,4.48,4.37,4.88,4.49,2.25,4.48,2.52,Tasas Pasivas Anuales de las Operaciones en Moneda Nacional Realizadas en los Últimos 30 Días Útiles Por Tipo de Depósito al 30/06/2025,2025-06-30
2025-06,B,Scotiabank,1.4,3.93,4,3.88,3.61,3.74,3.93,0.97,Tasas Pasivas Anuales de las Operaciones en Moneda Nacional Realizadas en los Últimos 30 Días Útiles Por Tipo de Depósito al 30/06/2025,2025-06-30
2025-06,B,Citibank,0.05,3.11,-,-,-,-,3.11,-,Tasas Pasivas Anuales de las Operaciones en Moneda Nacional Realizadas en los Últimos 30 Días Útiles Por Tipo de Depósito al 30/06/2025,2025-06-30
2025-06,B,Interbank,0.07,4.38,4.43,4.22,4.57,3.99,4.38,2.5,Tasas Pasivas Anuales de las Operaciones en Moneda Nacional Realizadas en los Últimos 30 Días Útiles Por Tipo de Depósito al 30/06/2025,2025-06-30
2025-06,B,Mibanco,0.78,4.46,4.23,3.63,3.86,3.37,4.35,4.98,Tasas Pasivas Anuales de las Operaciones en Moneda Nacional Realizadas en los Últimos 30 Días Útiles Por Tipo de Depósito al 30/06/2025,2025-06-30
2025-06,B,GNB,3.65,4.47,4.54,4.52,4.7,4.4,4.51,3.75,Tasas Pasivas Anuales de las Operaciones en Moneda Nacional Realizadas en los Últimos 30 Días Útiles Por Tipo de Depósito al 30/06/2025,2025-06-30
2025-06,B,Falabella,2.74,4.4,3.09,3.31,3.81,3.73,4.34,5.14,Tasas Pasivas Anuales de las Operaciones en Moneda Nacional Realizadas en los Últimos 30 Días Útiles Por Tipo de Depósito al 30/06/2025,2025-06-30
2025-06,B,Santander,0.01,3.94,4.49,4.02,-,-,3.98,-,Tasas Pasivas Anuales de las Operaciones en Moneda Nacional Realizadas en los Últimos 30 Días Útiles Por Tipo de Depósito al 30/06/2025,2025-06-30
2025-06,B,Ripley,0.14,-,-,4.8,4.75,4.75,3.74,5.25,Tasas Pasivas Anuales de las Operaciones en Moneda Nacional Realizadas en los Últimos 30 Días Útiles Por Tipo de Depósito al 30/06/2025,2025-06-30
2025-06,B,Alfin,1.86,0.94,2.34,2.63,4.09,3.96,3.93,-,Tasas Pasivas Anuales de las Operaciones en Moneda Nacional Realizadas en los Últimos 30 Días Útiles Por Tipo de Depósito al 30/06/2025,2025-06-30
2025-06,B,ICBC,-,4.18,4.26,4.46,-,-,4.2,-,Tasas Pasivas Anuales de las Operaciones en Moneda Nacional Realizadas en los Últimos 30 Días Útiles Por Tipo de Depósito al 30/06/2025,2025-06-30
2025-06,B,Bank of China,-,3.73,-,-,-,-,3.73,-,Tasas Pasivas Anuales de las Operaciones en Moneda Nacional Realizadas en los Últimos 30 Días Útiles Por Tipo de Depósito al 30/06/2025,2025-06-30
2025-06,B,BCI,-,4.37,4.53,4.23,4.47,-,4.37,-,Tasas Pasivas Anuales de las Operaciones en Moneda Nacional Realizadas en los Últimos 30 Días Útiles Por Tipo de Depósito al 30/06/2025,2025-06-30
2025-06,B,Compartamos,1.55,4.32,4.49,4.18,4.51,4.13,4.35,5.8,Tasas Pasivas Anuales de las Operaciones en Moneda Nacional Realizadas en los Últimos 30 Días Útiles Por Tipo de Depósito al 30/06/2025,2025-06-30
2025-06,B,Santander Cons. Bank,0.22,4.58,4.55,4.37,4,3.14,4.2,5.71,Tasas Pasivas Anuales de las Operaciones en Moneda Nacional Realizadas en los Últimos 30 Días Útiles Por Tipo de Depósito al 30/06/2025,2025-06-30
2025-07,B,BBVA,0.49,4.04,4.03,3.89,4.31,3.47,4.0,1.9,Tasas Pasivas Anuales de las Operaciones en Moneda Nacional Realizadas en los Últimos 30 Días Útiles Por Tipo de Depósito al 31/07/2025,2025-07-31
2025-07,B,Bancom,1.23,1.11,1.74,3.07,3.31,3.72,3.36,-,Tasas Pasivas Anuales de las Operaciones en Moneda Nacional Realizadas en los Últimos 30 Días Útiles Por Tipo de Depósito al 31/07/2025,2025-07-31
2025-07,B,Crédito,0.03,4.26,4.38,4.3,3.02,3.73,4.26,2.64,Tasas Pasivas Anuales de las Operaciones en Moneda Nacional Realizadas en los Últimos 30 Días Útiles Por Tipo de Depósito al 31/07/2025,2025-07-31
2025-07,B,Pichincha,3.12,2.83,4.04,4.27,4.03,-,4.01,1.13,Tasas Pasivas Anuales de las Operaciones en Moneda Nacional Realizadas en los Últimos 30 Días Útiles Por Tipo de Depósito al 31/07/2025,2025-07-31
2025-07,B,BIF,1.74,4.6,4.41,5.17,4.4,2.23,4.61,2.41,Tasas Pasivas Anuales de las Operaciones en Moneda Nacional Realizadas en los Últimos 30 Días Útiles Por Tipo de Depósito al 31/07/2025,2025-07-31
2025-07,B,Scotiabank,1.44,3.75,3.99,3.45,3.65,3.64,3.75,1.1,Tasas Pasivas Anuales de las Operaciones en Moneda Nacional Realizadas en los Últimos 30 Días Útiles Por Tipo de Depósito al 31/07/2025,2025-07-31
2025-07,B,Citibank,0.04,3.1,3.17,-,-,-,3.1,-,Tasas Pasivas Anuales de las Operaciones en Moneda Nacional Realizadas en los Últimos 30 Días Útiles Por Tipo de Depósito al 31/07/2025,2025-07-31
2025-07,B,Interbank,0.1,4.5,4.39,4.26,4.51,4.17,4.48,2.5,Tasas Pasivas Anuales de las Operaciones en Moneda Nacional Realizadas en los Últimos 30 Días Útiles Por Tipo de Depósito al 31/07/2025,2025-07-31
2025-07,B,Mibanco,0.79,4.68,4.19,3.55,3.86,3.46,4.51,5.54,Tasas Pasivas Anuales de las Operaciones en Moneda Nacional Realizadas en los Últimos 30 Días Útiles Por Tipo de Depósito al 31/07/2025,2025-07-31
2025-07,B,GNB,3.98,4.52,4.52,4.57,4.66,4.59,4.56,3.75,Tasas Pasivas Anuales de las Operaciones en Moneda Nacional Realizadas en los Últimos 30 Días Útiles Por Tipo de Depósito al 31/07/2025,2025-07-31
2025-07,B,Falabella,2.74,4.44,4.27,3.28,3.69,3.61,4.37,5.14,Tasas Pasivas Anuales de las Operaciones en Moneda Nacional Realizadas en los Últimos 30 Días Útiles Por Tipo de Depósito al 31/07/2025,2025-07-31
2025-07,B,Santander,0.01,3.98,4.32,4.7,-,-,4.03,-,Tasas Pasivas Anuales de las Operaciones en Moneda Nacional Realizadas en los Últimos 30 Días Útiles Por Tipo de Depósito al 31/07/2025,2025-07-31
2025-07,B,Ripley,0.28,-,-,4.8,4.97,4.75,3.85,5.25,Tasas Pasivas Anuales de las Operaciones en Moneda Nacional Realizadas en los Últimos 30 Días Útiles Por Tipo de Depósito al 31/07/2025,2025-07-31
2025-07,B,Alfin,2.29,0.54,2.88,2.31,3.66,3.49,3.48,-,Tasas Pasivas Anuales de las Operaciones en Moneda Nacional Realizadas en los Últimos 30 Días Útiles Por Tipo de Depósito al 31/07/2025,2025-07-31
2025-07,B,ICBC,-,4.02,-,4.54,-,4.5,4.1,-,Tasas Pasivas Anuales de las Operaciones en Moneda Nacional Realizadas en los Últimos 30 Días Útiles Por Tipo de Depósito al 31/07/2025,2025-07-31
2025-07,B,Bank of China,0.3,3.67,-,-,-,-,3.67,-,Tasas Pasivas Anuales de las Operaciones en Moneda Nacional Realizadas en los Últimos 30 Días Útiles Por Tipo de Depósito al 31/07/2025,2025-07-31
2025-07,B,BCI,-,4.5,4.75,4.59,4.47,-,4.51,-,Tasas Pasivas Anuales de las Operaciones en Moneda Nacional Realizadas en los Últimos 30 Días Útiles Por Tipo de Depósito al 31/07/2025,2025-07-31
2025-07,B,Compartamos,1.63,4.38,4.36,4.19,4.64,4.08,4.39,5.71,Tasas Pasivas Anuales de las Operaciones en Moneda Nacional Realizadas en los Últimos 30 Días Útiles Por Tipo de Depósito al 31/07/2025,2025-07-31
2025-07,B,Santander Cons. Bank,0.4,4.55,4.45,4.19,4.13,3.45,4.07,5.71,Tasas Pasivas Anuales de las Operaciones en Moneda Nacional Realizadas en los Últimos 30 Días Útiles Por Tipo de Depósito al 31/07/2025,2025-07-31
2025-08,B,BBVA,1,3.98,4.22,4.06,4.32,3.69,3.98,1.27,Tasas Pasivas Anuales de las Operaciones en Moneda Nacional Realizadas en los Últimos 30 Días Útiles Por Tipo de Depósito al 29/08/2025,2025-08-29
2025-08,B,Bancom,1.22,0.85,0.79,3.07,3.45,3.49,3.36,5.25,Tasas Pasivas Anuales de las Operaciones en Moneda Nacional Realizadas en los Últimos 30 Días Útiles Por Tipo de Depósito al 29/08/2025,2025-08-29
2025-08,B,Crédito,0.02,4.24,4.3,4.38,4.15,4.44,4.25,3.08,Tasas Pasivas Anuales de las Operaciones en Moneda Nacional Realizadas en los Últimos 30 Días Útiles Por Tipo de Depósito al 29/08/2025,2025-08-29
2025-08,B,Pichincha,3.15,3.23,4.23,4.43,4.31,4.45,4.27,1.38,Tasas Pasivas Anuales de las Operaciones en Moneda Nacional Realizadas en los Últimos 30 Días Útiles Por Tipo de Depósito al 29/08/2025,2025-08-29
2025-08,B,BIF,1.58,4.48,4.35,4.25,4.55,4.18,4.48,2.16,Tasas Pasivas Anuales de las Operaciones en Moneda Nacional Realizadas en los Últimos 30 Días Útiles Por Tipo de Depósito al 29/08/2025,2025-08-29
2025-08,B,Scotiabank,1.39,3.82,4.02,3.56,3.51,3.47,3.81,1.73,Tasas Pasivas Anuales de las Operaciones en Moneda Nacional Realizadas en los Últimos 30 Días Útiles Por Tipo de Depósito al 29/08/2025,2025-08-29
2025-08,B,Citibank,0.06,3.24,-,-,-,-,3.24,-,Tasas Pasivas Anuales de las Operaciones en Moneda Nacional Realizadas en los Últimos 30 Días Útiles Por Tipo de Depósito al 29/08/2025,2025-08-29
2025-08,B,Interbank,0.12,4.28,4.3,4.33,4.55,3.84,4.28,2.45,Tasas Pasivas Anuales de las Operaciones en Moneda Nacional Realizadas en los Últimos 30 Días Útiles Por Tipo de Depósito al 29/08/2025,2025-08-29
2025-08,B,Mibanco,0.79,4.53,4.17,3.5,3.9,4.15,4.38,5.35,Tasas Pasivas Anuales de las Operaciones en Moneda Nacional Realizadas en los Últimos 30 Días Útiles Por Tipo de Depósito al 29/08/2025,2025-08-29
2025-08,B,GNB,3.84,4.46,4.54,4.57,4.7,4.58,4.54,3.75,Tasas Pasivas Anuales de las Operaciones en Moneda Nacional Realizadas en los Últimos 30 Días Útiles Por Tipo de Depósito al 29/08/2025,2025-08-29
2025-08,B,Falabella,2.74,4.44,3.13,3.27,3.67,3.67,4.35,5.14,Tasas Pasivas Anuales de las Operaciones en Moneda Nacional Realizadas en los Últimos 30 Días Útiles Por Tipo de Depósito al 29/08/2025,2025-08-29
2025-08,B,Santander,0.01,4.06,4.4,4.75,-,-,4.09,-,Tasas Pasivas Anuales de las Operaciones en Moneda Nacional Realizadas en los Últimos 30 Días Útiles Por Tipo de Depósito al 29/08/2025,2025-08-29
2025-08,B,Ripley,0.5,-,-,4.8,5,4.75,3.94,5.25,Tasas Pasivas Anuales de las Operaciones en Moneda Nacional Realizadas en los Últimos 30 Días Útiles Por Tipo de Depósito al 29/08/2025,2025-08-29
2025-08,B,Alfin,1.91,0.5,2.52,2.58,4.18,3.13,3.31,-,Tasas Pasivas Anuales de las Operaciones en Moneda Nacional Realizadas en los Últimos 30 Días Útiles Por Tipo de Depósito al 29/08/2025,2025-08-29
2025-08,B,ICBC,-,3.91,4.52,4.6,-,-,3.98,-,Tasas Pasivas Anuales de las Operaciones en Moneda Nacional Realizadas en los Últimos 30 Días Útiles Por Tipo de Depósito al 29/08/2025,2025-08-29
2025-08,B,Bank of China,0.3,3.6,-,-,-,-,3.6,-,Tasas Pasivas Anuales de las Operaciones en Moneda Nacional Realizadas en los Últimos 30 Días Útiles Por Tipo de Depósito al 29/08/2025,2025-08-29
2025-08,B,BCI,-,4.44,4.7,4.61,4.23,-,4.45,-,Tasas Pasivas Anuales de las Operaciones en Moneda Nacional Realizadas en los Últimos 30 Días Útiles Por Tipo de Depósito al 29/08/2025,2025-08-29
2025-08,B,Compartamos,1.79,4.42,4.45,4.13,4.68,4.25,4.45,5.88,Tasas Pasivas Anuales de las Operaciones en Moneda Nacional Realizadas en los Últimos 30 Días Útiles Por Tipo de Depósito al 29/08/2025,2025-08-29
2025-08,B,Santander Cons. Bank,0.52,4.46,4.49,4.46,3.99,3.5,4.08,5.69,Tasas Pasivas Anuales de las Operaciones en Moneda Nacional Realizadas en los Últimos 30 Días Útiles Por Tipo de Depósito al 29/08/2025,2025-08-29
2025-09,B,BBVA,0.36,3.74,3.75,3.94,3.9,3.59,3.74,1.9,Tasas Pasivas Anuales de las Operaciones en Moneda Nacional Realizadas en los Últimos 30 Días Útiles Por Tipo de Depósito al 30/09/2025,2025-09-30
2025-09,B,Bancom,1.23,0.47,0.76,2,3.31,3.67,3.36,-,Tasas Pasivas Anuales de las Operaciones en Moneda Nacional Realizadas en los Últimos 30 Días Útiles Por Tipo de Depósito al 30/09/2025,2025-09-30
2025-09,B,Crédito,0.02,4.22,4.14,3.96,3.87,4.06,4.21,1.71,Tasas Pasivas Anuales de las Operaciones en Moneda Nacional Realizadas en los Últimos 30 Días Útiles Por Tipo de Depósito al 30/09/2025,2025-09-30
2025-09,B,Pichincha,3.12,3.41,4.26,4.54,4.39,4.45,4.39,1.22,Tasas Pasivas Anuales de las Operaciones en Moneda Nacional Realizadas en los Últimos 30 Días Útiles Por Tipo de Depósito al 30/09/2025,2025-09-30
2025-09,B,BIF,1.64,4.14,4.29,4.29,4.43,4.37,4.16,2.39,Tasas Pasivas Anuales de las Operaciones en Moneda Nacional Realizadas en los Últimos 30 Días Útiles Por Tipo de Depósito al 30/09/2025,2025-09-30
2025-09,B,Scotiabank,1.33,3.64,4.28,3.58,3.54,3.56,3.75,1.92,Tasas Pasivas Anuales de las Operaciones en Moneda Nacional Realizadas en los Últimos 30 Días Útiles Por Tipo de Depósito al 30/09/2025,2025-09-30
2025-09,B,Citibank,0.04,2.84,3.14,-,-,-,2.84,-,Tasas Pasivas Anuales de las Operaciones en Moneda Nacional Realizadas en los Últimos 30 Días Útiles Por Tipo de Depósito al 30/09/2025,2025-09-30
2025-09,B,Interbank,0.08,4.2,4.34,4.29,4.4,3.97,4.22,2.5,Tasas Pasivas Anuales de las Operaciones en Moneda Nacional Realizadas en los Últimos 30 Días Útiles Por Tipo de Depósito al 30/09/2025,2025-09-30
2025-09,B,Mibanco,0.75,4.48,4.15,3.39,4.06,4.39,4.33,4.79,Tasas Pasivas Anuales de las Operaciones en Moneda Nacional Realizadas en los Últimos 30 Días Útiles Por Tipo de Depósito al 30/09/2025,2025-09-30
2025-09,B,GNB,3.46,4.5,4.43,4.47,4.64,4.41,4.5,3.75,Tasas Pasivas Anuales de las Operaciones en Moneda Nacional Realizadas en los Últimos 30 Días Útiles Por Tipo de Depósito al 30/09/2025,2025-09-30
2025-09,B,Falabella,2.74,4.43,2.88,3.28,3.63,3.68,4.38,5.14,Tasas Pasivas Anuales de las Operaciones en Moneda Nacional Realizadas en los Últimos 30 Días Útiles Por Tipo de Depósito al 30/09/2025,2025-09-30
2025-09,B,Santander,0.01,4.1,4.31,4.15,4.1,-,4.11,-,Tasas Pasivas Anuales de las Operaciones en Moneda Nacional Realizadas en los Últimos 30 Días Útiles Por Tipo de Depósito al 30/09/2025,2025-09-30
2025-09,B,Ripley,0.44,-,-,4.8,5,4.75,4.07,5.25,Tasas Pasivas Anuales de las Operaciones en Moneda Nacional Realizadas en los Últimos 30 Días Útiles Por Tipo de Depósito al 30/09/2025,2025-09-30
2025-09,B,Alfin,0.52,0.5,2.5,2.47,5.01,3.48,4.16,-,Tasas Pasivas Anuales de las Operaciones en Moneda Nacional Realizadas en los Últimos 30 Días Útiles Por Tipo de Depósito al 30/09/2025,2025-09-30
2025-09,B,ICBC,-,3.96,4.49,-,-,-,4.02,-,Tasas Pasivas Anuales de las Operaciones en Moneda Nacional Realizadas en los Últimos 30 Días Útiles Por Tipo de Depósito al 30/09/2025,2025-09-30
2025-09,B,Bank of China,-,-,-,-,-,-,-,-,Tasas Pasivas Anuales de las Operaciones en Moneda Nacional Realizadas en los Últimos 30 Días Útiles Por Tipo de Depósito al 30/09/2025,2025-09-30
2025-09,B,BCI,-,4.36,4.38,4.48,-,4.35,4.36,-,Tasas Pasivas Anuales de las Operaciones en Moneda Nacional Realizadas en los Últimos 30 Días Útiles Por Tipo de Depósito al 30/09/2025,2025-09-30
2025-09,B,Compartamos,2.09,4.43,4.26,4.01,4.79,4.48,4.5,5.87,Tasas Pasivas Anuales de las Operaciones en Moneda Nacional Realizadas en los Últimos 30 Días Útiles Por Tipo de Depósito al 30/09/2025,2025-09-30
2025-09,B,Santander Cons. Bank,0.63,4.44,4.48,4.48,3.68,3.35,4.06,5.69,Tasas Pasivas Anuales de las Operaciones en Moneda Nacional Realizadas en los Últimos 30 Días Útiles Por Tipo de Depósito al 30/09/2025,2025-09-30
2025-10,B,BBVA,0.36,3.8,3.92,3.99,4.25,3.82,3.82,2.38,Tasas Pasivas Anuales de las Operaciones en Moneda Nacional Realizadas en los Últimos 30 Días Útiles Por Tipo de Depósito al 31/10/2025,2025-10-31
2025-10,B,Bancom,1.26,4.54,0.75,2.46,3.4,3.86,3.74,-,Tasas Pasivas Anuales de las Operaciones en Moneda Nacional Realizadas en los Últimos 30 Días Útiles Por Tipo de Depósito al 31/10/2025,2025-10-31
2025-10,B,Crédito,0.02,4.07,4.18,3.9,3.46,4.21,4.07,3.19,Tasas Pasivas Anuales de las Operaciones en Moneda Nacional Realizadas en los Últimos 30 Días Útiles Por Tipo de Depósito al 31/10/2025,2025-10-31
2025-10,B,Pichincha,3.13,2.89,4.11,4.54,4.3,4.16,4.39,1.49,Tasas Pasivas Anuales de las Operaciones en Moneda Nacional Realizadas en los Últimos 30 Días Útiles Por Tipo de Depósito al 31/10/2025,2025-10-31
2025-10,B,BIF,1.81,4.14,4.09,3.9,4.4,4.07,4.13,2.52,Tasas Pasivas Anuales de las Operaciones en Moneda Nacional Realizadas en los Últimos 30 Días Útiles Por Tipo de Depósito al 31/10/2025,2025-10-31
2025-10,B,Scotiabank,1.14,3.54,4.32,3.63,3.28,3.53,3.65,2.12,Tasas Pasivas Anuales de las Operaciones en Moneda Nacional Realizadas en los Últimos 30 Días Útiles Por Tipo de Depósito al 31/10/2025,2025-10-31
2025-10,B,Citibank,0.05,2.87,3.15,-,-,-,2.88,-,Tasas Pasivas Anuales de las Operaciones en Moneda Nacional Realizadas en los Últimos 30 Días Útiles Por Tipo de Depósito al 31/10/2025,2025-10-31
2025-10,B,Interbank,0.05,4.21,4.4,4.11,4.45,4.43,4.24,2.5,Tasas Pasivas Anuales de las Operaciones en Moneda Nacional Realizadas en los Últimos 30 Días Útiles Por Tipo de Depósito al 31/10/2025,2025-10-31
2025-10,B,Mibanco,0.74,4.42,4.22,2.91,3.91,4.39,4.31,5.73,Tasas Pasivas Anuales de las Operaciones en Moneda Nacional Realizadas en los Últimos 30 Días Útiles Por Tipo de Depósito al 31/10/2025,2025-10-31
2025-10,B,GNB,3.94,4.45,4.41,4.4,4.6,4.52,4.46,-,Tasas Pasivas Anuales de las Operaciones en Moneda Nacional Realizadas en los Últimos 30 Días Útiles Por Tipo de Depósito al 31/10/2025,2025-10-31
2025-10,B,Falabella,2.74,4.36,2.39,3.11,3.52,3.61,4.31,5.14,Tasas Pasivas Anuales de las Operaciones en Moneda Nacional Realizadas en los Últimos 30 Días Útiles Por Tipo de Depósito al 31/10/2025,2025-10-31
2025-10,B,Santander,0.01,4.01,4.13,4.06,4.1,4.1,4.01,-,Tasas Pasivas Anuales de las Operaciones en Moneda Nacional Realizadas en los Últimos 30 Días Útiles Por Tipo de Depósito al 31/10/2025,2025-10-31
2025-10,B,Ripley,0.33,-,-,4.8,5,4.75,4.11,5.25,Tasas Pasivas Anuales de las Operaciones en Moneda Nacional Realizadas en los Últimos 30 Días Útiles Por Tipo de Depósito al 31/10/2025,2025-10-31
2025-10,B,Alfin,0.55,0.5,3.02,2.01,4.79,3.42,3.88,-,Tasas Pasivas Anuales de las Operaciones en Moneda Nacional Realizadas en los Últimos 30 Días Útiles Por Tipo de Depósito al 31/10/2025,2025-10-31
2025-10,B,ICBC,-,3.9,-,-,-,-,3.9,-,Tasas Pasivas Anuales de las Operaciones en Moneda Nacional Realizadas en los Últimos 30 Días Útiles Por Tipo de Depósito al 31/10/2025,2025-10-31
2025-10,B,Bank of China,-,-,-,-,-,-,-,-,Tasas Pasivas Anuales de las Operaciones en Moneda Nacional Realizadas en los Últimos 30 Días Útiles Por Tipo de Depósito al 31/10/2025,2025-10-31
2025-10,B,BCI,-,4.29,4.49,4.13,4.05,4.53,4.29,-,Tasas Pasivas Anuales de las Operaciones en Moneda Nacional Realizadas en los Últimos 30 Días Útiles Por Tipo de Depósito al 31/10/2025,2025-10-31
2025-10,B,Compartamos,2.16,3.71,4.46,4.13,4.82,4.61,4.05,5.9,Tasas Pasivas Anuales de las Operaciones en Moneda Nacional Realizadas en los Últimos 30 Días Útiles Por Tipo de Depósito al 31/10/2025,2025-10-31
2025-10,B,Santander Cons. Bank,0.61,3.61,4.31,4.12,3.64,3.53,3.68,5.71,Tasas Pasivas Anuales de las Operaciones en Moneda Nacional Realizadas en los Últimos 30 Días Útiles Por Tipo de Depósito al 31/10/2025,2025-10-31
2025-11,B,BBVA,0.21,3.93,3.88,3.95,4.24,3.8,3.92,1.41,Tasas Pasivas Anuales de las Operaciones en Moneda Nacional Realizadas en los Últimos 30 Días Útiles Por Tipo de Depósito al 28/11/2025,2025-11-28
2025-11,B,Bancom,1.22,0.21,0.73,1.48,3.44,3.72,2.68,5.25,Tasas Pasivas Anuales de las Operaciones en Moneda Nacional Realizadas en los Últimos 30 Días Útiles Por Tipo de Depósito al 28/11/2025,2025-11-28
2025-11,B,Crédito,0.02,4.06,4.07,4.34,2.89,3.13,4.06,2.48,Tasas Pasivas Anuales de las Operaciones en Moneda Nacional Realizadas en los Últimos 30 Días Útiles Por Tipo de Depósito al 28/11/2025,2025-11-28
2025-11,B,Pichincha,3.15,2.77,4.09,4.6,4.55,4.13,3.95,1.14,Tasas Pasivas Anuales de las Operaciones en Moneda Nacional Realizadas en los Últimos 30 Días Útiles Por Tipo de Depósito al 28/11/2025,2025-11-28
2025-11,B,BIF,1.69,4.09,4.12,4.14,4.5,3.6,4.09,2.26,Tasas Pasivas Anuales de las Operaciones en Moneda Nacional Realizadas en los Últimos 30 Días Útiles Por Tipo de Depósito al 28/11/2025,2025-11-28
2025-11,B,Scotiabank,1.16,3.58,3.7,3.41,3.56,2.75,3.57,0.54,Tasas Pasivas Anuales de las Operaciones en Moneda Nacional Realizadas en los Últimos 30 Días Útiles Por Tipo de Depósito al 28/11/2025,2025-11-28
2025-11,B,Citibank,0.04,3.13,3.16,-,-,-,3.13,-,Tasas Pasivas Anuales de las Operaciones en Moneda Nacional Realizadas en los Últimos 30 Días Útiles Por Tipo de Depósito al 28/11/2025,2025-11-28
2025-11,B,Interbank,0.04,4.1,4.25,4.05,4.47,4.45,4.13,2.5,Tasas Pasivas Anuales de las Operaciones en Moneda Nacional Realizadas en los Últimos 30 Días Útiles Por Tipo de Depósito al 28/11/2025,2025-11-28
2025-11,B,Mibanco,0.71,4.36,4.31,3,4.08,4.44,4.26,5.9,Tasas Pasivas Anuales de las Operaciones en Moneda Nacional Realizadas en los Últimos 30 Días Útiles Por Tipo de Depósito al 28/11/2025,2025-11-28
2025-11,B,GNB,4.34,4.37,4.43,4.54,4.57,4.45,4.46,3.75,Tasas Pasivas Anuales de las Operaciones en Moneda Nacional Realizadas en los Últimos 30 Días Útiles Por Tipo de Depósito al 28/11/2025,2025-11-28
2025-11,B,Falabella,2.74,4.33,2.26,3.03,3.41,3.58,4.27,5.14,Tasas Pasivas Anuales de las Operaciones en Moneda Nacional Realizadas en los Últimos 30 Días Útiles Por Tipo de Depósito al 28/11/2025,2025-11-28
2025-11,B,Santander,0.01,3.83,3.93,4.14,4,-,3.83,-,Tasas Pasivas Anuales de las Operaciones en Moneda Nacional Realizadas en los Últimos 30 Días Útiles Por Tipo de Depósito al 28/11/2025,2025-11-28
2025-11,B,Ripley,0.52,-,-,4.69,4.88,4.75,3.58,5.02,Tasas Pasivas Anuales de las Operaciones en Moneda Nacional Realizadas en los Últimos 30 Días Útiles Por Tipo de Depósito al 28/11/2025,2025-11-28
2025-11,B,Alfin,0.9,0.5,3.19,2.08,4.38,3.01,3.39,-,Tasas Pasivas Anuales de las Operaciones en Moneda Nacional Realizadas en los Últimos 30 Días Útiles Por Tipo de Depósito al 28/11/2025,2025-11-28
2025-11,B,ICBC,-,3.86,-,-,-,-,3.86,-,Tasas Pasivas Anuales de las Operaciones en Moneda Nacional Realizadas en los Últimos 30 Días Útiles Por Tipo de Depósito al 28/11/2025,2025-11-28
2025-11,B,Bank of China,-,-,-,-,-,-,-,-,Tasas Pasivas Anuales de las Operaciones en Moneda Nacional Realizadas en los Últimos 30 Días Útiles Por Tipo de Depósito al 28/11/2025,2025-11-28
2025-11,B,BCI,-,4.23,4.48,4.26,4.08,4.51,4.24,-,Tasas Pasivas Anuales de las Operaciones en Moneda Nacional Realizadas en los Últimos 30 Días Útiles Por Tipo de Depósito al 28/11/2025,2025-11-28
2025-11,B,Compartamos,2.01,4.26,4.53,4.24,4.69,4.7,4.51,5.76,Tasas Pasivas Anuales de las Operaciones en Moneda Nacional Realizadas en los Últimos 30 Días Útiles Por Tipo de Depósito al 28/11/2025,2025-11-28
2025-11,B,Santander Cons. Bank,0.51,3.65,4.34,4.43,3.84,3.68,4,5.5,Tasas Pasivas Anuales de las Operaciones en Moneda Nacional Realizadas en los Últimos 30 Días Útiles Por Tipo de Depósito al 28/11/2025,2025-11-28
2025-12,B,BBVA,0.2,3.66,3.53,3.97,4.3,3.65,3.68,1.22,Tasas Pasivas Anuales de las Operaciones en Moneda Nacional Realizadas en los Últimos 30 Días Útiles Por Tipo de Depósito al 31/12/2025,2025-12-31
2025-12,B,Bancom,1.23,0.47,1.51,1.73,3.3,3.65,3.31,5.25,Tasas Pasivas Anuales de las Operaciones en Moneda Nacional Realizadas en los Últimos 30 Días Útiles Por Tipo de Depósito al 31/12/2025,2025-12-31
2025-12,B,Crédito,0.02,3.99,4.06,4.09,3.32,3.78,3.98,1.95,Tasas Pasivas Anuales de las Operaciones en Moneda Nacional Realizadas en los Últimos 30 Días Útiles Por Tipo de Depósito al 31/12/2025,2025-12-31
2025-12,B,Pichincha,3.24,2.82,4.04,4.66,4.62,4.26,3.94,1.18,Tasas Pasivas Anuales de las Operaciones en Moneda Nacional Realizadas en los Últimos 30 Días Útiles Por Tipo de Depósito al 31/12/2025,2025-12-31
2025-12,B,BIF,1.42,3.81,4.32,4.35,4.43,4.4,3.84,2.08,Tasas Pasivas Anuales de las Operaciones en Moneda Nacional Realizadas en los Últimos 30 Días Útiles Por Tipo de Depósito al 31/12/2025,2025-12-31
2025-12,B,Scotiabank,1.15,3.34,4.05,3.76,3.73,3.91,3.44,0.27,Tasas Pasivas Anuales de las Operaciones en Moneda Nacional Realizadas en los Últimos 30 Días Útiles Por Tipo de Depósito al 31/12/2025,2025-12-31
2025-12,B,Citibank,0.03,3.09,3.16,-,-,-,3.09,-,Tasas Pasivas Anuales de las Operaciones en Moneda Nacional Realizadas en los Últimos 30 Días Útiles Por Tipo de Depósito al 31/12/2025,2025-12-31
2025-12,B,Interbank,0.07,4.01,4.16,4.2,4.39,4.06,4.03,2.5,Tasas Pasivas Anuales de las Operaciones en Moneda Nacional Realizadas en los Últimos 30 Días Útiles Por Tipo de Depósito al 31/12/2025,2025-12-31
2025-12,B,Mibanco,0.73,4.31,4.27,3.14,4.26,4.46,4.2,4.31,Tasas Pasivas Anuales de las Operaciones en Moneda Nacional Realizadas en los Últimos 30 Días Útiles Por Tipo de Depósito al 31/12/2025,2025-12-31
2025-12,B,GNB,4.39,4.31,4.33,4.44,4.56,4.5,4.39,3.75,Tasas Pasivas Anuales de las Operaciones en Moneda Nacional Realizadas en los Últimos 30 Días Útiles Por Tipo de Depósito al 31/12/2025,2025-12-31
2025-12,B,Falabella,2.74,4.23,2.38,3.03,3.39,3.52,4.19,5.14,Tasas Pasivas Anuales de las Operaciones en Moneda Nacional Realizadas en los Últimos 30 Días Útiles Por Tipo de Depósito al 31/12/2025,2025-12-31
2025-12,B,Santander,0.01,3.91,4.21,4.27,4.34,4.38,3.97,-,Tasas Pasivas Anuales de las Operaciones en Moneda Nacional Realizadas en los Últimos 30 Días Útiles Por Tipo de Depósito al 31/12/2025,2025-12-31
2025-12,B,Ripley,0.41,-,4.02,4.59,4.69,4.75,3.53,5,Tasas Pasivas Anuales de las Operaciones en Moneda Nacional Realizadas en los Últimos 30 Días Útiles Por Tipo de Depósito al 31/12/2025,2025-12-31
2025-12,B,Alfin,0.57,0.5,4.33,4.34,5.44,4.6,5.06,-,Tasas Pasivas Anuales de las Operaciones en Moneda Nacional Realizadas en los Últimos 30 Días Útiles Por Tipo de Depósito al 31/12/2025,2025-12-31
2025-12,B,ICBC,-,4.05,4.44,-,-,-,4.08,-,Tasas Pasivas Anuales de las Operaciones en Moneda Nacional Realizadas en los Últimos 30 Días Útiles Por Tipo de Depósito al 31/12/2025,2025-12-31
2025-12,B,Bank of China,-,4.1,-,-,-,-,4.1,-,Tasas Pasivas Anuales de las Operaciones en Moneda Nacional Realizadas en los Últimos 30 Días Útiles Por Tipo de Depósito al 31/12/2025,2025-12-31
2025-12,B,BCI,-,4.16,4.48,4.4,4.44,-,4.18,-,Tasas Pasivas Anuales de las Operaciones en Moneda Nacional Realizadas en los Últimos 30 Días Útiles Por Tipo de Depósito al 31/12/2025,2025-12-31
2025-12,B,Compartamos,1.74,2.22,4.36,3.93,4.81,4.74,4.62,5.88,Tasas Pasivas Anuales de las Operaciones en Moneda Nacional Realizadas en los Últimos 30 Días Útiles Por Tipo de Depósito al 31/12/2025,2025-12-31
2025-12,B,Santander Cons. Bank,0.46,4.54,4.42,4.44,4.07,3.61,4.27,5.51,Tasas Pasivas Anuales de las Operaciones en Moneda Nacional Realizadas en los Últimos 30 Días Útiles Por Tipo de Depósito al 31/12/2025,2025-12-31
2023-01,F,Crediscotia,0.03,8.4,8.58,2.2,7.55,5.4,8.32,5.57,Tasas Pasivas Anuales de las Operaciones en Moneda Nacional Realizadas en los Últimos 30 Días Útiles Por Tipo de Depósito al 31/01/2023,2023-01-31
2023-01,F,Compartamos,1.57,8.63,7.83,8.99,8.55,8.7,8.6,5.96,Tasas Pasivas Anuales de las Operaciones en Moneda Nacional Realizadas en los Últimos 30 Días Útiles Por Tipo de Depósito al 31/01/2023,2023-01-31
2023-01,F,Confianza,0.86,8.6,8.5,8.34,8.31,8.26,8.37,5.97,Tasas Pasivas Anuales de las Operaciones en Moneda Nacional Realizadas en los Últimos 30 Días Útiles Por Tipo de Depósito al 31/01/2023,2023-01-31
2023-01,F,Qapaq,6.16,-,4.96,5.74,7.44,7.7,7.36,-,Tasas Pasivas Anuales de las Operaciones en Moneda Nacional Realizadas en los Últimos 30 Días Útiles Por Tipo de Depósito al 31/01/2023,2023-01-31
2023-01,F,Oh!,7,1.85,6.47,6.75,8.23,7.84,7.91,6.5,Tasas Pasivas Anuales de las Operaciones en Moneda Nacional Realizadas en los Últimos 30 Días Útiles Por Tipo de Depósito al 31/01/2023,2023-01-31
2023-01,F,Efectiva,6,2,6.75,-,8.32,8.78,8.65,-,Tasas Pasivas Anuales de las Operaciones en Moneda Nacional Realizadas en los Últimos 30 Días Útiles Por Tipo de Depósito al 31/01/2023,2023-01-31
2023-01,F,Mitsui,-,-,-,-,-,-,-,-,Tasas Pasivas Anuales de las Operaciones en Moneda Nacional Realizadas en los Últimos 30 Días Útiles Por Tipo de Depósito al 31/01/2023,2023-01-31
2023-01,F,Proempresa,0.99,-,1.01,1.81,4.93,8.72,8.57,6.9,Tasas Pasivas Anuales de las Operaciones en Moneda Nacional Realizadas en los Últimos 30 Días Útiles Por Tipo de Depósito al 31/01/2023,2023-01-31
2023-01,F,Credinka,3.19,7.87,5.32,6.96,8.89,8.82,8.34,6.5,Tasas Pasivas Anuales de las Operaciones en Moneda Nacional Realizadas en los Últimos 30 Días Útiles Por Tipo de Depósito al 31/01/2023,2023-01-31
2023-02,F,Crediscotia,0.02,8.37,8.47,8.51,7.68,4.82,8.25,5.68,Tasas Pasivas Anuales de las Operaciones en Moneda Nacional Realizadas en los Últimos 30 Días Útiles Por Tipo de Depósito al 28/02/2023,2023-02-28
2023-02,F,Compartamos,1.8,8.86,8.94,8.82,8.54,8.34,8.81,5.5,Tasas Pasivas Anuales de las Operaciones en Moneda Nacional Realizadas en los Últimos 30 Días Útiles Por Tipo de Depósito al 28/02/2023,2023-02-28
2023-02,F,Confianza,0.91,8.49,8.33,8.06,7.63,8.19,8.25,6.09,Tasas Pasivas Anuales de las Operaciones en Moneda Nacional Realizadas en los Últimos 30 Días Útiles Por Tipo de Depósito al 28/02/2023,2023-02-28
2023-02,F,Qapaq,5.88,-,5.05,5.54,6.99,7.35,7.01,5.79,Tasas Pasivas Anuales de las Operaciones en Moneda Nacional Realizadas en los Últimos 30 Días Útiles Por Tipo de Depósito al 28/02/2023,2023-02-28
2023-02,F,Oh!,7,1.85,6.27,6.75,8.24,8.13,8.04,6.5,Tasas Pasivas Anuales de las Operaciones en Moneda Nacional Realizadas en los Últimos 30 Días Útiles Por Tipo de Depósito al 28/02/2023,2023-02-28
2023-02,F,Efectiva,6,2,3.09,4.75,8.28,8.8,8.53,-,Tasas Pasivas Anuales de las Operaciones en Moneda Nacional Realizadas en los Últimos 30 Días Útiles Por Tipo de Depósito al 28/02/2023,2023-02-28
2023-02,F,Mitsui,-,-,-,-,-,-,-,-,Tasas Pasivas Anuales de las Operaciones en Moneda Nacional Realizadas en los Últimos 30 Días Útiles Por Tipo de Depósito al 28/02/2023,2023-02-28
2023-02,F,Proempresa,0.96,-,1.01,1.7,5.6,8.84,8.69,6.9,Tasas Pasivas Anuales de las Operaciones en Moneda Nacional Realizadas en los Últimos 30 Días Útiles Por Tipo de Depósito al 28/02/2023,2023-02-28
2023-02,F,Credinka,2.23,8.05,5.36,7.09,8.93,8.84,8.55,6.25,Tasas Pasivas Anuales de las Operaciones en Moneda Nacional Realizadas en los Últimos 30 Días Útiles Por Tipo de Depósito al 28/02/2023,2023-02-28
2023-03,F,Crediscotia,0.26,8.27,8.18,7.43,8.11,4.42,8.15,5.68,Tasas Pasivas Anuales de las Operaciones en Moneda Nacional Realizadas en los Últimos 30 Días Útiles Por Tipo de Depósito al 31/03/2023,2023-03-31
2023-03,F,Compartamos,2.46,8.62,8.7,9.01,8.21,8.18,8.63,5.92,Tasas Pasivas Anuales de las Operaciones en Moneda Nacional Realizadas en los Últimos 30 Días Útiles Por Tipo de Depósito al 31/03/2023,2023-03-31
2023-03,F,Confianza,0.91,8.28,8.25,4.5,7.91,8.25,8.2,6.01,Tasas Pasivas Anuales de las Operaciones en Moneda Nacional Realizadas en los Últimos 30 Días Útiles Por Tipo de Depósito al 31/03/2023,2023-03-31
2023-03,F,Qapaq,4.87,-,5.19,5.13,6.84,6.92,6.8,5.79,Tasas Pasivas Anuales de las Operaciones en Moneda Nacional Realizadas en los Últimos 30 Días Útiles Por Tipo de Depósito al 31/03/2023,2023-03-31
2023-03,F,Oh!,7,1.85,5.82,8.65,8.56,8.44,8.64,6.5,Tasas Pasivas Anuales de las Operaciones en Moneda Nacional Realizadas en los Últimos 30 Días Útiles Por Tipo de Depósito al 31/03/2023,2023-03-31
2023-03,F,Efectiva,6,2,6.75,4.42,8.6,8.8,8.68,-,Tasas Pasivas Anuales de las Operaciones en Moneda Nacional Realizadas en los Últimos 30 Días Útiles Por Tipo de Depósito al 31/03/2023,2023-03-31
2023-03,F,Mitsui,-,-,-,-,-,-,-,-,Tasas Pasivas Anuales de las Operaciones en Moneda Nacional Realizadas en los Últimos 30 Días Útiles Por Tipo de Depósito al 31/03/2023,2023-03-31
2023-03,F,Proempresa,0.96,-,1.01,1.5,5.55,8.88,8.68,6.9,Tasas Pasivas Anuales de las Operaciones en Moneda Nacional Realizadas en los Últimos 30 Días Útiles Por Tipo de Depósito al 31/03/2023,2023-03-31
2023-03,F,Credinka,2.02,7.6,4.85,7.4,8.82,8.7,8.23,6.44,Tasas Pasivas Anuales de las Operaciones en Moneda Nacional Realizadas en los Últimos 30 Días Útiles Por Tipo de Depósito al 31/03/2023,2023-03-31
2023-04,F,Crediscotia,0.28,8.17,8.46,8.07,8.33,5.16,8.16,5.68,Tasas Pasivas Anuales de las Operaciones en Moneda Nacional Realizadas en los Últimos 30 Días Útiles Por Tipo de Depósito al 28/04/2023,2023-04-28
2023-04,F,Compartamos,2.23,8.44,8.55,8.5,8.52,8.09,8.45,5.82,Tasas Pasivas Anuales de las Operaciones en Moneda Nacional Realizadas en los Últimos 30 Días Útiles Por Tipo de Depósito al 28/04/2023,2023-04-28
2023-04,F,Confianza,0.9,8.14,8.31,8.17,8,8.35,8.2,5.97,Tasas Pasivas Anuales de las Operaciones en Moneda Nacional Realizadas en los Últimos 30 Días Útiles Por Tipo de Depósito al 28/04/2023,2023-04-28
2023-04,F,Qapaq,4.77,-,4.32,5.09,6.88,6.99,6.73,5.79,Tasas Pasivas Anuales de las Operaciones en Moneda Nacional Realizadas en los Últimos 30 Días Útiles Por Tipo de Depósito al 28/04/2023,2023-04-28
2023-04,F,Oh!,7,8.29,6.27,8.55,8.69,8.68,8.62,6.5,Tasas Pasivas Anuales de las Operaciones en Moneda Nacional Realizadas en los Últimos 30 Días Útiles Por Tipo de Depósito al 28/04/2023,2023-04-28
2023-04,F,Efectiva,6,2,3.29,4.25,8.47,8.8,8.57,-,Tasas Pasivas Anuales de las Operaciones en Moneda Nacional Realizadas en los Últimos 30 Días Útiles Por Tipo de Depósito al 28/04/2023,2023-04-28
2023-04,F,Mitsui,-,-,-,-,-,-,-,-,Tasas Pasivas Anuales de las Operaciones en Moneda Nacional Realizadas en los Últimos 30 Días Útiles Por Tipo de Depósito al 28/04/2023,2023-04-28
2023-04,F,Proempresa,0.98,-,1.01,1.8,6.51,8.88,8.71,6.9,Tasas Pasivas Anuales de las Operaciones en Moneda Nacional Realizadas en los Últimos 30 Días Útiles Por Tipo de Depósito al 28/04/2023,2023-04-28
2023-04,F,Credinka,2.34,7.51,4.92,7.42,8.61,8.54,8.09,6.47,Tasas Pasivas Anuales de las Operaciones en Moneda Nacional Realizadas en los Últimos 30 Días Útiles Por Tipo de Depósito al 28/04/2023,2023-04-28
2023-05,F,Crediscotia,0.01,8.23,8.54,8.59,8.25,4.46,8.15,5.64,Tasas Pasivas Anuales de las Operaciones en Moneda Nacional Realizadas en los Últimos 30 Días Útiles Por Tipo de Depósito al 31/05/2023,2023-05-31
2023-05,F,Compartamos,2.48,8.53,8.4,5.4,8.24,7.42,8.37,5.94,Tasas Pasivas Anuales de las Operaciones en Moneda Nacional Realizadas en los Últimos 30 Días Útiles Por Tipo de Depósito al 31/05/2023,2023-05-31
2023-05,F,Confianza,0.88,8,8.33,8.19,8.09,8.43,8.22,6.34,Tasas Pasivas Anuales de las Operaciones en Moneda Nacional Realizadas en los Últimos 30 Días Útiles Por Tipo de Depósito al 31/05/2023,2023-05-31
2023-05,F,Qapaq,5.17,-,4.16,6.76,7.14,7.36,7.07,5.79,Tasas Pasivas Anuales de las Operaciones en Moneda Nacional Realizadas en los Últimos 30 Días Útiles Por Tipo de Depósito al 31/05/2023,2023-05-31
2023-05,F,Oh!,7,8.49,5.89,6.75,8.39,7.89,8.34,6.5,Tasas Pasivas Anuales de las Operaciones en Moneda Nacional Realizadas en los Últimos 30 Días Útiles Por Tipo de Depósito al 31/05/2023,2023-05-31
2023-05,F,Efectiva,6.49,2,6.97,-,8.68,8.84,8.75,-,Tasas Pasivas Anuales de las Operaciones en Moneda Nacional Realizadas en los Últimos 30 Días Útiles Por Tipo de Depósito al 31/05/2023,2023-05-31
2023-05,F,Mitsui,-,-,-,-,-,-,-,-,Tasas Pasivas Anuales de las Operaciones en Moneda Nacional Realizadas en los Últimos 30 Días Útiles Por Tipo de Depósito al 31/05/2023,2023-05-31
2023-05,F,Proempresa,0.97,-,1.01,1.58,5,8.67,8.28,6.9,Tasas Pasivas Anuales de las Operaciones en Moneda Nacional Realizadas en los Últimos 30 Días Útiles Por Tipo de Depósito al 31/05/2023,2023-05-31
2023-05,F,Credinka,2.7,7,5.06,7.78,8.33,8.18,8.11,6.25,Tasas Pasivas Anuales de las Operaciones en Moneda Nacional Realizadas en los Últimos 30 Días Útiles Por Tipo de Depósito al 31/05/2023,2023-05-31
2023-06,F,Crediscotia,0.02,8.42,8.57,7.7,8.13,4.39,8.28,5.7,Tasas Pasivas Anuales de las Operaciones en Moneda Nacional Realizadas en los Últimos 30 Días Útiles Por Tipo de Depósito al 30/06/2023,2023-06-30
2023-06,F,Compartamos,2.02,8.72,8.57,8.12,8.46,8.06,8.57,5.67,Tasas Pasivas Anuales de las Operaciones en Moneda Nacional Realizadas en los Últimos 30 Días Útiles Por Tipo de Depósito al 30/06/2023,2023-06-30
2023-06,F,Confianza,0.88,7.97,8.3,5.75,8.36,8.51,8.28,6.02,Tasas Pasivas Anuales de las Operaciones en Moneda Nacional Realizadas en los Últimos 30 Días Útiles Por Tipo de Depósito al 30/06/2023,2023-06-30
2023-06,F,Qapaq,4.93,-,4.97,6.74,7.58,7.39,7.43,5.79,Tasas Pasivas Anuales de las Operaciones en Moneda Nacional Realizadas en los Últimos 30 Días Útiles Por Tipo de Depósito al 30/06/2023,2023-06-30
2023-06,F,Oh!,7,8.5,5.75,8.18,8.63,8.66,8.55,6.5,Tasas Pasivas Anuales de las Operaciones en Moneda Nacional Realizadas en los Últimos 30 Días Útiles Por Tipo de Depósito al 30/06/2023,2023-06-30
2023-06,F,Efectiva,7,2,2.2,-,8.66,8.77,8.65,-,Tasas Pasivas Anuales de las Operaciones en Moneda Nacional Realizadas en los Últimos 30 Días Útiles Por Tipo de Depósito al 30/06/2023,2023-06-30
2023-06,F,Mitsui,-,-,-,-,-,-,-,-,Tasas Pasivas Anuales de las Operaciones en Moneda Nacional Realizadas en los Últimos 30 Días Útiles Por Tipo de Depósito al 30/06/2023,2023-06-30
2023-06,F,Proempresa,0.89,-,1.01,1.5,4.95,8.68,8.27,6.9,Tasas Pasivas Anuales de las Operaciones en Moneda Nacional Realizadas en los Últimos 30 Días Útiles Por Tipo de Depósito al 30/06/2023,2023-06-30
2023-06,F,Credinka,2.66,6.27,6.55,7.93,8.23,7.93,7.98,6.25,Tasas Pasivas Anuales de las Operaciones en Moneda Nacional Realizadas en los Últimos 30 Días Útiles Por Tipo de Depósito al 30/06/2023,2023-06-30
2023-07,F,Crediscotia,0.01,8.24,8.5,8.14,7.5,4.35,8.04,5.69,Tasas Pasivas Anuales de las Operaciones en Moneda Nacional Realizadas en los Últimos 30 Días Útiles Por Tipo de Depósito al 31/07/2023,2023-07-31
2023-07,F,Compartamos,1.58,8.76,8.64,8.56,8.47,7.7,8.6,5.72,Tasas Pasivas Anuales de las Operaciones en Moneda Nacional Realizadas en los Últimos 30 Días Útiles Por Tipo de Depósito al 31/07/2023,2023-07-31
2023-07,F,Confianza,0.87,7.97,7.77,6.88,8.48,8.64,8.3,5.71,Tasas Pasivas Anuales de las Operaciones en Moneda Nacional Realizadas en los Últimos 30 Días Útiles Por Tipo de Depósito al 31/07/2023,2023-07-31
2023-07,F,Qapaq,4.98,-,5.17,8.12,8.02,7.67,7.91,-,Tasas Pasivas Anuales de las Operaciones en Moneda Nacional Realizadas en los Últimos 30 Días Útiles Por Tipo de Depósito al 31/07/2023,2023-07-31
2023-07,F,Oh!,7,1.85,6.63,8.24,8.78,8.73,8.67,6.5,Tasas Pasivas Anuales de las Operaciones en Moneda Nacional Realizadas en los Últimos 30 Días Útiles Por Tipo de Depósito al 31/07/2023,2023-07-31
2023-07,F,Efectiva,7,2,7.64,8,8.8,8.58,8.66,-,Tasas Pasivas Anuales de las Operaciones en Moneda Nacional Realizadas en los Últimos 30 Días Útiles Por Tipo de Depósito al 31/07/2023,2023-07-31
2023-07,F,Mitsui,-,-,-,-,-,-,-,-,Tasas Pasivas Anuales de las Operaciones en Moneda Nacional Realizadas en los Últimos 30 Días Útiles Por Tipo de Depósito al 31/07/2023,2023-07-31
2023-07,F,Proempresa,0.83,-,1.01,1.85,5.59,8.67,8.47,6.9,Tasas Pasivas Anuales de las Operaciones en Moneda Nacional Realizadas en los Últimos 30 Días Útiles Por Tipo de Depósito al 31/07/2023,2023-07-31
2023-07,F,Credinka,3.07,5.82,6.37,7.9,8.04,7.72,7.82,6.43,Tasas Pasivas Anuales de las Operaciones en Moneda Nacional Realizadas en los Últimos 30 Días Útiles Por Tipo de Depósito al 31/07/2023,2023-07-31
2023-08,F,Crediscotia,0.09,8.15,8.24,8.3,7.29,3.96,7.73,5.68,Tasas Pasivas Anuales de las Operaciones en Moneda Nacional Realizadas en los Últimos 30 Días Útiles Por Tipo de Depósito al 31/08/2023,2023-08-31
2023-08,F,Compartamos,1.4,8.5,8.47,8.77,7.86,7.8,8.4,5.99,Tasas Pasivas Anuales de las Operaciones en Moneda Nacional Realizadas en los Últimos 30 Días Útiles Por Tipo de Depósito al 31/08/2023,2023-08-31
2023-08,F,Confianza,0.87,8.02,8.32,7.06,8.47,8.58,8.38,5.96,Tasas Pasivas Anuales de las Operaciones en Moneda Nacional Realizadas en los Últimos 30 Días Útiles Por Tipo de Depósito al 31/08/2023,2023-08-31
2023-08,F,Qapaq,5.33,-,4.45,7.39,8.2,7.54,7.97,5.79,Tasas Pasivas Anuales de las Operaciones en Moneda Nacional Realizadas en los Últimos 30 Días Útiles Por Tipo de Depósito al 31/08/2023,2023-08-31
2023-08,F,Oh!,7,8.17,6.19,8.08,8.55,8.41,8.34,6.5,Tasas Pasivas Anuales de las Operaciones en Moneda Nacional Realizadas en los Últimos 30 Días Útiles Por Tipo de Depósito al 31/08/2023,2023-08-31
2023-08,F,Efectiva,7,2,7.9,8,8.39,8.25,8.33,-,Tasas Pasivas Anuales de las Operaciones en Moneda Nacional Realizadas en los Últimos 30 Días Útiles Por Tipo de Depósito al 31/08/2023,2023-08-31
2023-08,F,Mitsui,-,-,-,-,-,-,-,-,Tasas Pasivas Anuales de las Operaciones en Moneda Nacional Realizadas en los Últimos 30 Días Útiles Por Tipo de Depósito al 31/08/2023,2023-08-31
2023-08,F,Proempresa,0.9,-,1.01,1.57,5.99,8.99,8.94,6.9,Tasas Pasivas Anuales de las Operaciones en Moneda Nacional Realizadas en los Últimos 30 Días Útiles Por Tipo de Depósito al 31/08/2023,2023-08-31
2023-08,F,Credinka,3.63,-,4.81,7.88,7.76,7.44,7.7,6.25,Tasas Pasivas Anuales de las Operaciones en Moneda Nacional Realizadas en los Últimos 30 Días Útiles Por Tipo de Depósito al 31/08/2023,2023-08-31
2023-09,F,Crediscotia,0.09,8.02,8.13,7.74,6.67,4.5,7.59,5.68,Tasas Pasivas Anuales de las Operaciones en Moneda Nacional Realizadas en los Últimos 30 Días Útiles Por Tipo de Depósito al 29/09/2023,2023-09-29
2023-09,F,Compartamos,1.21,8.19,8.33,8.56,7.77,7.77,8.16,6.28,Tasas Pasivas Anuales de las Operaciones en Moneda Nacional Realizadas en los Últimos 30 Días Útiles Por Tipo de Depósito al 29/09/2023,2023-09-29
2023-09,F,Confianza,0.87,8.24,7.91,6.74,8.38,8.33,8.26,5.84,Tasas Pasivas Anuales de las Operaciones en Moneda Nacional Realizadas en los Últimos 30 Días Útiles Por Tipo de Depósito al 29/09/2023,2023-09-29
2023-09,F,Qapaq,4.25,-,4.75,7.69,8.22,7.59,8.03,5.79,Tasas Pasivas Anuales de las Operaciones en Moneda Nacional Realizadas en los Últimos 30 Días Útiles Por Tipo de Depósito al 29/09/2023,2023-09-29
2023-09,F,Oh!,7,1.85,6.63,6.75,8.11,8.24,8.28,6.5,Tasas Pasivas Anuales de las Operaciones en Moneda Nacional Realizadas en los Últimos 30 Días Útiles Por Tipo de Depósito al 29/09/2023,2023-09-29
2023-09,F,Efectiva,7,2,7.9,8,8.75,7.85,8.45,-,Tasas Pasivas Anuales de las Operaciones en Moneda Nacional Realizadas en los Últimos 30 Días Útiles Por Tipo de Depósito al 29/09/2023,2023-09-29
2023-09,F,Mitsui,-,-,-,-,-,-,-,-,Tasas Pasivas Anuales de las Operaciones en Moneda Nacional Realizadas en los Últimos 30 Días Útiles Por Tipo de Depósito al 29/09/2023,2023-09-29
2023-09,F,Proempresa,0.95,-,1.01,4.7,5.74,8.94,8.9,6.9,Tasas Pasivas Anuales de las Operaciones en Moneda Nacional Realizadas en los Últimos 30 Días Útiles Por Tipo de Depósito al 29/09/2023,2023-09-29
2023-09,F,Credinka,3.23,7.89,5.31,8.17,8.56,8.17,8.21,6.25,Tasas Pasivas Anuales de las Operaciones en Moneda Nacional Realizadas en los Últimos 30 Días Útiles Por Tipo de Depósito al 29/09/2023,2023-09-29
2023-10,F,Crediscotia,0.21,7.73,7.68,7.81,6.28,4.29,7.54,5.5,Tasas Pasivas Anuales de las Operaciones en Moneda Nacional Realizadas en los Últimos 30 Días Útiles Por Tipo de Depósito al 31/10/2023,2023-10-31
2023-10,F,Compartamos,1.14,7.77,8.07,7.97,7.05,7.21,7.75,6.12,Tasas Pasivas Anuales de las Operaciones en Moneda Nacional Realizadas en los Últimos 30 Días Útiles Por Tipo de Depósito al 31/10/2023,2023-10-31
2023-10,F,Confianza,0.86,7.18,7.78,8.28,8.33,8.57,8.24,6.43,Tasas Pasivas Anuales de las Operaciones en Moneda Nacional Realizadas en los Últimos 30 Días Útiles Por Tipo de Depósito al 31/10/2023,2023-10-31
2023-10,F,Qapaq,6.44,5.75,5.13,7.84,8.25,7.49,7.92,5.79,Tasas Pasivas Anuales de las Operaciones en Moneda Nacional Realizadas en los Últimos 30 Días Útiles Por Tipo de Depósito al 31/10/2023,2023-10-31
2023-10,F,Oh!,7,1.85,6.75,6.75,8.12,8.22,8.07,6.5,Tasas Pasivas Anuales de las Operaciones en Moneda Nacional Realizadas en los Últimos 30 Días Útiles Por Tipo de Depósito al 31/10/2023,2023-10-31
2023-10,F,Efectiva,7,2,7.9,8,8.84,7.82,8.59,-,Tasas Pasivas Anuales de las Operaciones en Moneda Nacional Realizadas en los Últimos 30 Días Útiles Por Tipo de Depósito al 31/10/2023,2023-10-31
2023-10,F,Mitsui,-,-,-,-,-,-,-,-,Tasas Pasivas Anuales de las Operaciones en Moneda Nacional Realizadas en los Últimos 30 Días Útiles Por Tipo de Depósito al 31/10/2023,2023-10-31
2023-10,F,Proempresa,0.92,-,6.46,5.51,5.38,8.76,8.72,6.9,Tasas Pasivas Anuales de las Operaciones en Moneda Nacional Realizadas en los Últimos 30 Días Útiles Por Tipo de Depósito al 31/10/2023,2023-10-31
2023-10,F,Credinka,3.01,7.78,5.47,8.07,8.44,7.78,8.06,6.69,Tasas Pasivas Anuales de las Operaciones en Moneda Nacional Realizadas en los Últimos 30 Días Útiles Por Tipo de Depósito al 31/10/2023,2023-10-31
2023-11,F,Crediscotia,1.35,7.64,7.51,7.33,6.07,3.51,7.48,5.69,Tasas Pasivas Anuales de las Operaciones en Moneda Nacional Realizadas en los Últimos 30 Días Útiles Por Tipo de Depósito al 30/11/2023,2023-11-30
2023-11,F,Compartamos,0.71,7.58,7.8,7.45,7.14,6.85,7.48,5.69,Tasas Pasivas Anuales de las Operaciones en Moneda Nacional Realizadas en los Últimos 30 Días Útiles Por Tipo de Depósito al 30/11/2023,2023-11-30
2023-11,F,Confianza,0.85,7.18,7.8,8.29,8.28,8.5,8.26,6.39,Tasas Pasivas Anuales de las Operaciones en Moneda Nacional Realizadas en los Últimos 30 Días Útiles Por Tipo de Depósito al 30/11/2023,2023-11-30
2023-11,F,Qapaq,5.52,5.75,4.73,7.76,8.23,7.48,7.89,5.79,Tasas Pasivas Anuales de las Operaciones en Moneda Nacional Realizadas en los Últimos 30 Días Útiles Por Tipo de Depósito al 30/11/2023,2023-11-30
2023-11,F,Oh!,7,7.76,5.95,7.94,8.11,8.07,7.96,6.5,Tasas Pasivas Anuales de las Operaciones en Moneda Nacional Realizadas en los Últimos 30 Días Útiles Por Tipo de Depósito al 30/11/2023,2023-11-30
2023-11,F,Efectiva,7,2,7.9,8,8.61,7.74,8.32,-,Tasas Pasivas Anuales de las Operaciones en Moneda Nacional Realizadas en los Últimos 30 Días Útiles Por Tipo de Depósito al 30/11/2023,2023-11-30
2023-11,F,Mitsui,-,-,-,-,-,-,-,-,Tasas Pasivas Anuales de las Operaciones en Moneda Nacional Realizadas en los Últimos 30 Días Útiles Por Tipo de Depósito al 30/11/2023,2023-11-30
2023-11,F,Proempresa,0.93,-,6.89,4.86,7.4,8.83,8.78,6.9,Tasas Pasivas Anuales de las Operaciones en Moneda Nacional Realizadas en los Últimos 30 Días Útiles Por Tipo de Depósito al 30/11/2023,2023-11-30
2023-11,F,Credinka,3.23,-,7.12,7.57,8.09,7.37,7.67,6.26,Tasas Pasivas Anuales de las Operaciones en Moneda Nacional Realizadas en los Últimos 30 Días Útiles Por Tipo de Depósito al 30/11/2023,2023-11-30
2023-12,F,Crediscotia,0.24,7.39,7.21,6.96,6.12,3.68,7.17,5.69,Tasas Pasivas Anuales de las Operaciones en Moneda Nacional Realizadas en los Últimos 30 Días Útiles Por Tipo de Depósito al 29/12/2023,2023-12-29
2023-12,F,Compartamos,0.63,7.47,7.29,7.17,7.13,6.47,7.34,5.57,Tasas Pasivas Anuales de las Operaciones en Moneda Nacional Realizadas en los Últimos 30 Días Útiles Por Tipo de Depósito al 29/12/2023,2023-12-29
2023-12,F,Confianza,0.84,6.78,7.13,8.35,8.3,7.86,7.97,6.08,Tasas Pasivas Anuales de las Operaciones en Moneda Nacional Realizadas en los Últimos 30 Días Útiles Por Tipo de Depósito al 29/12/2023,2023-12-29
2023-12,F,Qapaq,6.29,-,4.8,7.94,8.26,7.39,7.99,5.79,Tasas Pasivas Anuales de las Operaciones en Moneda Nacional Realizadas en los Últimos 30 Días Útiles Por Tipo de Depósito al 29/12/2023,2023-12-29
2023-12,F,Oh!,7,1.85,6.75,7.98,7.95,7.69,7.94,6.5,Tasas Pasivas Anuales de las Operaciones en Moneda Nacional Realizadas en los Últimos 30 Días Útiles Por Tipo de Depósito al 29/12/2023,2023-12-29
2023-12,F,Efectiva,7,2,7.9,8,8.5,7.92,8.26,-,Tasas Pasivas Anuales de las Operaciones en Moneda Nacional Realizadas en los Últimos 30 Días Útiles Por Tipo de Depósito al 29/12/2023,2023-12-29
2023-12,F,Mitsui,-,-,-,-,-,-,-,-,Tasas Pasivas Anuales de las Operaciones en Moneda Nacional Realizadas en los Últimos 30 Días Útiles Por Tipo de Depósito al 29/12/2023,2023-12-29
2023-12,F,Proempresa,0.94,-,1.01,1.77,7.99,8.73,8.68,6.9,Tasas Pasivas Anuales de las Operaciones en Moneda Nacional Realizadas en los Últimos 30 Días Útiles Por Tipo de Depósito al 29/12/2023,2023-12-29
2023-12,F,Credinka,3.67,9,8.1,7.7,8.14,7.8,7.92,6.25,Tasas Pasivas Anuales de las Operaciones en Moneda Nacional Realizadas en los Últimos 30 Días Útiles Por Tipo de Depósito al 29/12/2023,2023-12-29
2024-01,F,Crediscotia,0.17,6.92,6.8,6.78,5.64,3.68,6.75,5.53,Tasas Pasivas Anuales de las Operaciones en Moneda Nacional Realizadas en los Últimos 30 Días Útiles Por Tipo de Depósito al 31/01/2024,2024-01-31
2024-01,F,Compartamos,0.84,7,6.89,7.2,6.87,6.43,6.97,6.5,Tasas Pasivas Anuales de las Operaciones en Moneda Nacional Realizadas en los Últimos 30 Días Útiles Por Tipo de Depósito al 31/01/2024,2024-01-31
2024-01,F,Confianza,0.82,6.53,6.76,8,8.1,7.09,7.43,5.88,Tasas Pasivas Anuales de las Operaciones en Moneda Nacional Realizadas en los Últimos 30 Días Útiles Por Tipo de Depósito al 31/01/2024,2024-01-31
2024-01,F,Qapaq,6.33,-,5.15,7.44,7.71,7.26,7.46,5.79,Tasas Pasivas Anuales de las Operaciones en Moneda Nacional Realizadas en los Últimos 30 Días Útiles Por Tipo de Depósito al 31/01/2024,2024-01-31
2024-01,F,Oh!,7,1.85,6.65,7.93,7.92,7.59,7.88,6.5,Tasas Pasivas Anuales de las Operaciones en Moneda Nacional Realizadas en los Últimos 30 Días Útiles Por Tipo de Depósito al 31/01/2024,2024-01-31
2024-01,F,Efectiva,7,2,7.36,7.96,8.2,7.79,8.04,-,Tasas Pasivas Anuales de las Operaciones en Moneda Nacional Realizadas en los Últimos 30 Días Útiles Por Tipo de Depósito al 31/01/2024,2024-01-31
2024-01,F,Mitsui,-,-,-,-,-,-,-,-,Tasas Pasivas Anuales de las Operaciones en Moneda Nacional Realizadas en los Últimos 30 Días Útiles Por Tipo de Depósito al 31/01/2024,2024-01-31
2024-01,F,Proempresa,0.92,-,1.19,1.49,5.19,8.35,8.25,6.9,Tasas Pasivas Anuales de las Operaciones en Moneda Nacional Realizadas en los Últimos 30 Días Útiles Por Tipo de Depósito al 31/01/2024,2024-01-31
2024-01,F,Credinka,3.83,9,6.64,7.42,7.24,7.08,7.24,6.25,Tasas Pasivas Anuales de las Operaciones en Moneda Nacional Realizadas en los Últimos 30 Días Útiles Por Tipo de Depósito al 31/01/2024,2024-01-31
2024-02,F,Crediscotia,0.08,6.57,6.48,6.17,5.72,3.33,6.39,-,Tasas Pasivas Anuales de las Operaciones en Moneda Nacional Realizadas en los Últimos 30 Días Útiles Por Tipo de Depósito al 29/02/2024,2024-02-29
2024-02,F,Compartamos,1.03,6.56,6.35,6.44,6.83,6.42,6.55,6.41,Tasas Pasivas Anuales de las Operaciones en Moneda Nacional Realizadas en los Últimos 30 Días Útiles Por Tipo de Depósito al 29/02/2024,2024-02-29
2024-02,F,Confianza,0.87,6.28,6.97,7.69,7.78,6.82,7.21,5.84,Tasas Pasivas Anuales de las Operaciones en Moneda Nacional Realizadas en los Últimos 30 Días Útiles Por Tipo de Depósito al 29/02/2024,2024-02-29
2024-02,F,Qapaq,5.94,-,4.96,6.75,6.83,6.81,6.8,5.79,Tasas Pasivas Anuales de las Operaciones en Moneda Nacional Realizadas en los Últimos 30 Días Útiles Por Tipo de Depósito al 29/02/2024,2024-02-29
2024-02,F,Oh!,7,1.85,7.07,7.44,7.51,6.96,7.39,6.5,Tasas Pasivas Anuales de las Operaciones en Moneda Nacional Realizadas en los Últimos 30 Días Útiles Por Tipo de Depósito al 29/02/2024,2024-02-29
2024-02,F,Efectiva,7,2,7.34,7.69,7.63,7.41,7.53,-,Tasas Pasivas Anuales de las Operaciones en Moneda Nacional Realizadas en los Últimos 30 Días Útiles Por Tipo de Depósito al 29/02/2024,2024-02-29
2024-02,F,Mitsui,-,-,-,-,-,-,-,-,Tasas Pasivas Anuales de las Operaciones en Moneda Nacional Realizadas en los Últimos 30 Días Útiles Por Tipo de Depósito al 29/02/2024,2024-02-29
2024-02,F,Proempresa,0.92,-,1.01,1.55,4.96,7.76,7.7,6.9,Tasas Pasivas Anuales de las Operaciones en Moneda Nacional Realizadas en los Últimos 30 Días Útiles Por Tipo de Depósito al 29/02/2024,2024-02-29
2024-02,F,Credinka,4.01,1,6.06,7.01,7.1,7.09,7.01,6.25,Tasas Pasivas Anuales de las Operaciones en Moneda Nacional Realizadas en los Últimos 30 Días Útiles Por Tipo de Depósito al 29/02/2024,2024-02-29
2024-03,F,Crediscotia,0.77,5.91,6.08,5.39,5.06,3.31,5.69,-,Tasas Pasivas Anuales de las Operaciones en Moneda Nacional Realizadas en los Últimos 30 Días Útiles Por Tipo de Depósito al 27/03/2024,2024-03-27
2024-03,F,Compartamos,1.1,6.2,6.27,6.32,6.58,6.53,6.24,5.75,Tasas Pasivas Anuales de las Operaciones en Moneda Nacional Realizadas en los Últimos 30 Días Útiles Por Tipo de Depósito al 27/03/2024,2024-03-27
2024-03,F,Confianza,0.88,6.09,7.15,7.31,7.51,7.18,7.29,5.58,Tasas Pasivas Anuales de las Operaciones en Moneda Nacional Realizadas en los Últimos 30 Días Útiles Por Tipo de Depósito al 27/03/2024,2024-03-27
2024-03,F,Qapaq,5.12,-,4.92,6.24,6.16,6.35,6.25,-,Tasas Pasivas Anuales de las Operaciones en Moneda Nacional Realizadas en los Últimos 30 Días Útiles Por Tipo de Depósito al 27/03/2024,2024-03-27
2024-03,F,Oh!,7,1.85,6.67,6.98,6.63,6.93,6.82,6.5,Tasas Pasivas Anuales de las Operaciones en Moneda Nacional Realizadas en los Últimos 30 Días Útiles Por Tipo de Depósito al 27/03/2024,2024-03-27
2024-03,F,Efectiva,7,2,7.31,7.42,7.53,7.2,7.41,-,Tasas Pasivas Anuales de las Operaciones en Moneda Nacional Realizadas en los Últimos 30 Días Útiles Por Tipo de Depósito al 27/03/2024,2024-03-27
2024-03,F,Mitsui,-,-,-,-,-,-,-,-,Tasas Pasivas Anuales de las Operaciones en Moneda Nacional Realizadas en los Últimos 30 Días Útiles Por Tipo de Depósito al 27/03/2024,2024-03-27
2024-03,F,Proempresa,0.94,-,1.01,1.78,4.87,7.79,7.68,6.9,Tasas Pasivas Anuales de las Operaciones en Moneda Nacional Realizadas en los Últimos 30 Días Útiles Por Tipo de Depósito al 27/03/2024,2024-03-27
2024-03,F,Credinka,3.95,1,4.21,6.39,7.19,7.19,7.04,-,Tasas Pasivas Anuales de las Operaciones en Moneda Nacional Realizadas en los Últimos 30 Días Útiles Por Tipo de Depósito al 27/03/2024,2024-03-27
2024-04,F,Crediscotia,0.81,6.01,5.79,4.77,4.4,3.26,5.81,5.68,Tasas Pasivas Anuales de las Operaciones en Moneda Nacional Realizadas en los Últimos 30 Días Útiles Por Tipo de Depósito al 30/04/2024,2024-04-30
2024-04,F,Compartamos,1.03,6.05,6.29,6.05,6.33,6.1,6.13,5.67,Tasas Pasivas Anuales de las Operaciones en Moneda Nacional Realizadas en los Últimos 30 Días Útiles Por Tipo de Depósito al 30/04/2024,2024-04-30
2024-04,F,Confianza,0.97,4.92,6.31,7.11,7.38,7.41,7.1,5.99,Tasas Pasivas Anuales de las Operaciones en Moneda Nacional Realizadas en los Últimos 30 Días Útiles Por Tipo de Depósito al 30/04/2024,2024-04-30
2024-04,F,Qapaq,5.1,-,4.77,5.64,6.06,5.5,5.73,5.79,Tasas Pasivas Anuales de las Operaciones en Moneda Nacional Realizadas en los Últimos 30 Días Útiles Por Tipo de Depósito al 30/04/2024,2024-04-30
2024-04,F,Oh!,7,1.85,6.35,6.37,6.14,5.94,6.3,6.5,Tasas Pasivas Anuales de las Operaciones en Moneda Nacional Realizadas en los Últimos 30 Días Útiles Por Tipo de Depósito al 30/04/2024,2024-04-30
2024-04,F,Efectiva,7,-,7.2,7.44,7.33,7.21,7.29,-,Tasas Pasivas Anuales de las Operaciones en Moneda Nacional Realizadas en los Últimos 30 Días Útiles Por Tipo de Depósito al 30/04/2024,2024-04-30
2024-04,F,Mitsui,-,-,-,-,-,-,-,-,Tasas Pasivas Anuales de las Operaciones en Moneda Nacional Realizadas en los Últimos 30 Días Útiles Por Tipo de Depósito al 30/04/2024,2024-04-30
2024-04,F,Proempresa,0.93,-,1.01,1.81,5.2,7.64,7.52,6.9,Tasas Pasivas Anuales de las Operaciones en Moneda Nacional Realizadas en los Últimos 30 Días Útiles Por Tipo de Depósito al 30/04/2024,2024-04-30
2024-04,F,Credinka,3.92,-,4.37,6.26,7.12,7.1,6.97,-,Tasas Pasivas Anuales de las Operaciones en Moneda Nacional Realizadas en los Últimos 30 Días Útiles Por Tipo de Depósito al 30/04/2024,2024-04-30
2024-04,F,Surgir,0.1,-,7.17,8.19,8.59,8.5,8.48,-,Tasas Pasivas Anuales de las Operaciones en Moneda Nacional Realizadas en los Últimos 30 Días Útiles Por Tipo de Depósito al 30/04/2024,2024-04-30
2024-05,F,Crediscotia,0.7,5.86,5.85,5.49,4.61,3.26,5.67,5.69,Tasas Pasivas Anuales de las Operaciones en Moneda Nacional Realizadas en los Últimos 30 Días Útiles Por Tipo de Depósito al 31/05/2024,2024-05-31
2024-05,F,Compartamos,1.18,5.92,6.22,5.74,6.21,4.99,5.9,5.68,Tasas Pasivas Anuales de las Operaciones en Moneda Nacional Realizadas en los Últimos 30 Días Útiles Por Tipo de Depósito al 31/05/2024,2024-05-31
2024-05,F,Confianza,1.13,5.75,6.08,7.05,7.19,7.35,6.92,6.39,Tasas Pasivas Anuales de las Operaciones en Moneda Nacional Realizadas en los Últimos 30 Días Útiles Por Tipo de Depósito al 31/05/2024,2024-05-31
2024-05,F,Qapaq,4.7,-,3.96,4.4,4.85,4.72,4.73,5.79,Tasas Pasivas Anuales de las Operaciones en Moneda Nacional Realizadas en los Últimos 30 Días Útiles Por Tipo de Depósito al 31/05/2024,2024-05-31
2024-05,F,Oh!,7,1.85,6.08,6.13,5.96,5.96,6.06,6.5,Tasas Pasivas Anuales de las Operaciones en Moneda Nacional Realizadas en los Últimos 30 Días Útiles Por Tipo de Depósito al 31/05/2024,2024-05-31
2024-05,F,Efectiva,7,-,6.98,7.08,7.15,7.07,7.11,-,Tasas Pasivas Anuales de las Operaciones en Moneda Nacional Realizadas en los Últimos 30 Días Útiles Por Tipo de Depósito al 31/05/2024,2024-05-31
2024-05,F,Mitsui,-,-,-,-,-,-,-,-,Tasas Pasivas Anuales de las Operaciones en Moneda Nacional Realizadas en los Últimos 30 Días Útiles Por Tipo de Depósito al 31/05/2024,2024-05-31
2024-05,F,Proempresa,s.i.,s.i.,s.i.,s.i.,s.i.,s.i.,s.i.,s.i.,Tasas Pasivas Anuales de las Operaciones en Moneda Nacional Realizadas en los Últimos 30 Días Útiles Por Tipo de Depósito al 31/05/2024,2024-05-31
2024-05,F,Credinka,3.45,-,5.55,6.4,6.93,6.97,6.77,6.38,Tasas Pasivas Anuales de las Operaciones en Moneda Nacional Realizadas en los Últimos 30 Días Útiles Por Tipo de Depósito al 31/05/2024,2024-05-31
2024-05,F,Surgir,-,-,7.17,7.89,8.18,8.3,8.19,-,Tasas Pasivas Anuales de las Operaciones en Moneda Nacional Realizadas en los Últimos 30 Días Útiles Por Tipo de Depósito al 31/05/2024,2024-05-31
2024-06,F,Crediscotia,0.35,5.68,5.69,5.32,4.93,3.15,5.45,5.7,Tasas Pasivas Anuales de las Operaciones en Moneda Nacional Realizadas en los Últimos 30 Días Útiles Por Tipo de Depósito al 28/06/2024,2024-06-28
2024-06,F,Compartamos,1.26,5.51,5.77,5.62,6.17,5.04,5.67,5.5,Tasas Pasivas Anuales de las Operaciones en Moneda Nacional Realizadas en los Últimos 30 Días Útiles Por Tipo de Depósito al 28/06/2024,2024-06-28
2024-06,F,Confianza,1.17,5.64,5.94,6.79,6.95,6.74,6.55,6.09,Tasas Pasivas Anuales de las Operaciones en Moneda Nacional Realizadas en los Últimos 30 Días Útiles Por Tipo de Depósito al 28/06/2024,2024-06-28
2024-06,F,Qapaq,5.2,-,3.5,4.25,4.46,4.18,4.3,5.79,Tasas Pasivas Anuales de las Operaciones en Moneda Nacional Realizadas en los Últimos 30 Días Útiles Por Tipo de Depósito al 28/06/2024,2024-06-28
2024-06,F,Oh!,7,1.85,6,6,5.88,5.8,5.95,6.5,Tasas Pasivas Anuales de las Operaciones en Moneda Nacional Realizadas en los Últimos 30 Días Útiles Por Tipo de Depósito al 28/06/2024,2024-06-28
2024-06,F,Efectiva,7,-,6.25,6.56,6.78,6.64,6.69,-,Tasas Pasivas Anuales de las Operaciones en Moneda Nacional Realizadas en los Últimos 30 Días Útiles Por Tipo de Depósito al 28/06/2024,2024-06-28
2024-06,F,Mitsui,-,-,-,-,-,-,-,-,Tasas Pasivas Anuales de las Operaciones en Moneda Nacional Realizadas en los Últimos 30 Días Útiles Por Tipo de Depósito al 28/06/2024,2024-06-28
2024-06,F,Proempresa,0.97,-,1.01,1.82,5.36,7.08,6.82,6.9,Tasas Pasivas Anuales de las Operaciones en Moneda Nacional Realizadas en los Últimos 30 Días Útiles Por Tipo de Depósito al 28/06/2024,2024-06-28
2024-06,F,Credinka,3.48,-,3.1,6.25,6.53,6.67,6.49,6.25,Tasas Pasivas Anuales de las Operaciones en Moneda Nacional Realizadas en los Últimos 30 Días Útiles Por Tipo de Depósito al 28/06/2024,2024-06-28
2024-06,F,Surgir,-,6.4,7.1,7.64,7.72,7.67,7.71,-,Tasas Pasivas Anuales de las Operaciones en Moneda Nacional Realizadas en los Últimos 30 Días Útiles Por Tipo de Depósito al 28/06/2024,2024-06-28
2024-07,F,Crediscotia,0.3,5.36,5.23,4.3,4.75,3.46,4.95,5.69,Tasas Pasivas Anuales de las Operaciones en Moneda Nacional Realizadas en los Últimos 30 Días Útiles Por Tipo de Depósito al 31/07/2024,2024-07-31
2024-07,F,Compartamos,1.37,5.23,5.7,5.47,5.92,4.26,5.4,5.71,Tasas Pasivas Anuales de las Operaciones en Moneda Nacional Realizadas en los Últimos 30 Días Útiles Por Tipo de Depósito al 31/07/2024,2024-07-31
2024-07,F,Confianza,1.08,5.36,6.15,6.44,6.21,6.48,6.24,6.21,Tasas Pasivas Anuales de las Operaciones en Moneda Nacional Realizadas en los Últimos 30 Días Útiles Por Tipo de Depósito al 31/07/2024,2024-07-31
2024-07,F,Qapaq,5.5,-,3.5,4.38,4.49,4.24,4.39,5.79,Tasas Pasivas Anuales de las Operaciones en Moneda Nacional Realizadas en los Últimos 30 Días Útiles Por Tipo de Depósito al 31/07/2024,2024-07-31
2024-07,F,Oh!,6.37,1.85,5.96,6,5.85,5.65,5.93,6.5,Tasas Pasivas Anuales de las Operaciones en Moneda Nacional Realizadas en los Últimos 30 Días Útiles Por Tipo de Depósito al 31/07/2024,2024-07-31
2024-07,F,Efectiva,7,-,6,6.23,6.51,6.35,6.4,-,Tasas Pasivas Anuales de las Operaciones en Moneda Nacional Realizadas en los Últimos 30 Días Útiles Por Tipo de Depósito al 31/07/2024,2024-07-31
2024-07,F,Mitsui,-,-,-,-,-,-,-,-,Tasas Pasivas Anuales de las Operaciones en Moneda Nacional Realizadas en los Últimos 30 Días Útiles Por Tipo de Depósito al 31/07/2024,2024-07-31
2024-07,F,Proempresa,1.03,-,1.01,1.8,6.31,6.48,6.46,6.9,Tasas Pasivas Anuales de las Operaciones en Moneda Nacional Realizadas en los Últimos 30 Días Útiles Por Tipo de Depósito al 31/07/2024,2024-07-31
2024-07,F,Credinka,3.51,-,1.88,5.89,6.27,6.46,6.3,6.25,Tasas Pasivas Anuales de las Operaciones en Moneda Nacional Realizadas en los Últimos 30 Días Útiles Por Tipo de Depósito al 31/07/2024,2024-07-31
2024-07,F,Surgir,0.01,6.84,7.01,7.5,7.35,7.3,7.36,-,Tasas Pasivas Anuales de las Operaciones en Moneda Nacional Realizadas en los Últimos 30 Días Útiles Por Tipo de Depósito al 31/07/2024,2024-07-31
2024-08,F,Crediscotia,0.22,5.15,5.15,3.88,4.73,3.32,4.75,5.7,Tasas Pasivas Anuales de las Operaciones en Moneda Nacional Realizadas en los Últimos 30 Días Útiles Por Tipo de Depósito al 31/08/2024,2024-08-31
2024-08,F,Compartamos,1.55,5.22,5.52,5.38,5.56,4.35,5.25,5.96,Tasas Pasivas Anuales de las Operaciones en Moneda Nacional Realizadas en los Últimos 30 Días Útiles Por Tipo de Depósito al 31/08/2024,2024-08-31
2024-08,F,Confianza,1.04,4.98,5.48,5.98,5.57,4.92,5.65,5.86,Tasas Pasivas Anuales de las Operaciones en Moneda Nacional Realizadas en los Últimos 30 Días Útiles Por Tipo de Depósito al 31/08/2024,2024-08-31
2024-08,F,Qapaq,4.96,-,3.5,4.32,4.49,4.26,4.4,-,Tasas Pasivas Anuales de las Operaciones en Moneda Nacional Realizadas en los Últimos 30 Días Útiles Por Tipo de Depósito al 31/08/2024,2024-08-31
2024-08,F,Oh!,6,5.47,5.99,6,5.85,5.81,5.76,6.5,Tasas Pasivas Anuales de las Operaciones en Moneda Nacional Realizadas en los Últimos 30 Días Útiles Por Tipo de Depósito al 31/08/2024,2024-08-31
2024-08,F,Efectiva,6.36,-,6.01,6.22,6.32,6.47,6.36,-,Tasas Pasivas Anuales de las Operaciones en Moneda Nacional Realizadas en los Últimos 30 Días Útiles Por Tipo de Depósito al 31/08/2024,2024-08-31
2024-08,F,Mitsui,-,-,-,-,-,-,-,-,Tasas Pasivas Anuales de las Operaciones en Moneda Nacional Realizadas en los Últimos 30 Días Útiles Por Tipo de Depósito al 31/08/2024,2024-08-31
2024-08,F,Proempresa,0.96,-,1.01,1.93,6.7,6.52,6.52,6.9,Tasas Pasivas Anuales de las Operaciones en Moneda Nacional Realizadas en los Últimos 30 Días Útiles Por Tipo de Depósito al 31/08/2024,2024-08-31
2024-08,F,Credinka,3.43,-,4.42,6.1,6.14,6.48,6.29,-,Tasas Pasivas Anuales de las Operaciones en Moneda Nacional Realizadas en los Últimos 30 Días Útiles Por Tipo de Depósito al 31/08/2024,2024-08-31
2024-08,F,Surgir,-,6.9,7.17,7.45,7.38,7.22,7.36,-,Tasas Pasivas Anuales de las Operaciones en Moneda Nacional Realizadas en los Últimos 30 Días Útiles Por Tipo de Depósito al 31/08/2024,2024-08-31
2024-09,F,Crediscotia,0.13,4.69,4.54,2.63,4.54,3.46,4.51,5.7,Tasas Pasivas Anuales de las Operaciones en Moneda Nacional Realizadas en los Últimos 30 Días Útiles Por Tipo de Depósito al 30/09/2024,2024-09-30
2024-09,F,Compartamos,1.6,4.84,4.97,4.68,5.1,4.62,4.88,5.97,Tasas Pasivas Anuales de las Operaciones en Moneda Nacional Realizadas en los Últimos 30 Días Útiles Por Tipo de Depósito al 30/09/2024,2024-09-30
2024-09,F,Confianza,1.16,0.75,5.39,5.62,5.51,5.05,5.48,6.01,Tasas Pasivas Anuales de las Operaciones en Moneda Nacional Realizadas en los Últimos 30 Días Útiles Por Tipo de Depósito al 30/09/2024,2024-09-30
2024-09,F,Qapaq,5.7,-,3.5,4.37,4.48,4.23,4.39,5.79,Tasas Pasivas Anuales de las Operaciones en Moneda Nacional Realizadas en los Últimos 30 Días Útiles Por Tipo de Depósito al 30/09/2024,2024-09-30
2024-09,F,Oh!,6,5.48,5.98,6,5.85,5.57,5.74,6.5,Tasas Pasivas Anuales de las Operaciones en Moneda Nacional Realizadas en los Últimos 30 Días Útiles Por Tipo de Depósito al 30/09/2024,2024-09-30
2024-09,F,Efectiva,6,-,6.01,5.6,6.23,6.54,6.29,-,Tasas Pasivas Anuales de las Operaciones en Moneda Nacional Realizadas en los Últimos 30 Días Útiles Por Tipo de Depósito al 30/09/2024,2024-09-30
2024-09,F,Mitsui,-,-,-,-,-,-,-,-,Tasas Pasivas Anuales de las Operaciones en Moneda Nacional Realizadas en los Últimos 30 Días Útiles Por Tipo de Depósito al 30/09/2024,2024-09-30
2024-09,F,Proempresa,0.96,-,6.04,1.87,6.33,6.61,6.59,6.9,Tasas Pasivas Anuales de las Operaciones en Moneda Nacional Realizadas en los Últimos 30 Días Útiles Por Tipo de Depósito al 30/09/2024,2024-09-30
2024-09,F,Surgir,0.01,-,7.03,5.46,6.74,7.16,6.46,-,Tasas Pasivas Anuales de las Operaciones en Moneda Nacional Realizadas en los Últimos 30 Días Útiles Por Tipo de Depósito al 30/09/2024,2024-09-30
2024-10,F,Crediscotia,0.11,4.83,4.33,3.48,4.58,3.9,4.68,-,Tasas Pasivas Anuales de las Operaciones en Moneda Nacional Realizadas en los Últimos 30 Días Útiles Por Tipo de Depósito al 31/10/2024,2024-10-31
2024-10,F,Compartamos,1.56,4.96,4.66,3.59,5.03,4.17,4.88,5.98,Tasas Pasivas Anuales de las Operaciones en Moneda Nacional Realizadas en los Últimos 30 Días Útiles Por Tipo de Depósito al 31/10/2024,2024-10-31
2024-10,F,Confianza,1.31,0.75,5.44,5.57,5.7,5.27,5.56,5.87,Tasas Pasivas Anuales de las Operaciones en Moneda Nacional Realizadas en los Últimos 30 Días Útiles Por Tipo de Depósito al 31/10/2024,2024-10-31
2024-10,F,Qapaq,6.01,-,3.5,4.26,4.48,4.19,4.36,-,Tasas Pasivas Anuales de las Operaciones en Moneda Nacional Realizadas en los Últimos 30 Días Útiles Por Tipo de Depósito al 31/10/2024,2024-10-31
2024-10,F,Oh!,6,1.85,5.51,5.87,5.52,5.36,5.55,6.5,Tasas Pasivas Anuales de las Operaciones en Moneda Nacional Realizadas en los Últimos 30 Días Útiles Por Tipo de Depósito al 31/10/2024,2024-10-31
2024-10,F,Efectiva,6,-,5.62,5.87,6.09,6.42,6.21,-,Tasas Pasivas Anuales de las Operaciones en Moneda Nacional Realizadas en los Últimos 30 Días Útiles Por Tipo de Depósito al 31/10/2024,2024-10-31
2024-10,F,Mitsui,-,-,-,-,-,-,-,-,Tasas Pasivas Anuales de las Operaciones en Moneda Nacional Realizadas en los Últimos 30 Días Útiles Por Tipo de Depósito al 31/10/2024,2024-10-31
2024-10,F,Proempresa,0.97,-,1.01,1.72,5.1,6.56,6.54,6.9,Tasas Pasivas Anuales de las Operaciones en Moneda Nacional Realizadas en los Últimos 30 Días Útiles Por Tipo de Depósito al 31/10/2024,2024-10-31
2024-10,F,Surgir,0.01,-,6.15,5.23,5.9,5.97,5.61,-,Tasas Pasivas Anuales de las Operaciones en Moneda Nacional Realizadas en los Últimos 30 Días Útiles Por Tipo de Depósito al 31/10/2024,2024-10-31
2024-11,F,Crediscotia,0.08,4.61,4.82,2.97,4.27,3.98,4.32,5.73,Tasas Pasivas Anuales de las Operaciones en Moneda Nacional Realizadas en los Últimos 30 Días Útiles Por Tipo de Depósito al 29/11/2024,2024-11-29
2024-11,F,Compartamos,1.75,4.82,4.92,4.43,5.21,4.5,4.8,5.98,Tasas Pasivas Anuales de las Operaciones en Moneda Nacional Realizadas en los Últimos 30 Días Útiles Por Tipo de Depósito al 29/11/2024,2024-11-29
2024-11,F,Confianza,1.36,1.89,5.27,5.55,5.53,5.66,5.52,6.02,Tasas Pasivas Anuales de las Operaciones en Moneda Nacional Realizadas en los Últimos 30 Días Útiles Por Tipo de Depósito al 29/11/2024,2024-11-29
2024-11,F,Qapaq,5.13,-,3.5,4.14,4.49,4.21,4.4,6.43,Tasas Pasivas Anuales de las Operaciones en Moneda Nacional Realizadas en los Últimos 30 Días Útiles Por Tipo de Depósito al 29/11/2024,2024-11-29
2024-11,F,Oh!,5.48,1.85,4.94,5,5.25,5.35,5.12,6.5,Tasas Pasivas Anuales de las Operaciones en Moneda Nacional Realizadas en los Últimos 30 Días Útiles Por Tipo de Depósito al 29/11/2024,2024-11-29
2024-11,F,Efectiva,6,-,5.15,5.25,5.6,6.1,5.79,-,Tasas Pasivas Anuales de las Operaciones en Moneda Nacional Realizadas en los Últimos 30 Días Útiles Por Tipo de Depósito al 29/11/2024,2024-11-29
2024-11,F,Mitsui,-,-,-,-,-,-,-,-,Tasas Pasivas Anuales de las Operaciones en Moneda Nacional Realizadas en los Últimos 30 Días Útiles Por Tipo de Depósito al 29/11/2024,2024-11-29
2024-11,F,Proempresa,0.99,-,1.23,1.92,5.19,6.24,6.2,6.9,Tasas Pasivas Anuales de las Operaciones en Moneda Nacional Realizadas en los Últimos 30 Días Útiles Por Tipo de Depósito al 29/11/2024,2024-11-29
2024-11,F,Surgir,0.01,-,5.49,5.74,6.01,5.75,5.87,-,Tasas Pasivas Anuales de las Operaciones en Moneda Nacional Realizadas en los Últimos 30 Días Útiles Por Tipo de Depósito al 29/11/2024,2024-11-29
2024-12,F,Crediscotia,0.1,4.84,4.63,3.01,4.43,3.55,4.44,5.71,Tasas Pasivas Anuales de las Operaciones en Moneda Nacional Realizadas en los Últimos 30 Días Útiles Por Tipo de Depósito al 30/12/2024,2024-12-30
2024-12,F,Compartamos,1.87,4.75,4.93,4.25,5.1,4.59,4.78,5.5,Tasas Pasivas Anuales de las Operaciones en Moneda Nacional Realizadas en los Últimos 30 Días Útiles Por Tipo de Depósito al 30/12/2024,2024-12-30
2024-12,F,Confianza,1.25,5,5.35,5.57,5.65,5.81,5.53,5.68,Tasas Pasivas Anuales de las Operaciones en Moneda Nacional Realizadas en los Últimos 30 Días Útiles Por Tipo de Depósito al 30/12/2024,2024-12-30
2024-12,F,Qapaq,5.32,-,3.5,4.34,4.49,4.19,4.4,5.79,Tasas Pasivas Anuales de las Operaciones en Moneda Nacional Realizadas en los Últimos 30 Días Útiles Por Tipo de Depósito al 30/12/2024,2024-12-30
2024-12,F,Oh!,5,1.85,4.96,5,5.25,5.35,5.11,6.5,Tasas Pasivas Anuales de las Operaciones en Moneda Nacional Realizadas en los Últimos 30 Días Útiles Por Tipo de Depósito al 30/12/2024,2024-12-30
2024-12,F,Efectiva,5.83,-,5,5.01,5.37,5.86,5.56,-,Tasas Pasivas Anuales de las Operaciones en Moneda Nacional Realizadas en los Últimos 30 Días Útiles Por Tipo de Depósito al 30/12/2024,2024-12-30
2024-12,F,Mitsui,-,-,-,-,-,-,-,-,Tasas Pasivas Anuales de las Operaciones en Moneda Nacional Realizadas en los Últimos 30 Días Útiles Por Tipo de Depósito al 30/12/2024,2024-12-30
2024-12,F,Proempresa,1.02,-,1.24,1.86,5.15,5.81,5.75,6.9,Tasas Pasivas Anuales de las Operaciones en Moneda Nacional Realizadas en los Últimos 30 Días Útiles Por Tipo de Depósito al 30/12/2024,2024-12-30
2024-12,F,Surgir,-,-,5.45,6.02,5.97,5.79,5.94,-,Tasas Pasivas Anuales de las Operaciones en Moneda Nacional Realizadas en los Últimos 30 Días Útiles Por Tipo de Depósito al 30/12/2024,2024-12-30
2025-01,F,Crediscotia,0.04,4.9,4.72,4.31,4.52,3.66,4.55,0.01,Tasas Pasivas Anuales de las Operaciones en Moneda Nacional Realizadas en los Últimos 30 Días Útiles Por Tipo de Depósito al 31/01/2025,2025-01-31
2025-01,F,Confianza,1.15,5,4.94,5.52,5.33,5.74,5.35,5.13,Tasas Pasivas Anuales de las Operaciones en Moneda Nacional Realizadas en los Últimos 30 Días Útiles Por Tipo de Depósito al 31/01/2025,2025-01-31
2025-01,F,Qapaq,5.76,-,3.5,3.96,4.48,4.25,4.33,-,Tasas Pasivas Anuales de las Operaciones en Moneda Nacional Realizadas en los Últimos 30 Días Útiles Por Tipo de Depósito al 31/01/2025,2025-01-31
2025-01,F,Oh!,5,5.07,4.94,5,5.25,5.35,5.13,6.5,Tasas Pasivas Anuales de las Operaciones en Moneda Nacional Realizadas en los Últimos 30 Días Útiles Por Tipo de Depósito al 31/01/2025,2025-01-31
2025-01,F,Efectiva,5.04,-,5,5,5.41,5.89,5.62,-,Tasas Pasivas Anuales de las Operaciones en Moneda Nacional Realizadas en los Últimos 30 Días Útiles Por Tipo de Depósito al 31/01/2025,2025-01-31
2025-01,F,Mitsui,-,-,-,-,-,-,-,-,Tasas Pasivas Anuales de las Operaciones en Moneda Nacional Realizadas en los Últimos 30 Días Útiles Por Tipo de Depósito al 31/01/2025,2025-01-31
2025-01,F,Proempresa,1.11,-,1.22,2.06,5.38,5.77,5.62,6.9,Tasas Pasivas Anuales de las Operaciones en Moneda Nacional Realizadas en los Últimos 30 Días Útiles Por Tipo de Depósito al 31/01/2025,2025-01-31
2025-01,F,Surgir,-,-,4.91,5.5,5.91,5.78,5.81,-,Tasas Pasivas Anuales de las Operaciones en Moneda Nacional Realizadas en los Últimos 30 Días Útiles Por Tipo de Depósito al 31/01/2025,2025-01-31
2025-02,F,Crediscotia,0.13,4.7,4.69,4.37,4.19,3.46,4.37,5.66,Tasas Pasivas Anuales de las Operaciones en Moneda Nacional Realizadas en los Últimos 30 Días Útiles Por Tipo de Depósito al 28/02/2025,2025-02-28
2025-02,F,Confianza,1.15,2.27,4.77,5.4,5.36,5.47,5.32,5.54,Tasas Pasivas Anuales de las Operaciones en Moneda Nacional Realizadas en los Últimos 30 Días Útiles Por Tipo de Depósito al 28/02/2025,2025-02-28
2025-02,F,Qapaq,6.09,-,3.5,4.33,4.48,4.28,4.37,-,Tasas Pasivas Anuales de las Operaciones en Moneda Nacional Realizadas en los Últimos 30 Días Útiles Por Tipo de Depósito al 28/02/2025,2025-02-28
2025-02,F,Oh!,5,5.09,5,5,5.25,5.35,4.86,6.5,Tasas Pasivas Anuales de las Operaciones en Moneda Nacional Realizadas en los Últimos 30 Días Útiles Por Tipo de Depósito al 28/02/2025,2025-02-28
2025-02,F,Efectiva,5,-,5,4.99,5.45,5.95,5.7,-,Tasas Pasivas Anuales de las Operaciones en Moneda Nacional Realizadas en los Últimos 30 Días Útiles Por Tipo de Depósito al 28/02/2025,2025-02-28
2025-02,F,Mitsui,-,-,-,-,-,-,-,-,Tasas Pasivas Anuales de las Operaciones en Moneda Nacional Realizadas en los Últimos 30 Días Útiles Por Tipo de Depósito al 28/02/2025,2025-02-28
2025-02,F,Proempresa,1.06,-,1.28,2.09,5.4,5.78,5.59,6.9,Tasas Pasivas Anuales de las Operaciones en Moneda Nacional Realizadas en los Últimos 30 Días Útiles Por Tipo de Depósito al 28/02/2025,2025-02-28
2025-02,F,Surgir,0.01,-,4.9,5.38,5.85,5.72,5.71,-,Tasas Pasivas Anuales de las Operaciones en Moneda Nacional Realizadas en los Últimos 30 Días Útiles Por Tipo de Depósito al 28/02/2025,2025-02-28
2025-03,F,Crediscotia,0.03,4.28,4.61,4.38,4.13,3.36,4.29,5.66,Tasas Pasivas Anuales de las Operaciones en Moneda Nacional Realizadas en los Últimos 30 Días Útiles Por Tipo de Depósito al 31/03/2025,2025-03-31
2025-03,F,Confianza,1.24,4.83,4.95,5.39,5.41,5.61,5.33,5.58,Tasas Pasivas Anuales de las Operaciones en Moneda Nacional Realizadas en los Últimos 30 Días Útiles Por Tipo de Depósito al 31/03/2025,2025-03-31
2025-03,F,Qapaq,6.46,-,3.5,4.46,4.47,4.17,4.35,-,Tasas Pasivas Anuales de las Operaciones en Moneda Nacional Realizadas en los Últimos 30 Días Útiles Por Tipo de Depósito al 31/03/2025,2025-03-31
2025-03,F,Oh!,5,1.85,4.99,5,5.25,5.35,4.85,6.5,Tasas Pasivas Anuales de las Operaciones en Moneda Nacional Realizadas en los Últimos 30 Días Útiles Por Tipo de Depósito al 31/03/2025,2025-03-31
2025-03,F,Efectiva,5,-,5,3.93,5.47,5.92,5.46,-,Tasas Pasivas Anuales de las Operaciones en Moneda Nacional Realizadas en los Últimos 30 Días Útiles Por Tipo de Depósito al 31/03/2025,2025-03-31
2025-03,F,Mitsui,-,-,-,-,-,-,-,-,Tasas Pasivas Anuales de las Operaciones en Moneda Nacional Realizadas en los Últimos 30 Días Útiles Por Tipo de Depósito al 31/03/2025,2025-03-31
2025-03,F,Proempresa,1.09,-,1.19,1.57,5.33,5.76,5.69,6.9,Tasas Pasivas Anuales de las Operaciones en Moneda Nacional Realizadas en los Últimos 30 Días Útiles Por Tipo de Depósito al 31/03/2025,2025-03-31
2025-03,F,Surgir,0.01,-,5.13,5.51,5.68,5.72,5.6,-,Tasas Pasivas Anuales de las Operaciones en Moneda Nacional Realizadas en los Últimos 30 Días Útiles Por Tipo de Depósito al 31/03/2025,2025-03-31
2025-04,F,Crediscotia,0.03,3.99,3.26,4.24,4.02,3.23,3.92,5.69,Tasas Pasivas Anuales de las Operaciones en Moneda Nacional Realizadas en los Últimos 30 Días Útiles Por Tipo de Depósito al 30/04/2025,2025-04-30
2025-04,F,Confianza,1.17,4.83,5.25,5.38,5.45,5.61,5.41,5.6,Tasas Pasivas Anuales de las Operaciones en Moneda Nacional Realizadas en los Últimos 30 Días Útiles Por Tipo de Depósito al 30/04/2025,2025-04-30
2025-04,F,Qapaq,5.98,-,3.5,4.38,4.52,4.39,4.38,-,Tasas Pasivas Anuales de las Operaciones en Moneda Nacional Realizadas en los Últimos 30 Días Útiles Por Tipo de Depósito al 30/04/2025,2025-04-30
2025-04,F,Oh!,5,1.85,4.99,5,5.25,5.35,5.14,6.5,Tasas Pasivas Anuales de las Operaciones en Moneda Nacional Realizadas en los Últimos 30 Días Útiles Por Tipo de Depósito al 30/04/2025,2025-04-30
2025-04,F,Efectiva,5,0.5,5,3.93,5.43,5.87,5.05,-,Tasas Pasivas Anuales de las Operaciones en Moneda Nacional Realizadas en los Últimos 30 Días Útiles Por Tipo de Depósito al 30/04/2025,2025-04-30
2025-04,F,Mitsui,-,-,-,-,-,-,-,-,Tasas Pasivas Anuales de las Operaciones en Moneda Nacional Realizadas en los Últimos 30 Días Útiles Por Tipo de Depósito al 30/04/2025,2025-04-30
2025-04,F,Proempresa,1.14,-,1.16,1.62,5.24,5.71,5.66,6.9,Tasas Pasivas Anuales de las Operaciones en Moneda Nacional Realizadas en los Últimos 30 Días Útiles Por Tipo de Depósito al 30/04/2025,2025-04-30
2025-04,F,Surgir,0.01,5.4,5.16,5.43,5.77,5.83,5.7,-,Tasas Pasivas Anuales de las Operaciones en Moneda Nacional Realizadas en los Últimos 30 Días Útiles Por Tipo de Depósito al 30/04/2025,2025-04-30
2025-05,F,Crediscotia,0.03,4.56,4.56,4,4.06,3.02,4.22,5.68,Tasas Pasivas Anuales de las Operaciones en Moneda Nacional Realizadas en los Últimos 30 Días Útiles Por Tipo de Depósito al 30/05/2025,2025-05-30
2025-05,F,Confianza,1.17,2.14,5.26,5.4,5.3,5.61,5.46,5.99,Tasas Pasivas Anuales de las Operaciones en Moneda Nacional Realizadas en los Últimos 30 Días Útiles Por Tipo de Depósito al 30/05/2025,2025-05-30
2025-05,F,Qapaq,5.11,-,3.5,4.75,4.92,4.89,4.85,6.79,Tasas Pasivas Anuales de las Operaciones en Moneda Nacional Realizadas en los Últimos 30 Días Útiles Por Tipo de Depósito al 30/05/2025,2025-05-30
2025-05,F,Oh!,5,1.85,5,5,5.25,5.35,5.12,6.5,Tasas Pasivas Anuales de las Operaciones en Moneda Nacional Realizadas en los Últimos 30 Días Útiles Por Tipo de Depósito al 30/05/2025,2025-05-30
2025-05,F,Efectiva,5,0.5,5,5,5.48,5.89,5.19,-,Tasas Pasivas Anuales de las Operaciones en Moneda Nacional Realizadas en los Últimos 30 Días Útiles Por Tipo de Depósito al 30/05/2025,2025-05-30
2025-05,F,Mitsui,-,-,-,-,-,-,-,-,Tasas Pasivas Anuales de las Operaciones en Moneda Nacional Realizadas en los Últimos 30 Días Útiles Por Tipo de Depósito al 30/05/2025,2025-05-30
2025-05,F,Proempresa,1.11,-,2.18,1.66,4.73,5.52,5.4,6.9,Tasas Pasivas Anuales de las Operaciones en Moneda Nacional Realizadas en los Últimos 30 Días Útiles Por Tipo de Depósito al 30/05/2025,2025-05-30
2025-05,F,Surgir,-,5.5,5.3,5.4,5.73,5.79,5.7,-,Tasas Pasivas Anuales de las Operaciones en Moneda Nacional Realizadas en los Últimos 30 Días Útiles Por Tipo de Depósito al 30/05/2025,2025-05-30
2025-06,F,Confianza,1.23,1.91,5.13,5.44,5.32,5.68,5.5,5.54,Tasas Pasivas Anuales de las Operaciones en Moneda Nacional Realizadas en los Últimos 30 Días Útiles Por Tipo de Depósito al 30/06/2025,2025-06-30
2025-06,F,Qapaq,5.52,-,3.5,4.95,4.92,4.94,4.93,-,Tasas Pasivas Anuales de las Operaciones en Moneda Nacional Realizadas en los Últimos 30 Días Útiles Por Tipo de Depósito al 30/06/2025,2025-06-30
2025-06,F,Oh!,5,1.85,5,5,5.25,5.35,5.12,6.5,Tasas Pasivas Anuales de las Operaciones en Moneda Nacional Realizadas en los Últimos 30 Días Útiles Por Tipo de Depósito al 30/06/2025,2025-06-30
2025-06,F,Efectiva,5,0.5,4.92,4.97,5.46,5.91,5.22,-,Tasas Pasivas Anuales de las Operaciones en Moneda Nacional Realizadas en los Últimos 30 Días Útiles Por Tipo de Depósito al 30/06/2025,2025-06-30
2025-06,F,Mitsui,-,-,-,-,-,-,-,-,Tasas Pasivas Anuales de las Operaciones en Moneda Nacional Realizadas en los Últimos 30 Días Útiles Por Tipo de Depósito al 30/06/2025,2025-06-30
2025-06,F,Proempresa,1.16,-,1.01,1.39,4.77,5.34,5.26,6.9,Tasas Pasivas Anuales de las Operaciones en Moneda Nacional Realizadas en los Últimos 30 Días Útiles Por Tipo de Depósito al 30/06/2025,2025-06-30
2025-06,F,Surgir,5.6,5.5,7.05,5.8,5.83,6.35,6.06,-,Tasas Pasivas Anuales de las Operaciones en Moneda Nacional Realizadas en los Últimos 30 Días Útiles Por Tipo de Depósito al 30/06/2025,2025-06-30
2025-07,F,Confianza,1.14,4.65,5.22,5.37,5.37,5.67,5.42,5.33,Tasas Pasivas Anuales de las Operaciones en Moneda Nacional Realizadas en los Últimos 30 Días Útiles Por Tipo de Depósito al 31/07/2025,2025-07-31
2025-07,F,Qapaq,4.89,-,3.5,4.82,4.94,4.99,4.93,-,Tasas Pasivas Anuales de las Operaciones en Moneda Nacional Realizadas en los Últimos 30 Días Útiles Por Tipo de Depósito al 31/07/2025,2025-07-31
2025-07,F,Oh!,5,1.85,4.98,5,5.25,5.35,5.13,6.5,Tasas Pasivas Anuales de las Operaciones en Moneda Nacional Realizadas en los Últimos 30 Días Útiles Por Tipo de Depósito al 31/07/2025,2025-07-31
2025-07,F,Efectiva,5,0.25,4.61,4.8,5.29,5.9,5.12,-,Tasas Pasivas Anuales de las Operaciones en Moneda Nacional Realizadas en los Últimos 30 Días Útiles Por Tipo de Depósito al 31/07/2025,2025-07-31
2025-07,F,Mitsui,-,-,-,-,-,-,-,-,Tasas Pasivas Anuales de las Operaciones en Moneda Nacional Realizadas en los Últimos 30 Días Útiles Por Tipo de Depósito al 31/07/2025,2025-07-31
2025-07,F,Proempresa,1.28,-,1.17,1.57,4.79,5.36,5.26,6.9,Tasas Pasivas Anuales de las Operaciones en Moneda Nacional Realizadas en los Últimos 30 Días Útiles Por Tipo de Depósito al 31/07/2025,2025-07-31
2025-07,F,Surgir,5.6,-,6.42,5.37,5.85,6.34,6.07,-,Tasas Pasivas Anuales de las Operaciones en Moneda Nacional Realizadas en los Últimos 30 Días Útiles Por Tipo de Depósito al 31/07/2025,2025-07-31
2025-08,F,Confianza,1.12,4.48,4.98,5.24,5.28,5.55,5.29,5.77,Tasas Pasivas Anuales de las Operaciones en Moneda Nacional Realizadas en los Últimos 30 Días Útiles Por Tipo de Depósito al 29/08/2025,2025-08-29
2025-08,F,Qapaq,5.14,-,3.5,4.92,5.05,4.98,4.98,-,Tasas Pasivas Anuales de las Operaciones en Moneda Nacional Realizadas en los Últimos 30 Días Útiles Por Tipo de Depósito al 29/08/2025,2025-08-29
2025-08,F,Oh!,5,1.85,4.91,5,5.25,5.35,5.15,6.5,Tasas Pasivas Anuales de las Operaciones en Moneda Nacional Realizadas en los Últimos 30 Días Útiles Por Tipo de Depósito al 29/08/2025,2025-08-29
2025-08,F,Efectiva,4.71,-,4.5,4.74,5.21,5.87,5.56,-,Tasas Pasivas Anuales de las Operaciones en Moneda Nacional Realizadas en los Últimos 30 Días Útiles Por Tipo de Depósito al 29/08/2025,2025-08-29
2025-08,F,Mitsui,-,-,-,-,-,-,-,-,Tasas Pasivas Anuales de las Operaciones en Moneda Nacional Realizadas en los Últimos 30 Días Útiles Por Tipo de Depósito al 29/08/2025,2025-08-29
2025-08,F,Proempresa,1.27,-,1.17,1.67,4.81,5.41,5.34,6.9,Tasas Pasivas Anuales de las Operaciones en Moneda Nacional Realizadas en los Últimos 30 Días Útiles Por Tipo de Depósito al 29/08/2025,2025-08-29
2025-08,F,Surgir,5.38,5.23,5.22,5.25,5.54,5.67,5.54,-,Tasas Pasivas Anuales de las Operaciones en Moneda Nacional Realizadas en los Últimos 30 Días Útiles Por Tipo de Depósito al 29/08/2025,2025-08-29
2025-09,F,Confianza,1.18,4.48,5.17,5.28,5.37,5.56,5.3,5.94,Tasas Pasivas Anuales de las Operaciones en Moneda Nacional Realizadas en los Últimos 30 Días Útiles Por Tipo de Depósito al 30/09/2025,2025-09-30
2025-09,F,Qapaq,4.68,-,3.5,4.99,4.99,5,4.99,-,Tasas Pasivas Anuales de las Operaciones en Moneda Nacional Realizadas en los Últimos 30 Días Útiles Por Tipo de Depósito al 30/09/2025,2025-09-30
2025-09,F,Oh!,5,1.85,4.96,5,5.14,5.29,5.08,6.5,Tasas Pasivas Anuales de las Operaciones en Moneda Nacional Realizadas en los Últimos 30 Días Útiles Por Tipo de Depósito al 30/09/2025,2025-09-30
2025-09,F,Efectiva,4.5,-,4.5,4.79,5.24,5.84,5.51,-,Tasas Pasivas Anuales de las Operaciones en Moneda Nacional Realizadas en los Últimos 30 Días Útiles Por Tipo de Depósito al 30/09/2025,2025-09-30
2025-09,F,Mitsui,-,-,-,-,-,-,-,-,Tasas Pasivas Anuales de las Operaciones en Moneda Nacional Realizadas en los Últimos 30 Días Útiles Por Tipo de Depósito al 30/09/2025,2025-09-30
2025-09,F,Proempresa,1.17,-,1.16,1.9,4.84,5.43,5.36,6.9,Tasas Pasivas Anuales de las Operaciones en Moneda Nacional Realizadas en los Últimos 30 Días Útiles Por Tipo de Depósito al 30/09/2025,2025-09-30
2025-09,F,Surgir,5.26,-,5.11,5.17,5.47,5.42,5.38,-,Tasas Pasivas Anuales de las Operaciones en Moneda Nacional Realizadas en los Últimos 30 Días Útiles Por Tipo de Depósito al 30/09/2025,2025-09-30
2025-10,F,Confianza,1.28,4.55,5.08,5.02,5.42,5.61,5.16,5.25,Tasas Pasivas Anuales de las Operaciones en Moneda Nacional Realizadas en los Últimos 30 Días Útiles Por Tipo de Depósito al 31/10/2025,2025-10-31
2025-10,F,Qapaq,5.32,-,3.5,4.96,5.03,4.98,4.95,-,Tasas Pasivas Anuales de las Operaciones en Moneda Nacional Realizadas en los Últimos 30 Días Útiles Por Tipo de Depósito al 31/10/2025,2025-10-31
2025-10,F,Oh!,5,1.85,4.96,5,5,5.25,5.02,6.5,Tasas Pasivas Anuales de las Operaciones en Moneda Nacional Realizadas en los Últimos 30 Días Útiles Por Tipo de Depósito al 31/10/2025,2025-10-31
2025-10,F,Efectiva,4.5,-,4.51,4.77,5.22,5.86,5.48,-,Tasas Pasivas Anuales de las Operaciones en Moneda Nacional Realizadas en los Últimos 30 Días Útiles Por Tipo de Depósito al 31/10/2025,2025-10-31
2025-10,F,Mitsui,-,-,-,-,-,-,-,-,Tasas Pasivas Anuales de las Operaciones en Moneda Nacional Realizadas en los Últimos 30 Días Útiles Por Tipo de Depósito al 31/10/2025,2025-10-31
2025-10,F,Proempresa,1.15,-,1.18,1.92,4.87,5.43,5.35,6.9,Tasas Pasivas Anuales de las Operaciones en Moneda Nacional Realizadas en los Últimos 30 Días Útiles Por Tipo de Depósito al 31/10/2025,2025-10-31
2025-10,F,Surgir,5.6,-,4.73,5.14,5.46,5.46,5.27,-,Tasas Pasivas Anuales de las Operaciones en Moneda Nacional Realizadas en los Últimos 30 Días Útiles Por Tipo de Depósito al 31/10/2025,2025-10-31
2025-11,F,Confianza,1.35,4.52,4.68,4.94,5.39,5.58,5.14,6.04,Tasas Pasivas Anuales de las Operaciones en Moneda Nacional Realizadas en los Últimos 30 Días Útiles Por Tipo de Depósito al 28/11/2025,2025-11-28
2025-11,F,Qapaq,5.94,-,3.5,5.17,4.98,5.11,5.06,-,Tasas Pasivas Anuales de las Operaciones en Moneda Nacional Realizadas en los Últimos 30 Días Útiles Por Tipo de Depósito al 28/11/2025,2025-11-28
2025-11,F,Oh!,5,1.85,4.95,5,5,5.25,4.94,6.5,Tasas Pasivas Anuales de las Operaciones en Moneda Nacional Realizadas en los Últimos 30 Días Útiles Por Tipo de Depósito al 28/11/2025,2025-11-28
2025-11,F,Efectiva,4.5,-,4.51,4.78,5.07,5.89,5.42,-,Tasas Pasivas Anuales de las Operaciones en Moneda Nacional Realizadas en los Últimos 30 Días Útiles Por Tipo de Depósito al 28/11/2025,2025-11-28
2025-11,F,Mitsui,-,-,-,-,-,-,-,-,Tasas Pasivas Anuales de las Operaciones en Moneda Nacional Realizadas en los Últimos 30 Días Útiles Por Tipo de Depósito al 28/11/2025,2025-11-28
2025-11,F,Proempresa,1.22,-,1.17,1.67,4.76,5.42,5.36,6.9,Tasas Pasivas Anuales de las Operaciones en Moneda Nacional Realizadas en los Últimos 30 Días Útiles Por Tipo de Depósito al 28/11/2025,2025-11-28
2025-11,F,Surgir,5.6,-,4.82,4.73,5.47,5.6,5.22,-,Tasas Pasivas Anuales de las Operaciones en Moneda Nacional Realizadas en los Últimos 30 Días Útiles Por Tipo de Depósito al 28/11/2025,2025-11-28
2025-12,F,Confianza,1.31,4.6,4.89,5.22,5.44,5.41,5.34,5.67,Tasas Pasivas Anuales de las Operaciones en Moneda Nacional Realizadas en los Últimos 30 Días Útiles Por Tipo de Depósito al 31/12/2025,2025-12-31
2025-12,F,Qapaq,5.55,-,3.5,5.17,4.98,5.1,5.04,-,Tasas Pasivas Anuales de las Operaciones en Moneda Nacional Realizadas en los Últimos 30 Días Útiles Por Tipo de Depósito al 31/12/2025,2025-12-31
2025-12,F,Oh!,5,1.85,4.88,5,5.43,5.34,5.18,6.5,Tasas Pasivas Anuales de las Operaciones en Moneda Nacional Realizadas en los Últimos 30 Días Útiles Por Tipo de Depósito al 31/12/2025,2025-12-31
2025-12,F,Efectiva,4.5,-,4.5,4.8,5.25,5.98,5.56,-,Tasas Pasivas Anuales de las Operaciones en Moneda Nacional Realizadas en los Últimos 30 Días Útiles Por Tipo de Depósito al 31/12/2025,2025-12-31
2025-12,F,Mitsui,-,-,-,-,-,-,-,-,Tasas Pasivas Anuales de las Operaciones en Moneda Nacional Realizadas en los Últimos 30 Días Útiles Por Tipo de Depósito al 31/12/2025,2025-12-31
2025-12,F,Proempresa,1.25,-,1.01,1.67,4.9,5.42,5.37,6.9,Tasas Pasivas Anuales de las Operaciones en Moneda Nacional Realizadas en los Últimos 30 Días Útiles Por Tipo de Depósito al 31/12/2025,2025-12-31
2025-12,F,Surgir,3.73,-,5.13,5.04,5.59,5.71,5.51,-,Tasas Pasivas Anuales de las Operaciones en Moneda Nacional Realizadas en los Últimos 30 Días Útiles Por Tipo de Depósito al 31/12/2025,2025-12-31
2023-01,C,CMAC Arequipa,1.96,8.18,8.1,8.15,8.39,8.77,8.32,6.25,Tasas Pasivas Anuales de las Operaciones en Moneda Nacional Realizadas Durante el Mes Por tipo de Depósito a Enero del 2023,2023-01
2023-01,C,CMAC Cusco,0.34,-,4.62,3.95,7.12,5.75,6.34,4.77,Tasas Pasivas Anuales de las Operaciones en Moneda Nacional Realizadas Durante el Mes Por tipo de Depósito a Enero del 2023,2023-01
2023-01,C,CMAC del Santa,0.6,-,1.26,2.34,3,4.1,3.68,6.5,Tasas Pasivas Anuales de las Operaciones en Moneda Nacional Realizadas Durante el Mes Por tipo de Depósito a Enero del 2023,2023-01
2023-01,C,CMAC Huancayo,0.68,2.05,2.2,4.65,4.85,7.62,7.07,7.0,Tasas Pasivas Anuales de las Operaciones en Moneda Nacional Realizadas Durante el Mes Por tipo de Depósito a Enero del 2023,2023-01
2023-01,C,CMAC Ica,0.46,-,-,-,-,-,-,5.89,Tasas Pasivas Anuales de las Operaciones en Moneda Nacional Realizadas Durante el Mes Por tipo de Depósito a Enero del 2023,2023-01
2023-01,C,CMAC Maynas,0.43,7.8,4.13,7.47,8.13,8.54,8.01,5.56,Tasas Pasivas Anuales de las Operaciones en Moneda Nacional Realizadas Durante el Mes Por tipo de Depósito a Enero del 2023,2023-01
2023-01,C,CMAC Paita,0.15,-,7.94,5.09,6.52,6.69,6.73,6.01,Tasas Pasivas Anuales de las Operaciones en Moneda Nacional Realizadas Durante el Mes Por tipo de Depósito a Enero del 2023,2023-01
2023-01,C,CMAC Piura,0.35,-,1.72,2.15,8.56,9.09,8.52,7.5,Tasas Pasivas Anuales de las Operaciones en Moneda Nacional Realizadas Durante el Mes Por tipo de Depósito a Enero del 2023,2023-01
2023-01,C,CMAC Sullana,0.52,-,3.11,4.29,4.5,6.68,6.32,6.1,Tasas Pasivas Anuales de las Operaciones en Moneda Nacional Realizadas Durante el Mes Por tipo de Depósito a Enero del 2023,2023-01
2023-01,C,CMAC Tacna,0.84,-,1.45,2.15,7.45,5.41,6.52,5.52,Tasas Pasivas Anuales de las Operaciones en Moneda Nacional Realizadas Durante el Mes Por tipo de Depósito a Enero del 2023,2023-01
2023-01,C,CMAC Trujillo,0.32,8.22,2.49,4.17,7.51,5.02,6.29,5.76,Tasas Pasivas Anuales de las Operaciones en Moneda Nacional Realizadas Durante el Mes Por tipo de Depósito a Enero del 2023,2023-01
2023-01,C,CMCP Lima,0.75,2.75,3.05,4.08,7.46,7.11,6.72,4.39,Tasas Pasivas Anuales de las Operaciones en Moneda Nacional Realizadas Durante el Mes Por tipo de Depósito a Enero del 2023,2023-01
2023-02,C,CMAC Arequipa,1.61,8.21,8.27,7.33,8.57,9.19,8.41,6.26,Tasas Pasivas Anuales de las Operaciones en Moneda Nacional Realizadas Durante el Mes Por tipo de Depósito a Febrero del 2023,2023-02
2023-02,C,CMAC Cusco,0.33,-,6.65,5.76,7.48,7.49,6.99,4.77,Tasas Pasivas Anuales de las Operaciones en Moneda Nacional Realizadas Durante el Mes Por tipo de Depósito a Febrero del 2023,2023-02
2023-02,C,CMAC del Santa,0.6,-,1.18,2.29,2.85,4.65,4.3,6.5,Tasas Pasivas Anuales de las Operaciones en Moneda Nacional Realizadas Durante el Mes Por tipo de Depósito a Febrero del 2023,2023-02
2023-02,C,CMAC Huancayo,0.67,2.13,2.19,4.11,5.04,7.75,7.27,7.0,Tasas Pasivas Anuales de las Operaciones en Moneda Nacional Realizadas Durante el Mes Por tipo de Depósito a Febrero del 2023,2023-02
2023-02,C,CMAC Ica,0.49,-,-,-,-,-,-,6.64,Tasas Pasivas Anuales de las Operaciones en Moneda Nacional Realizadas Durante el Mes Por tipo de Depósito a Febrero del 2023,2023-02
2023-02,C,CMAC Maynas,1.83,7.8,8.79,7.19,8.6,8.97,8.44,3.57,Tasas Pasivas Anuales de las Operaciones en Moneda Nacional Realizadas Durante el Mes Por tipo de Depósito a Febrero del 2023,2023-02
2023-02,C,CMAC Paita,0.15,-,4.43,6.86,4.74,6.13,6.03,6.0,Tasas Pasivas Anuales de las Operaciones en Moneda Nacional Realizadas Durante el Mes Por tipo de Depósito a Febrero del 2023,2023-02
2023-02,C,CMAC Piura,0.35,-,1.7,2.16,8.55,9.07,8.49,7.5,Tasas Pasivas Anuales de las Operaciones en Moneda Nacional Realizadas Durante el Mes Por tipo de Depósito a Febrero del 2023,2023-02
2023-02,C,CMAC Sullana,0.52,-,2.95,4.82,4.44,7.45,7.07,6.24,Tasas Pasivas Anuales de las Operaciones en Moneda Nacional Realizadas Durante el Mes Por tipo de Depósito a Febrero del 2023,2023-02
2023-02,C,CMAC Tacna,0.83,-,1.2,2.15,5.19,4.95,4.66,4.65,Tasas Pasivas Anuales de las Operaciones en Moneda Nacional Realizadas Durante el Mes Por tipo de Depósito a Febrero del 2023,2023-02
2023-02,C,CMAC Trujillo,0.31,8.07,2.43,3.44,8.03,4.84,7.1,5.86,Tasas Pasivas Anuales de las Operaciones en Moneda Nacional Realizadas Durante el Mes Por tipo de Depósito a Febrero del 2023,2023-02
2023-02,C,CMCP Lima,0.71,2.75,3.07,4.65,7.49,7.54,6.87,6.39,Tasas Pasivas Anuales de las Operaciones en Moneda Nacional Realizadas Durante el Mes Por tipo de Depósito a Febrero del 2023,2023-02
2023-03,C,CMAC Arequipa,1.54,8.1,8.45,8.15,8.57,8.62,8.4,6,Tasas Pasivas Anuales de las Operaciones en Moneda Nacional Realizadas Durante el Mes Por tipo de Depósito a Marzo del 2023,2023-03
2023-03,C,CMAC Cusco,0.34,1.2,4.79,3.3,7.51,7.92,6.27,5.02,Tasas Pasivas Anuales de las Operaciones en Moneda Nacional Realizadas Durante el Mes Por tipo de Depósito a Marzo del 2023,2023-03
2023-03,C,CMAC del Santa,0.6,-,1.05,2.21,2.87,5.25,4.8,6.5,Tasas Pasivas Anuales de las Operaciones en Moneda Nacional Realizadas Durante el Mes Por tipo de Depósito a Marzo del 2023,2023-03
2023-03,C,CMAC Huancayo,0.67,1.88,7.62,5.45,6.35,7.74,7.44,7,Tasas Pasivas Anuales de las Operaciones en Moneda Nacional Realizadas Durante el Mes Por tipo de Depósito a Marzo del 2023,2023-03
2023-03,C,CMAC Ica,0.59,-,-,-,-,-,-,5.19,Tasas Pasivas Anuales de las Operaciones en Moneda Nacional Realizadas Durante el Mes Por tipo de Depósito a Marzo del 2023,2023-03
2023-03,C,CMAC Maynas,0.87,7.85,8.46,6.92,8,8.47,8.1,5.38,Tasas Pasivas Anuales de las Operaciones en Moneda Nacional Realizadas Durante el Mes Por tipo de Depósito a Marzo del 2023,2023-03
2023-03,C,CMAC Paita,0.21,-,8.84,6.42,4.23,6.79,6.74,-,Tasas Pasivas Anuales de las Operaciones en Moneda Nacional Realizadas Durante el Mes Por tipo de Depósito a Marzo del 2023,2023-03
2023-03,C,CMAC Piura,0.35,-,1.79,2.24,8.55,9.1,8.54,7.5,Tasas Pasivas Anuales de las Operaciones en Moneda Nacional Realizadas Durante el Mes Por tipo de Depósito a Marzo del 2023,2023-03
2023-03,C,CMAC Sullana,0.53,-,3.38,4.11,4.98,7.78,7.44,6.17,Tasas Pasivas Anuales de las Operaciones en Moneda Nacional Realizadas Durante el Mes Por tipo de Depósito a Marzo del 2023,2023-03
2023-03,C,CMAC Tacna,0.84,-,1.39,2.11,4.34,5.84,5.19,6.77,Tasas Pasivas Anuales de las Operaciones en Moneda Nacional Realizadas Durante el Mes Por tipo de Depósito a Marzo del 2023,2023-03
2023-03,C,CMAC Trujillo,0.31,7.87,2.57,3.66,7.6,5.12,6.84,5.92,Tasas Pasivas Anuales de las Operaciones en Moneda Nacional Realizadas Durante el Mes Por tipo de Depósito a Marzo del 2023,2023-03
2023-03,C,CMCP Lima,0.72,2.75,2.82,4.92,7.47,8.03,7.27,6.39,Tasas Pasivas Anuales de las Operaciones en Moneda Nacional Realizadas Durante el Mes Por tipo de Depósito a Marzo del 2023,2023-03
2023-04,C,CMAC Arequipa,1.47,8.16,8.23,8.34,8.55,8.22,8.34,6.29,Tasas Pasivas Anuales de las Operaciones en Moneda Nacional Realizadas Durante el Mes Por tipo de Depósito a Abril del 2023,2023-04
2023-04,C,CMAC Cusco,0.33,1.2,7.56,5.02,7.05,7.03,6.98,3.58,Tasas Pasivas Anuales de las Operaciones en Moneda Nacional Realizadas Durante el Mes Por tipo de Depósito a Abril del 2023,2023-04
2023-04,C,CMAC del Santa,0.6,-,2.02,2.65,3.85,6.22,5.79,6.5,Tasas Pasivas Anuales de las Operaciones en Moneda Nacional Realizadas Durante el Mes Por tipo de Depósito a Abril del 2023,2023-04
2023-04,C,CMAC Huancayo,0.67,1.84,6.38,4.99,6.87,7.41,7.17,7.0,Tasas Pasivas Anuales de las Operaciones en Moneda Nacional Realizadas Durante el Mes Por tipo de Depósito a Abril del 2023,2023-04
2023-04,C,CMAC Ica,0.52,-,5.25,6.47,6.81,8.45,7.84,5.81,Tasas Pasivas Anuales de las Operaciones en Moneda Nacional Realizadas Durante el Mes Por tipo de Depósito a Abril del 2023,2023-04
2023-04,C,CMAC Maynas,0.58,8.8,3.73,8.22,7.62,9.06,8.58,5.13,Tasas Pasivas Anuales de las Operaciones en Moneda Nacional Realizadas Durante el Mes Por tipo de Depósito a Abril del 2023,2023-04
2023-04,C,CMAC Paita,0.18,-,4.95,6.63,4.52,7.19,6.49,6.69,Tasas Pasivas Anuales de las Operaciones en Moneda Nacional Realizadas Durante el Mes Por tipo de Depósito a Abril del 2023,2023-04
2023-04,C,CMAC Piura,0.35,-,1.78,2.22,8.51,9.09,8.55,7.5,Tasas Pasivas Anuales de las Operaciones en Moneda Nacional Realizadas Durante el Mes Por tipo de Depósito a Abril del 2023,2023-04
2023-04,C,CMAC Sullana,0.55,-,6.45,4.2,4.44,6.85,6.6,6.26,Tasas Pasivas Anuales de las Operaciones en Moneda Nacional Realizadas Durante el Mes Por tipo de Depósito a Abril del 2023,2023-04
2023-04,C,CMAC Tacna,0.84,-,1.48,3.2,5.28,5.95,5.29,4.59,Tasas Pasivas Anuales de las Operaciones en Moneda Nacional Realizadas Durante el Mes Por tipo de Depósito a Abril del 2023,2023-04
2023-04,C,CMAC Trujillo,0.3,-,2.7,5.36,7.62,6.82,7.09,5.82,Tasas Pasivas Anuales de las Operaciones en Moneda Nacional Realizadas Durante el Mes Por tipo de Depósito a Abril del 2023,2023-04
2023-04,C,CMCP Lima,0.71,2.75,2.75,4.78,7.62,8.15,7.52,6.4,Tasas Pasivas Anuales de las Operaciones en Moneda Nacional Realizadas Durante el Mes Por tipo de Depósito a Abril del 2023,2023-04
2023-05,C,CMAC Arequipa,1.6,8.15,8.28,8.48,8.56,8.53,8.37,6.3,Tasas Pasivas Anuales de las Operaciones en Moneda Nacional Realizadas Durante el Mes Por tipo de Depósito a Mayo del 2023,2023-05
2023-05,C,CMAC Cusco,0.37,-,5.41,5.72,7.74,6.12,6.9,5.27,Tasas Pasivas Anuales de las Operaciones en Moneda Nacional Realizadas Durante el Mes Por tipo de Depósito a Mayo del 2023,2023-05
2023-05,C,CMAC del Santa,0.6,-,1.77,3.58,3.55,6.53,6.11,6.5,Tasas Pasivas Anuales de las Operaciones en Moneda Nacional Realizadas Durante el Mes Por tipo de Depósito a Mayo del 2023,2023-05
2023-05,C,CMAC Huancayo,1.7,1.83,1.83,5.98,7.7,7.65,7.51,7.01,Tasas Pasivas Anuales de las Operaciones en Moneda Nacional Realizadas Durante el Mes Por tipo de Depósito a Mayo del 2023,2023-05
2023-05,C,CMAC Ica,0.82,-,5.48,6.11,8.14,8.85,8.55,5.01,Tasas Pasivas Anuales de las Operaciones en Moneda Nacional Realizadas Durante el Mes Por tipo de Depósito a Mayo del 2023,2023-05
2023-05,C,CMAC Maynas,1.98,7.95,9.19,6.63,8.21,8.5,8.18,5.61,Tasas Pasivas Anuales de las Operaciones en Moneda Nacional Realizadas Durante el Mes Por tipo de Depósito a Mayo del 2023,2023-05
2023-05,C,CMAC Paita,0.16,-,7.65,3.45,4.97,6.59,6.54,6.04,Tasas Pasivas Anuales de las Operaciones en Moneda Nacional Realizadas Durante el Mes Por tipo de Depósito a Mayo del 2023,2023-05
2023-05,C,CMAC Piura,0.35,-,1.77,2.26,8.55,9.11,8.52,7.5,Tasas Pasivas Anuales de las Operaciones en Moneda Nacional Realizadas Durante el Mes Por tipo de Depósito a Mayo del 2023,2023-05
2023-05,C,CMAC Sullana,0.56,-,6.2,4.12,5.02,6.8,6.5,6.14,Tasas Pasivas Anuales de las Operaciones en Moneda Nacional Realizadas Durante el Mes Por tipo de Depósito a Mayo del 2023,2023-05
2023-05,C,CMAC Tacna,0.82,-,1.45,2.11,4.55,7.22,6.79,4.89,Tasas Pasivas Anuales de las Operaciones en Moneda Nacional Realizadas Durante el Mes Por tipo de Depósito a Mayo del 2023,2023-05
2023-05,C,CMAC Trujillo,0.28,-,2.58,3.89,7.41,5.81,6.92,5.83,Tasas Pasivas Anuales de las Operaciones en Moneda Nacional Realizadas Durante el Mes Por tipo de Depósito a Mayo del 2023,2023-05
2023-05,C,CMCP Lima,0.67,2.75,2.75,5.63,7.81,7.84,7.55,6.52,Tasas Pasivas Anuales de las Operaciones en Moneda Nacional Realizadas Durante el Mes Por tipo de Depósito a Mayo del 2023,2023-05
2023-06,C,CMAC Arequipa,1.59,8.26,7.93,8.09,8.63,8.97,8.34,5.86,Tasas Pasivas Anuales de las Operaciones en Moneda Nacional Realizadas Durante el Mes Por tipo de Depósito a Junio del 2023,2023-06
2023-06,C,CMAC Cusco,0.37,-,4.64,4.71,6.74,7.36,6.3,5.1,Tasas Pasivas Anuales de las Operaciones en Moneda Nacional Realizadas Durante el Mes Por tipo de Depósito a Junio del 2023,2023-06
2023-06,C,CMAC del Santa,0.6,-,3.18,3.51,4.51,6.54,6.04,6.5,Tasas Pasivas Anuales de las Operaciones en Moneda Nacional Realizadas Durante el Mes Por tipo de Depósito a Junio del 2023,2023-06
2023-06,C,CMAC Huancayo,1.83,1.8,1.79,7.0,6.16,7.35,7.11,7.0,Tasas Pasivas Anuales de las Operaciones en Moneda Nacional Realizadas Durante el Mes Por tipo de Depósito a Junio del 2023,2023-06
2023-06,C,CMAC Ica,0.91,-,5.42,6.72,8.46,8.79,8.55,5.61,Tasas Pasivas Anuales de las Operaciones en Moneda Nacional Realizadas Durante el Mes Por tipo de Depósito a Junio del 2023,2023-06
2023-06,C,CMAC Maynas,2.99,8.3,0.5,8.0,8.43,8.84,8.41,5.28,Tasas Pasivas Anuales de las Operaciones en Moneda Nacional Realizadas Durante el Mes Por tipo de Depósito a Junio del 2023,2023-06
2023-06,C,CMAC Paita,0.13,-,5.82,4.88,4.19,7.35,6.76,6.01,Tasas Pasivas Anuales de las Operaciones en Moneda Nacional Realizadas Durante el Mes Por tipo de Depósito a Junio del 2023,2023-06
2023-06,C,CMAC Piura,0.35,-,1.69,2.23,8.62,9.09,8.56,7.5,Tasas Pasivas Anuales de las Operaciones en Moneda Nacional Realizadas Durante el Mes Por tipo de Depósito a Junio del 2023,2023-06
2023-06,C,CMAC Sullana,0.55,-,3.15,7.69,4.55,8.22,8.03,6.49,Tasas Pasivas Anuales de las Operaciones en Moneda Nacional Realizadas Durante el Mes Por tipo de Depósito a Junio del 2023,2023-06
2023-06,C,CMAC Tacna,0.83,-,1.53,2.19,4.73,6.96,6.48,5.82,Tasas Pasivas Anuales de las Operaciones en Moneda Nacional Realizadas Durante el Mes Por tipo de Depósito a Junio del 2023,2023-06
2023-06,C,CMAC Trujillo,0.27,-,2.66,4.53,6.85,6.26,6.59,5.73,Tasas Pasivas Anuales de las Operaciones en Moneda Nacional Realizadas Durante el Mes Por tipo de Depósito a Junio del 2023,2023-06
2023-06,C,CMCP Lima,0.72,2.8,4.74,8.45,8.32,8.47,8.2,6.42,Tasas Pasivas Anuales de las Operaciones en Moneda Nacional Realizadas Durante el Mes Por tipo de Depósito a Junio del 2023,2023-06
2023-07,C,CMAC Arequipa,2.67,8.32,6.79,8.0,8.53,8.67,8.35,6.11,Tasas Pasivas Anuales de las Operaciones en Moneda Nacional Realizadas Durante el Mes Por tipo de Depósito a Julio del 2023,2023-07
2023-07,C,CMAC Cusco,0.38,-,7.49,4.17,6.11,6.08,6.25,4.98,Tasas Pasivas Anuales de las Operaciones en Moneda Nacional Realizadas Durante el Mes Por tipo de Depósito a Julio del 2023,2023-07
2023-07,C,CMAC del Santa,0.6,-,3.56,3.92,3.7,6.21,5.48,6.5,Tasas Pasivas Anuales de las Operaciones en Moneda Nacional Realizadas Durante el Mes Por tipo de Depósito a Julio del 2023,2023-07
2023-07,C,CMAC Huancayo,1.93,1.86,1.93,5.22,6.61,7.41,7.16,7.0,Tasas Pasivas Anuales de las Operaciones en Moneda Nacional Realizadas Durante el Mes Por tipo de Depósito a Julio del 2023,2023-07
2023-07,C,CMAC Ica,0.94,-,5.45,6.97,8.51,8.75,8.6,5.55,Tasas Pasivas Anuales de las Operaciones en Moneda Nacional Realizadas Durante el Mes Por tipo de Depósito a Julio del 2023,2023-07
2023-07,C,CMAC Maynas,4.13,8.5,8.54,7.14,8.75,8.52,8.5,5.13,Tasas Pasivas Anuales de las Operaciones en Moneda Nacional Realizadas Durante el Mes Por tipo de Depósito a Julio del 2023,2023-07
2023-07,C,CMAC Paita,0.17,-,4.22,5.95,4.72,7.17,6.45,6.01,Tasas Pasivas Anuales de las Operaciones en Moneda Nacional Realizadas Durante el Mes Por tipo de Depósito a Julio del 2023,2023-07
2023-07,C,CMAC Piura,0.35,-,1.76,2.12,8.5,9.14,8.55,7.51,Tasas Pasivas Anuales de las Operaciones en Moneda Nacional Realizadas Durante el Mes Por tipo de Depósito a Julio del 2023,2023-07
2023-07,C,CMAC Sullana,0.55,-,2.89,9.29,5.17,8.24,8.57,7.24,Tasas Pasivas Anuales de las Operaciones en Moneda Nacional Realizadas Durante el Mes Por tipo de Depósito a Julio del 2023,2023-07
2023-07,C,CMAC Tacna,0.87,-,1.47,6.21,4.6,6.91,6.55,5.09,Tasas Pasivas Anuales de las Operaciones en Moneda Nacional Realizadas Durante el Mes Por tipo de Depósito a Julio del 2023,2023-07
2023-07,C,CMAC Trujillo,0.28,-,2.72,4.1,6.75,5.1,6.41,5.76,Tasas Pasivas Anuales de las Operaciones en Moneda Nacional Realizadas Durante el Mes Por tipo de Depósito a Julio del 2023,2023-07
2023-07,C,CMCP Lima,0.74,2.75,2.75,8.45,8.74,8.81,8.69,6.47,Tasas Pasivas Anuales de las Operaciones en Moneda Nacional Realizadas Durante el Mes Por tipo de Depósito a Julio del 2023,2023-07
2023-08,C,CMAC Arequipa,2.73,8.29,8.59,8.04,8.47,8.49,8.37,6.33,Tasas Pasivas Anuales de las Operaciones en Moneda Nacional Realizadas Durante el Mes Por tipo de Depósito a Agosto del 2023,2023-08
2023-08,C,CMAC Cusco,0.39,1.96,7.47,8.2,7.42,5.44,7.54,5.01,Tasas Pasivas Anuales de las Operaciones en Moneda Nacional Realizadas Durante el Mes Por tipo de Depósito a Agosto del 2023,2023-08
2023-08,C,CMAC del Santa,0.6,-,1.1,2.34,2.77,8.24,7.89,6.5,Tasas Pasivas Anuales de las Operaciones en Moneda Nacional Realizadas Durante el Mes Por tipo de Depósito a Agosto del 2023,2023-08
2023-08,C,CMAC Huancayo,2.0,2.01,2.72,5.44,6.36,7.66,7.34,7.0,Tasas Pasivas Anuales de las Operaciones en Moneda Nacional Realizadas Durante el Mes Por tipo de Depósito a Agosto del 2023,2023-08
2023-08,C,CMAC Ica,1.3,-,5.35,6.85,8.51,8.81,8.63,5.28,Tasas Pasivas Anuales de las Operaciones en Moneda Nacional Realizadas Durante el Mes Por tipo de Depósito a Agosto del 2023,2023-08
2023-08,C,CMAC Maynas,4.27,8.6,8.81,7.98,8.76,8.39,8.6,7.13,Tasas Pasivas Anuales de las Operaciones en Moneda Nacional Realizadas Durante el Mes Por tipo de Depósito a Agosto del 2023,2023-08
2023-08,C,CMAC Paita,0.15,7.5,4.5,6.02,4.41,6.93,6.06,6.23,Tasas Pasivas Anuales de las Operaciones en Moneda Nacional Realizadas Durante el Mes Por tipo de Depósito a Agosto del 2023,2023-08
2023-08,C,CMAC Piura,0.35,-,1.71,8.14,8.55,8.53,8.31,7.5,Tasas Pasivas Anuales de las Operaciones en Moneda Nacional Realizadas Durante el Mes Por tipo de Depósito a Agosto del 2023,2023-08
2023-08,C,CMAC Sullana,0.55,-,6.1,9.4,5.26,8.29,8.83,7.05,Tasas Pasivas Anuales de las Operaciones en Moneda Nacional Realizadas Durante el Mes Por tipo de Depósito a Agosto del 2023,2023-08
2023-08,C,CMAC Tacna,0.82,-,1.48,5.38,5.94,6.99,6.63,4.87,Tasas Pasivas Anuales de las Operaciones en Moneda Nacional Realizadas Durante el Mes Por tipo de Depósito a Agosto del 2023,2023-08
2023-08,C,CMAC Trujillo,0.27,7.63,2.98,4.41,7.41,5.85,7.01,5.92,Tasas Pasivas Anuales de las Operaciones en Moneda Nacional Realizadas Durante el Mes Por tipo de Depósito a Agosto del 2023,2023-08
2023-08,C,CMCP Lima,0.71,2.75,2.75,8.34,8.81,8.69,8.71,6.44,Tasas Pasivas Anuales de las Operaciones en Moneda Nacional Realizadas Durante el Mes Por tipo de Depósito a Agosto del 2023,2023-08
2023-09,C,CMAC Arequipa,2.55,7.99,8.03,8.1,8.5,8.17,8.12,6.05,Tasas Pasivas Anuales de las Operaciones en Moneda Nacional Realizadas Durante el Mes Por tipo de Depósito a Septiembre del 2023,2023-09
2023-09,C,CMAC Cusco,0.43,1.2,6.3,8.18,7.26,7.56,7.34,5.01,Tasas Pasivas Anuales de las Operaciones en Moneda Nacional Realizadas Durante el Mes Por tipo de Depósito a Septiembre del 2023,2023-09
2023-09,C,CMAC del Santa,0.6,-,1.31,2.23,2.84,7.71,7.37,6.5,Tasas Pasivas Anuales de las Operaciones en Moneda Nacional Realizadas Durante el Mes Por tipo de Depósito a Septiembre del 2023,2023-09
2023-09,C,CMAC Huancayo,2.11,6.55,3.93,8.39,4.94,7.55,7.74,7.02,Tasas Pasivas Anuales de las Operaciones en Moneda Nacional Realizadas Durante el Mes Por tipo de Depósito a Septiembre del 2023,2023-09
2023-09,C,CMAC Ica,1.23,-,5.46,7.94,8.63,8.17,8.36,5.13,Tasas Pasivas Anuales de las Operaciones en Moneda Nacional Realizadas Durante el Mes Por tipo de Depósito a Septiembre del 2023,2023-09
2023-09,C,CMAC Maynas,3.54,8.6,4.93,8.3,8.77,8.56,8.6,5.78,Tasas Pasivas Anuales de las Operaciones en Moneda Nacional Realizadas Durante el Mes Por tipo de Depósito a Septiembre del 2023,2023-09
2023-09,C,CMAC Paita,0.15,7.5,8.09,6.9,3.9,6.76,6.99,6.2,Tasas Pasivas Anuales de las Operaciones en Moneda Nacional Realizadas Durante el Mes Por tipo de Depósito a Septiembre del 2023,2023-09
2023-09,C,CMAC Piura,0.35,-,1.69,7.92,8.61,4.28,8.35,7.5,Tasas Pasivas Anuales de las Operaciones en Moneda Nacional Realizadas Durante el Mes Por tipo de Depósito a Septiembre del 2023,2023-09
2023-09,C,CMAC Sullana,0.54,-,2.89,9.21,5.82,8.19,8.56,6.17,Tasas Pasivas Anuales de las Operaciones en Moneda Nacional Realizadas Durante el Mes Por tipo de Depósito a Septiembre del 2023,2023-09
2023-09,C,CMAC Tacna,0.82,-,1.43,4.39,5.32,6.97,6.04,5.4,Tasas Pasivas Anuales de las Operaciones en Moneda Nacional Realizadas Durante el Mes Por tipo de Depósito a Septiembre del 2023,2023-09
2023-09,C,CMAC Trujillo,0.28,-,2.76,5.08,6.29,4.56,5.92,5.9,Tasas Pasivas Anuales de las Operaciones en Moneda Nacional Realizadas Durante el Mes Por tipo de Depósito a Septiembre del 2023,2023-09
2023-09,C,CMCP Lima,0.76,2.75,2.82,8.45,8.8,8.82,8.67,6.41,Tasas Pasivas Anuales de las Operaciones en Moneda Nacional Realizadas Durante el Mes Por tipo de Depósito a Septiembre del 2023,2023-09
2023-10,C,CMAC Arequipa,2.47,7.52,7.69,8.11,8.53,7.62,7.85,6.0,Tasas Pasivas Anuales de las Operaciones en Moneda Nacional Realizadas Durante el Mes Por tipo de Depósito a Octubre del 2023,2023-10
2023-10,C,CMAC Cusco,0.43,1.5,7.0,8.0,7.35,4.84,7.39,5.02,Tasas Pasivas Anuales de las Operaciones en Moneda Nacional Realizadas Durante el Mes Por tipo de Depósito a Octubre del 2023,2023-10
2023-10,C,CMAC del Santa,0.6,-,1.26,7.09,7.3,4.71,5.84,6.5,Tasas Pasivas Anuales de las Operaciones en Moneda Nacional Realizadas Durante el Mes Por tipo de Depósito a Octubre del 2023,2023-10
2023-10,C,CMAC Huancayo,1.4,1.96,1.84,8.53,5.27,5.55,7.6,7.02,Tasas Pasivas Anuales de las Operaciones en Moneda Nacional Realizadas Durante el Mes Por tipo de Depósito a Octubre del 2023,2023-10
2023-10,C,CMAC Ica,1.62,-,5.49,8.23,8.65,8.21,8.41,5.72,Tasas Pasivas Anuales de las Operaciones en Moneda Nacional Realizadas Durante el Mes Por tipo de Depósito a Octubre del 2023,2023-10
2023-10,C,CMAC Maynas,3.94,-,5.63,8.69,8.87,8.68,8.78,5.81,Tasas Pasivas Anuales de las Operaciones en Moneda Nacional Realizadas Durante el Mes Por tipo de Depósito a Octubre del 2023,2023-10
2023-10,C,CMAC Paita,0.13,8,5.83,4.16,4.91,6.92,6.49,6.17,Tasas Pasivas Anuales de las Operaciones en Moneda Nacional Realizadas Durante el Mes Por tipo de Depósito a Octubre del 2023,2023-10
2023-10,C,CMAC Piura,0.35,7.6,2.51,8.18,8.56,7.33,8.34,7.5,Tasas Pasivas Anuales de las Operaciones en Moneda Nacional Realizadas Durante el Mes Por tipo de Depósito a Octubre del 2023,2023-10
2023-10,C,CMAC Sullana,0.57,-,3.22,7.43,4.89,8.2,7.99,6.51,Tasas Pasivas Anuales de las Operaciones en Moneda Nacional Realizadas Durante el Mes Por tipo de Depósito a Octubre del 2023,2023-10
2023-10,C,CMAC Tacna,0.83,-,7.1,3.3,4.96,7.94,6.78,5.03,Tasas Pasivas Anuales de las Operaciones en Moneda Nacional Realizadas Durante el Mes Por tipo de Depósito a Octubre del 2023,2023-10
2023-10,C,CMAC Trujillo,0.29,-,5.24,4.88,6.51,4.63,6.17,5.93,Tasas Pasivas Anuales de las Operaciones en Moneda Nacional Realizadas Durante el Mes Por tipo de Depósito a Octubre del 2023,2023-10
2023-10,C,CMCP Lima,0.78,2.75,2.75,9.13,9.0,8.98,9.02,6.4,Tasas Pasivas Anuales de las Operaciones en Moneda Nacional Realizadas Durante el Mes Por tipo de Depósito a Octubre del 2023,2023-10
2023-11,C,CMAC Arequipa,2.01,7.27,7.7,8.04,7.66,6.26,7.44,6.24,Tasas Pasivas Anuales de las Operaciones en Moneda Nacional Realizadas Durante el Mes Por tipo de Depósito a Noviembre del 2023,2023-11
2023-11,C,CMAC Cusco,0.44,7.1,7.24,7.68,7.4,3.65,7.35,5.29,Tasas Pasivas Anuales de las Operaciones en Moneda Nacional Realizadas Durante el Mes Por tipo de Depósito a Noviembre del 2023,2023-11
2023-11,C,CMAC del Santa,0.6,-,1.16,7.72,8.45,3.81,6.29,6.5,Tasas Pasivas Anuales de las Operaciones en Moneda Nacional Realizadas Durante el Mes Por tipo de Depósito a Noviembre del 2023,2023-11
2023-11,C,CMAC Huancayo,1.41,2,6.89,3.18,5.9,6.71,6.5,7.02,Tasas Pasivas Anuales de las Operaciones en Moneda Nacional Realizadas Durante el Mes Por tipo de Depósito a Noviembre del 2023,2023-11
2023-11,C,CMAC Ica,1.29,-,5.49,7.71,8.24,7.91,8.01,4.88,Tasas Pasivas Anuales de las Operaciones en Moneda Nacional Realizadas Durante el Mes Por tipo de Depósito a Noviembre del 2023,2023-11
2023-11,C,CMAC Maynas,3.38,-,8.63,8.87,8.72,8.25,8.71,5.65,Tasas Pasivas Anuales de las Operaciones en Moneda Nacional Realizadas Durante el Mes Por tipo de Depósito a Noviembre del 2023,2023-11
2023-11,C,CMAC Paita,0.14,6.01,5.38,5.63,6.77,6.66,6.2,6.05,Tasas Pasivas Anuales de las Operaciones en Moneda Nacional Realizadas Durante el Mes Por tipo de Depósito a Noviembre del 2023,2023-11
2023-11,C,CMAC Piura,0.35,-,2.39,8.22,8.55,4.01,8.4,7.5,Tasas Pasivas Anuales de las Operaciones en Moneda Nacional Realizadas Durante el Mes Por tipo de Depósito a Noviembre del 2023,2023-11
2023-11,C,CMAC Sullana,0.54,-,6.25,9.35,5.03,8.31,8.76,6.24,Tasas Pasivas Anuales de las Operaciones en Moneda Nacional Realizadas Durante el Mes Por tipo de Depósito a Noviembre del 2023,2023-11
2023-11,C,CMAC Tacna,0.83,-,7.31,3.97,3.92,8.17,6.92,4.96,Tasas Pasivas Anuales de las Operaciones en Moneda Nacional Realizadas Durante el Mes Por tipo de Depósito a Noviembre del 2023,2023-11
2023-11,C,CMAC Trujillo,0.3,7.07,6.4,5.18,6.87,4.4,6.47,5.83,Tasas Pasivas Anuales de las Operaciones en Moneda Nacional Realizadas Durante el Mes Por tipo de Depósito a Noviembre del 2023,2023-11
2023-11,C,CMCP Lima,0.91,2.75,5.29,8.92,8.6,8.59,8.63,6.52,Tasas Pasivas Anuales de las Operaciones en Moneda Nacional Realizadas Durante el Mes Por tipo de Depósito a Noviembre del 2023,2023-11
2023-12,C,CMAC Arequipa,2.18,7.16,7.47,7.62,7.23,5.54,7.23,6.29,Tasas Pasivas Anuales de las Operaciones en Moneda Nacional Realizadas Durante el Mes Por tipo de Depósito a Diciembre del 2023,2023-12
2023-12,C,CMAC Cusco,0.54,1.2,6.81,7.11,6.36,6.1,6.62,5.04,Tasas Pasivas Anuales de las Operaciones en Moneda Nacional Realizadas Durante el Mes Por tipo de Depósito a Diciembre del 2023,2023-12
2023-12,C,CMAC del Santa,0.6,-,1.31,8.42,8.19,3.82,6.92,6.5,Tasas Pasivas Anuales de las Operaciones en Moneda Nacional Realizadas Durante el Mes Por tipo de Depósito a Diciembre del 2023,2023-12
2023-12,C,CMAC Huancayo,1.34,2.1,6.3,2.75,6.17,6.65,6.43,7.0,Tasas Pasivas Anuales de las Operaciones en Moneda Nacional Realizadas Durante el Mes Por tipo de Depósito a Diciembre del 2023,2023-12
2023-12,C,CMAC Ica,1.37,-,5.48,8.13,8.13,7.55,7.96,5.21,Tasas Pasivas Anuales de las Operaciones en Moneda Nacional Realizadas Durante el Mes Por tipo de Depósito a Diciembre del 2023,2023-12
2023-12,C,CMAC Maynas,3.92,-,1.22,7.95,8.81,8.17,8.61,5.07,Tasas Pasivas Anuales de las Operaciones en Moneda Nacional Realizadas Durante el Mes Por tipo de Depósito a Diciembre del 2023,2023-12
2023-12,C,CMAC Paita,0.27,8,8.5,7.33,6.03,6.94,7.27,6.18,Tasas Pasivas Anuales de las Operaciones en Moneda Nacional Realizadas Durante el Mes Por tipo de Depósito a Diciembre del 2023,2023-12
2023-12,C,CMAC Piura,0.35,-,3.28,8.29,8.64,3.92,8.5,7.5,Tasas Pasivas Anuales de las Operaciones en Moneda Nacional Realizadas Durante el Mes Por tipo de Depósito a Diciembre del 2023,2023-12
2023-12,C,CMAC Sullana,0.54,-,3.26,9.43,7.58,8.4,8.97,6.86,Tasas Pasivas Anuales de las Operaciones en Moneda Nacional Realizadas Durante el Mes Por tipo de Depósito a Diciembre del 2023,2023-12
2023-12,C,CMAC Tacna,0.86,-,6.25,3.54,3.48,7.97,6.86,5.9,Tasas Pasivas Anuales de las Operaciones en Moneda Nacional Realizadas Durante el Mes Por tipo de Depósito a Diciembre del 2023,2023-12
2023-12,C,CMAC Trujillo,0.32,7.13,6.04,4.82,6.29,4.84,5.97,5.75,Tasas Pasivas Anuales de las Operaciones en Moneda Nacional Realizadas Durante el Mes Por tipo de Depósito a Diciembre del 2023,2023-12
2023-12,C,CMCP Lima,0.94,-,2.75,8.22,8.05,8.21,8.14,6.4,Tasas Pasivas Anuales de las Operaciones en Moneda Nacional Realizadas Durante el Mes Por tipo de Depósito a Diciembre del 2023,2023-12
2024-01,C,CMAC Arequipa,2.28,6.78,6.92,6.58,6.82,6.31,6.77,6.55,Tasas Pasivas Anuales de las Operaciones en Moneda Nacional Realizadas Durante el Mes Por tipo de Depósito a Enero del 2024,2024-01
2024-01,C,CMAC Cusco,0.42,1.28,6.65,6.17,5.57,5.26,6.04,4.87,Tasas Pasivas Anuales de las Operaciones en Moneda Nacional Realizadas Durante el Mes Por tipo de Depósito a Enero del 2024,2024-01
2024-01,C,CMAC del Santa,0.6,-,1.27,3.98,6.82,3.98,5.15,6.5,Tasas Pasivas Anuales de las Operaciones en Moneda Nacional Realizadas Durante el Mes Por tipo de Depósito a Enero del 2024,2024-01
2024-01,C,CMAC Huancayo,1.49,2.05,6.0,2.83,6.12,6.96,6.69,7.0,Tasas Pasivas Anuales de las Operaciones en Moneda Nacional Realizadas Durante el Mes Por tipo de Depósito a Enero del 2024,2024-01
2024-01,C,CMAC Ica,1.27,2.5,5.48,8.0,8.09,7.74,7.81,5.33,Tasas Pasivas Anuales de las Operaciones en Moneda Nacional Realizadas Durante el Mes Por tipo de Depósito a Enero del 2024,2024-01
2024-01,C,CMAC Maynas,0.91,-,7.76,7.14,7.96,7.42,7.78,6.09,Tasas Pasivas Anuales de las Operaciones en Moneda Nacional Realizadas Durante el Mes Por tipo de Depósito a Enero del 2024,2024-01
2024-01,C,CMAC Paita,0.17,-,8.1,7.25,6.71,6.7,6.99,6.02,Tasas Pasivas Anuales de las Operaciones en Moneda Nacional Realizadas Durante el Mes Por tipo de Depósito a Enero del 2024,2024-01
2024-01,C,CMAC Piura,0.35,-,5.44,7.84,8.18,4.15,8.05,7.5,Tasas Pasivas Anuales de las Operaciones en Moneda Nacional Realizadas Durante el Mes Por tipo de Depósito a Enero del 2024,2024-01
2024-01,C,CMAC Sullana,0.51,-,7.9,6.22,4.47,8.03,7.94,6.59,Tasas Pasivas Anuales de las Operaciones en Moneda Nacional Realizadas Durante el Mes Por tipo de Depósito a Enero del 2024,2024-01
2024-01,C,CMAC Tacna,0.84,-,7.42,3.53,5.07,7.17,6.28,4.72,Tasas Pasivas Anuales de las Operaciones en Moneda Nacional Realizadas Durante el Mes Por tipo de Depósito a Enero del 2024,2024-01
2024-01,C,CMAC Trujillo,0.32,-,6.04,4.32,5.52,4.27,5.45,5.83,Tasas Pasivas Anuales de las Operaciones en Moneda Nacional Realizadas Durante el Mes Por tipo de Depósito a Enero del 2024,2024-01
2024-01,C,CMCP Lima,0.8,-,2.75,7.08,7.42,7.46,7.33,6.42,Tasas Pasivas Anuales de las Operaciones en Moneda Nacional Realizadas Durante el Mes Por tipo de Depósito a Enero del 2024,2024-01
2024-02,C,CMAC Arequipa,2.65,6.39,6.77,6.7,6.64,3.27,6.5,6.01,Tasas Pasivas Anuales de las Operaciones en Moneda Nacional Realizadas Durante el Mes Por tipo de Depósito a Febrero del 2024,2024-02
2024-02,C,CMAC Cusco,0.4,6.41,5.89,5.0,5.07,4.24,5.37,4.71,Tasas Pasivas Anuales de las Operaciones en Moneda Nacional Realizadas Durante el Mes Por tipo de Depósito a Febrero del 2024,2024-02
2024-02,C,CMAC del Santa,0.6,-,1.04,2.33,6.66,4.11,4.92,-,Tasas Pasivas Anuales de las Operaciones en Moneda Nacional Realizadas Durante el Mes Por tipo de Depósito a Febrero del 2024,2024-02
2024-02,C,CMAC Huancayo,3.0,5.63,5.74,5.71,6.52,4.24,5.86,7,Tasas Pasivas Anuales de las Operaciones en Moneda Nacional Realizadas Durante el Mes Por tipo de Depósito a Febrero del 2024,2024-02
2024-02,C,CMAC Ica,1.28,-,5.22,7.67,7.6,6.73,7.51,4.76,Tasas Pasivas Anuales de las Operaciones en Moneda Nacional Realizadas Durante el Mes Por tipo de Depósito a Febrero del 2024,2024-02
2024-02,C,CMAC Maynas,0.91,-,7.18,7.55,8.0,7.07,7.75,5.03,Tasas Pasivas Anuales de las Operaciones en Moneda Nacional Realizadas Durante el Mes Por tipo de Depósito a Febrero del 2024,2024-02
2024-02,C,CMAC Paita,0.15,-,7.84,4.95,8.23,6.15,6.62,6.02,Tasas Pasivas Anuales de las Operaciones en Moneda Nacional Realizadas Durante el Mes Por tipo de Depósito a Febrero del 2024,2024-02
2024-02,C,CMAC Piura,0.35,-,1.79,7.87,8.17,4.63,8.04,7.51,Tasas Pasivas Anuales de las Operaciones en Moneda Nacional Realizadas Durante el Mes Por tipo de Depósito a Febrero del 2024,2024-02
2024-02,C,CMAC Sullana,0.5,-,4.02,4.2,4.83,8.1,7.99,6.83,Tasas Pasivas Anuales de las Operaciones en Moneda Nacional Realizadas Durante el Mes Por tipo de Depósito a Febrero del 2024,2024-02
2024-02,C,CMAC Tacna,0.83,-,2.27,5.63,4.39,7.82,7.18,5.57,Tasas Pasivas Anuales de las Operaciones en Moneda Nacional Realizadas Durante el Mes Por tipo de Depósito a Febrero del 2024,2024-02
2024-02,C,CMAC Trujillo,0.32,6.17,5.63,4.8,5.53,4.1,5.49,5.9,Tasas Pasivas Anuales de las Operaciones en Moneda Nacional Realizadas Durante el Mes Por tipo de Depósito a Febrero del 2024,2024-02
2024-02,C,CMCP Lima,0.76,-,2.75,7.1,6.95,6.96,6.98,6.45,Tasas Pasivas Anuales de las Operaciones en Moneda Nacional Realizadas Durante el Mes Por tipo de Depósito a Febrero del 2024,2024-02
2024-03,C,CMAC Arequipa,2.09,6.11,6.47,6.35,6.32,5.73,6.19,6.22,Tasas Pasivas Anuales de las Operaciones en Moneda Nacional Realizadas Durante el Mes Por tipo de Depósito a Marzo del 2024,2024-03
2024-03,C,CMAC Cusco,0.57,1.2,6.18,4.47,5.27,4.43,5.54,5.05,Tasas Pasivas Anuales de las Operaciones en Moneda Nacional Realizadas Durante el Mes Por tipo de Depósito a Marzo del 2024,2024-03
2024-03,C,CMAC del Santa,0.6,-,1.3,6.32,2.82,6.54,6.43,6.5,Tasas Pasivas Anuales de las Operaciones en Moneda Nacional Realizadas Durante el Mes Por tipo de Depósito a Marzo del 2024,2024-03
2024-03,C,CMAC Huancayo,2.98,2.54,1.92,4.02,6.59,4.25,5.53,7.0,Tasas Pasivas Anuales de las Operaciones en Moneda Nacional Realizadas Durante el Mes Por tipo de Depósito a Marzo del 2024,2024-03
2024-03,C,CMAC Ica,1.31,-,5.03,6.73,6.73,5.68,6.6,5.36,Tasas Pasivas Anuales de las Operaciones en Moneda Nacional Realizadas Durante el Mes Por tipo de Depósito a Marzo del 2024,2024-03
2024-03,C,CMAC Maynas,3.82,-,6.85,7.63,7.96,4.88,7.82,5.04,Tasas Pasivas Anuales de las Operaciones en Moneda Nacional Realizadas Durante el Mes Por tipo de Depósito a Marzo del 2024,2024-03
2024-03,C,CMAC Paita,0.17,7.85,7.12,6.47,7.6,6.32,6.59,6.36,Tasas Pasivas Anuales de las Operaciones en Moneda Nacional Realizadas Durante el Mes Por tipo de Depósito a Marzo del 2024,2024-03
2024-03,C,CMAC Piura,0.35,-,1.73,6.37,7.49,7.27,7.36,7.5,Tasas Pasivas Anuales de las Operaciones en Moneda Nacional Realizadas Durante el Mes Por tipo de Depósito a Marzo del 2024,2024-03
2024-03,C,CMAC Sullana,0.5,-,2.88,7.17,6.94,7.7,7.56,6.69,Tasas Pasivas Anuales de las Operaciones en Moneda Nacional Realizadas Durante el Mes Por tipo de Depósito a Marzo del 2024,2024-03
2024-03,C,CMAC Tacna,0.83,-,6.01,2.64,4.4,7.92,7.37,4.76,Tasas Pasivas Anuales de las Operaciones en Moneda Nacional Realizadas Durante el Mes Por tipo de Depósito a Marzo del 2024,2024-03
2024-03,C,CMAC Trujillo,0.31,6.42,5.55,5.25,5.66,4.19,5.57,5.86,Tasas Pasivas Anuales de las Operaciones en Moneda Nacional Realizadas Durante el Mes Por tipo de Depósito a Marzo del 2024,2024-03
2024-03,C,CMCP Lima,0.8,2.75,-,7.06,7.07,6.96,7.05,6.43,Tasas Pasivas Anuales de las Operaciones en Moneda Nacional Realizadas Durante el Mes Por tipo de Depósito a Marzo del 2024,2024-03
2024-04,C,CMAC Arequipa,2.09,5.96,6.93,6.4,6.32,3.3,6.3,6.12,Tasas Pasivas Anuales de las Operaciones en Moneda Nacional Realizadas Durante el Mes Por tipo de Depósito a Abril del 2024,2024-04
2024-04,C,CMAC Cusco,0.44,1.26,5.75,5.13,5.5,5.39,5.49,4.94,Tasas Pasivas Anuales de las Operaciones en Moneda Nacional Realizadas Durante el Mes Por tipo de Depósito a Abril del 2024,2024-04
2024-04,C,CMAC del Santa,0.6,-,1.27,4.79,3.12,6.27,5.75,6.5,Tasas Pasivas Anuales de las Operaciones en Moneda Nacional Realizadas Durante el Mes Por tipo de Depósito a Abril del 2024,2024-04
2024-04,C,CMAC Huancayo,3.41,5.11,2.4,4.33,6.73,4.27,5.92,7.0,Tasas Pasivas Anuales de las Operaciones en Moneda Nacional Realizadas Durante el Mes Por tipo de Depósito a Abril del 2024,2024-04
2024-04,C,CMAC Ica,1.31,-,4.9,6.18,6.3,6.17,6.24,5.04,Tasas Pasivas Anuales de las Operaciones en Moneda Nacional Realizadas Durante el Mes Por tipo de Depósito a Abril del 2024,2024-04
2024-04,C,CMAC Maynas,5.19,5,7.52,7.14,7.69,6.64,7.52,5.33,Tasas Pasivas Anuales de las Operaciones en Moneda Nacional Realizadas Durante el Mes Por tipo de Depósito a Abril del 2024,2024-04
2024-04,C,CMAC Paita,0.13,-,5.4,7.59,6.97,6.81,6.7,6.12,Tasas Pasivas Anuales de las Operaciones en Moneda Nacional Realizadas Durante el Mes Por tipo de Depósito a Abril del 2024,2024-04
2024-04,C,CMAC Piura,0.35,-,1.68,3.37,7.27,6.29,7.1,7.5,Tasas Pasivas Anuales de las Operaciones en Moneda Nacional Realizadas Durante el Mes Por tipo de Depósito a Abril del 2024,2024-04
2024-04,C,CMAC Sullana,0.49,-,7.93,7.11,7.12,7.72,7.63,6.56,Tasas Pasivas Anuales de las Operaciones en Moneda Nacional Realizadas Durante el Mes Por tipo de Depósito a Abril del 2024,2024-04
2024-04,C,CMAC Tacna,0.83,-,1.5,1.79,3.29,7.82,7.19,5.23,Tasas Pasivas Anuales de las Operaciones en Moneda Nacional Realizadas Durante el Mes Por tipo de Depósito a Abril del 2024,2024-04
2024-04,C,CMAC Trujillo,0.3,6.11,5.86,5.53,5.45,4.36,5.53,5.93,Tasas Pasivas Anuales de las Operaciones en Moneda Nacional Realizadas Durante el Mes Por tipo de Depósito a Abril del 2024,2024-04
2024-04,C,CMCP Lima,0.79,2.75,2.86,6.95,6.87,6.72,6.85,6.44,Tasas Pasivas Anuales de las Operaciones en Moneda Nacional Realizadas Durante el Mes Por tipo de Depósito a Abril del 2024,2024-04
2024-05,C,CMAC Arequipa,1.84,6.74,6.36,6.14,6.14,3.11,6.27,6.24,Tasas Pasivas Anuales de las Operaciones en Moneda Nacional Realizadas Durante el Mes Por tipo de Depósito a Mayo del 2024,2024-05
2024-05,C,CMAC Cusco,0.55,1.26,3.43,4.72,5.76,5.78,5.33,5.28,Tasas Pasivas Anuales de las Operaciones en Moneda Nacional Realizadas Durante el Mes Por tipo de Depósito a Mayo del 2024,2024-05
2024-05,C,CMAC del Santa,0.6,-,1.07,4.53,4.15,6.77,6.34,6.5,Tasas Pasivas Anuales de las Operaciones en Moneda Nacional Realizadas Durante el Mes Por tipo de Depósito a Mayo del 2024,2024-05
2024-05,C,CMAC Huancayo,3.67,1.06,1.64,5.37,6.02,4.27,5.37,7.02,Tasas Pasivas Anuales de las Operaciones en Moneda Nacional Realizadas Durante el Mes Por tipo de Depósito a Mayo del 2024,2024-05
2024-05,C,CMAC Ica,1.26,-,4.79,5.44,5.37,4.93,5.34,4.82,Tasas Pasivas Anuales de las Operaciones en Moneda Nacional Realizadas Durante el Mes Por tipo de Depósito a Mayo del 2024,2024-05
2024-05,C,CMAC Maynas,5.06,5.95,6.9,6.47,7.38,7.51,6.99,5.59,Tasas Pasivas Anuales de las Operaciones en Moneda Nacional Realizadas Durante el Mes Por tipo de Depósito a Mayo del 2024,2024-05
2024-05,C,CMAC Paita,0.17,-,6.22,5.65,7.11,6.15,6.4,6.08,Tasas Pasivas Anuales de las Operaciones en Moneda Nacional Realizadas Durante el Mes Por tipo de Depósito a Mayo del 2024,2024-05
2024-05,C,CMAC Piura,0.35,-,2.52,2.89,6.39,4.67,6.12,7.52,Tasas Pasivas Anuales de las Operaciones en Moneda Nacional Realizadas Durante el Mes Por tipo de Depósito a Mayo del 2024,2024-05
2024-05,C,CMAC Sullana,0.48,-,3.12,7.47,7.14,7.69,7.59,6.33,Tasas Pasivas Anuales de las Operaciones en Moneda Nacional Realizadas Durante el Mes Por tipo de Depósito a Mayo del 2024,2024-05
2024-05,C,CMAC Tacna,0.84,-,1.49,2.15,2.86,5.11,4.41,4.9,Tasas Pasivas Anuales de las Operaciones en Moneda Nacional Realizadas Durante el Mes Por tipo de Depósito a Mayo del 2024,2024-05
2024-05,C,CMAC Trujillo,0.29,4.35,4.03,5.29,5.6,5.02,5.4,5.81,Tasas Pasivas Anuales de las Operaciones en Moneda Nacional Realizadas Durante el Mes Por tipo de Depósito a Mayo del 2024,2024-05
2024-05,C,CMCP Lima,1.02,2.75,2.75,6.84,6.95,6.96,6.92,6.56,Tasas Pasivas Anuales de las Operaciones en Moneda Nacional Realizadas Durante el Mes Por tipo de Depósito a Mayo del 2024,2024-05
2024-06,C,CMAC Arequipa,1.77,5.82,5.99,5.89,6.05,3.36,5.92,6.33,Tasas Pasivas Anuales de las Operaciones en Moneda Nacional Realizadas Durante el Mes Por tipo de Depósito a Junio del 2024,2024-06
2024-06,C,CMAC Cusco,0.73,1.28,3.43,2.87,5.88,6.71,5.74,5.04,Tasas Pasivas Anuales de las Operaciones en Moneda Nacional Realizadas Durante el Mes Por tipo de Depósito a Junio del 2024,2024-06
2024-06,C,CMAC del Santa,0.6,-,1.18,4.85,2.86,5.98,5.6,6.5,Tasas Pasivas Anuales de las Operaciones en Moneda Nacional Realizadas Durante el Mes Por tipo de Depósito a Junio del 2024,2024-06
2024-06,C,CMAC Huancayo,1.13,1.37,1.98,2.75,3.63,4.29,3.82,7.0,Tasas Pasivas Anuales de las Operaciones en Moneda Nacional Realizadas Durante el Mes Por tipo de Depósito a Junio del 2024,2024-06
2024-06,C,CMAC Ica,1.6,-,4.4,5.09,5.24,5.08,5.18,4.97,Tasas Pasivas Anuales de las Operaciones en Moneda Nacional Realizadas Durante el Mes Por tipo de Depósito a Junio del 2024,2024-06
2024-06,C,CMAC Maynas,5.71,-,6.51,6.63,6.52,6.01,6.57,5.06,Tasas Pasivas Anuales de las Operaciones en Moneda Nacional Realizadas Durante el Mes Por tipo de Depósito a Junio del 2024,2024-06
2024-06,C,CMAC Paita,0.16,-,5.31,5.0,4.79,5.73,5.49,6.27,Tasas Pasivas Anuales de las Operaciones en Moneda Nacional Realizadas Durante el Mes Por tipo de Depósito a Junio del 2024,2024-06
2024-06,C,CMAC Piura,0.35,-,1.68,2.64,6.03,5.65,5.76,7.5,Tasas Pasivas Anuales de las Operaciones en Moneda Nacional Realizadas Durante el Mes Por tipo de Depósito a Junio del 2024,2024-06
2024-06,C,CMAC Sullana,0.49,-,2.95,7.25,7.13,7.71,7.6,6.47,Tasas Pasivas Anuales de las Operaciones en Moneda Nacional Realizadas Durante el Mes Por tipo de Depósito a Junio del 2024,2024-06
2024-06,C,CMAC Tacna,0.83,-,1.45,2.01,5.05,5.83,5.54,5.32,Tasas Pasivas Anuales de las Operaciones en Moneda Nacional Realizadas Durante el Mes Por tipo de Depósito a Junio del 2024,2024-06
2024-06,C,CMAC Trujillo,0.27,4.52,4.9,5.36,5.23,4.44,5.08,5.85,Tasas Pasivas Anuales de las Operaciones en Moneda Nacional Realizadas Durante el Mes Por tipo de Depósito a Junio del 2024,2024-06
2024-06,C,CMCP Lima,1.11,2.75,2.84,6.24,6.57,6.3,6.43,6.43,Tasas Pasivas Anuales de las Operaciones en Moneda Nacional Realizadas Durante el Mes Por tipo de Depósito a Junio del 2024,2024-06
2024-07,C,CMAC Arequipa,1.43,5.37,6.26,5.64,5.63,3.14,5.75,6.21,Tasas Pasivas Anuales de las Operaciones en Moneda Nacional Realizadas Durante el Mes Por tipo de Depósito a Julio del 2024,2024-07
2024-07,C,CMAC Cusco,1.19,1.2,1.58,3.32,6.06,6.91,6.06,4.57,Tasas Pasivas Anuales de las Operaciones en Moneda Nacional Realizadas Durante el Mes Por tipo de Depósito a Julio del 2024,2024-07
2024-07,C,CMAC del Santa,0.6,-,1.26,6.18,2.78,6.75,6.57,-,Tasas Pasivas Anuales de las Operaciones en Moneda Nacional Realizadas Durante el Mes Por tipo de Depósito a Julio del 2024,2024-07
2024-07,C,CMAC Huancayo,0.98,3.94,1.88,2.48,3.79,4.28,3.9,7.01,Tasas Pasivas Anuales de las Operaciones en Moneda Nacional Realizadas Durante el Mes Por tipo de Depósito a Julio del 2024,2024-07
2024-07,C,CMAC Ica,1.25,-,4.48,5.29,5.17,4.72,5.16,4.82,Tasas Pasivas Anuales de las Operaciones en Moneda Nacional Realizadas Durante el Mes Por tipo de Depósito a Julio del 2024,2024-07
2024-07,C,CMAC Maynas,4.47,0.5,6.34,6.42,6.62,5.4,6.48,5.27,Tasas Pasivas Anuales de las Operaciones en Moneda Nacional Realizadas Durante el Mes Por tipo de Depósito a Julio del 2024,2024-07
2024-07,C,CMAC Paita,0.23,-,6.4,5.21,6.67,5.9,5.98,6.13,Tasas Pasivas Anuales de las Operaciones en Moneda Nacional Realizadas Durante el Mes Por tipo de Depósito a Julio del 2024,2024-07
2024-07,C,CMAC Piura,0.35,-,1.71,2.71,5.42,4.35,4.89,7.5,Tasas Pasivas Anuales de las Operaciones en Moneda Nacional Realizadas Durante el Mes Por tipo de Depósito a Julio del 2024,2024-07
2024-07,C,CMAC Tacna,0.85,-,1.43,5.38,3.19,5.88,5.65,5.64,Tasas Pasivas Anuales de las Operaciones en Moneda Nacional Realizadas Durante el Mes Por tipo de Depósito a Julio del 2024,2024-07
2024-07,C,CMAC Trujillo,0.29,5.58,4.43,5.39,5.28,4.41,5.17,5.75,Tasas Pasivas Anuales de las Operaciones en Moneda Nacional Realizadas Durante el Mes Por tipo de Depósito a Julio del 2024,2024-07
2024-07,C,CMCP Lima,1.18,2.75,5.21,6.79,6.81,6.29,6.78,6.51,Tasas Pasivas Anuales de las Operaciones en Moneda Nacional Realizadas Durante el Mes Por tipo de Depósito a Julio del 2024,2024-07
2024-08,C,CMAC Arequipa,1.32,4.97,5.59,5.58,5.56,3.29,5.47,6.27,Tasas Pasivas Anuales de las Operaciones en Moneda Nacional Realizadas Durante el Mes Por tipo de Depósito a Agosto del 2024,2024-08
2024-08,C,CMAC Cusco,1.37,1.2,2.08,3.35,5.25,5.56,5.07,5.04,Tasas Pasivas Anuales de las Operaciones en Moneda Nacional Realizadas Durante el Mes Por tipo de Depósito a Agosto del 2024,2024-08
2024-08,C,CMAC del Santa,0.6,-,1.04,6.23,2.75,6.24,6.2,6.5,Tasas Pasivas Anuales de las Operaciones en Moneda Nacional Realizadas Durante el Mes Por tipo de Depósito a Agosto del 2024,2024-08
2024-08,C,CMAC Huancayo,0.75,2.78,2.03,2.74,3.64,4.29,3.87,6.48,Tasas Pasivas Anuales de las Operaciones en Moneda Nacional Realizadas Durante el Mes Por tipo de Depósito a Agosto del 2024,2024-08
2024-08,C,CMAC Ica,1.36,-,4.3,5.49,5.47,5.15,5.43,4.54,Tasas Pasivas Anuales de las Operaciones en Moneda Nacional Realizadas Durante el Mes Por tipo de Depósito a Agosto del 2024,2024-08
2024-08,C,CMAC Maynas,4.92,-,5.92,6.15,6.25,6.14,6.17,5.3,Tasas Pasivas Anuales de las Operaciones en Moneda Nacional Realizadas Durante el Mes Por tipo de Depósito a Agosto del 2024,2024-08
2024-08,C,CMAC Paita,0.13,-,5.93,5.14,6.87,6.2,6.12,6.04,Tasas Pasivas Anuales de las Operaciones en Moneda Nacional Realizadas Durante el Mes Por tipo de Depósito a Agosto del 2024,2024-08
2024-08,C,CMAC Piura,0.35,-,1.8,2.26,3.81,4.54,3.31,7.5,Tasas Pasivas Anuales de las Operaciones en Moneda Nacional Realizadas Durante el Mes Por tipo de Depósito a Agosto del 2024,2024-08
2024-08,C,CMAC Tacna,0.82,-,1.53,7.49,4.1,6.01,6.41,4.55,Tasas Pasivas Anuales de las Operaciones en Moneda Nacional Realizadas Durante el Mes Por tipo de Depósito a Agosto del 2024,2024-08
2024-08,C,CMAC Trujillo,0.28,4.74,4.3,5.49,5.37,4.38,5.24,5.81,Tasas Pasivas Anuales de las Operaciones en Moneda Nacional Realizadas Durante el Mes Por tipo de Depósito a Agosto del 2024,2024-08
2024-08,C,CMCP Lima,1.72,-,3.08,6.38,6.68,5.97,6.55,6.45,Tasas Pasivas Anuales de las Operaciones en Moneda Nacional Realizadas Durante el Mes Por tipo de Depósito a Agosto del 2024,2024-08
2024-09,C,CMAC Arequipa,1.43,4.76,5.28,5.29,5.22,4.64,5.18,5.67,Tasas Pasivas Anuales de las Operaciones en Moneda Nacional Realizadas Durante el Mes Por tipo de Depósito a Septiembre del 2024,2024-09
2024-09,C,CMAC Cusco,1.48,1.2,1.39,3.06,3.08,4.17,3.13,5.03,Tasas Pasivas Anuales de las Operaciones en Moneda Nacional Realizadas Durante el Mes Por tipo de Depósito a Septiembre del 2024,2024-09
2024-09,C,CMAC del Santa,0.6,-,1.2,2.44,5.61,4.83,4.82,6.5,Tasas Pasivas Anuales de las Operaciones en Moneda Nacional Realizadas Durante el Mes Por tipo de Depósito a Septiembre del 2024,2024-09
2024-09,C,CMAC Huancayo,0.66,2.35,3.32,5.13,5.12,4.31,4.88,5.31,Tasas Pasivas Anuales de las Operaciones en Moneda Nacional Realizadas Durante el Mes Por tipo de Depósito a Septiembre del 2024,2024-09
2024-09,C,CMAC Ica,1.25,-,4.19,5.44,5.99,5.72,5.75,4.76,Tasas Pasivas Anuales de las Operaciones en Moneda Nacional Realizadas Durante el Mes Por tipo de Depósito a Septiembre del 2024,2024-09
2024-09,C,CMAC Maynas,0.45,-,5.02,5.24,6.26,6.23,6.0,5.04,Tasas Pasivas Anuales de las Operaciones en Moneda Nacional Realizadas Durante el Mes Por tipo de Depósito a Septiembre del 2024,2024-09
2024-09,C,CMAC Paita,0.12,-,5.9,4.09,6.36,5.63,5.6,6.26,Tasas Pasivas Anuales de las Operaciones en Moneda Nacional Realizadas Durante el Mes Por tipo de Depósito a Septiembre del 2024,2024-09
2024-09,C,CMAC Piura,0.35,-,1.76,2.26,3.79,4.23,3.18,6.5,Tasas Pasivas Anuales de las Operaciones en Moneda Nacional Realizadas Durante el Mes Por tipo de Depósito a Septiembre del 2024,2024-09
2024-09,C,CMAC Tacna,0.83,-,1.43,4.94,3.27,5.91,5.51,4.51,Tasas Pasivas Anuales de las Operaciones en Moneda Nacional Realizadas Durante el Mes Por tipo de Depósito a Septiembre del 2024,2024-09
2024-09,C,CMAC Trujillo,0.29,-,4.51,5.14,5.31,4.36,5.11,5.94,Tasas Pasivas Anuales de las Operaciones en Moneda Nacional Realizadas Durante el Mes Por tipo de Depósito a Septiembre del 2024,2024-09
2024-09,C,CMCP Lima,1.5,-,6.16,6.26,6.01,5.48,6.13,6.45,Tasas Pasivas Anuales de las Operaciones en Moneda Nacional Realizadas Durante el Mes Por tipo de Depósito a Septiembre del 2024,2024-09
2024-10,C,CMAC Arequipa,2.14,4.83,5.02,5.12,5.04,3.49,5.05,1.47,Tasas Pasivas Anuales de las Operaciones en Moneda Nacional Realizadas Durante el Mes Por tipo de Depósito a Octubre del 2024,2024-10
2024-10,C,CMAC Cusco,0.66,1.53,1.5,2.16,1.69,3.72,1.99,5.21,Tasas Pasivas Anuales de las Operaciones en Moneda Nacional Realizadas Durante el Mes Por tipo de Depósito a Octubre del 2024,2024-10
2024-10,C,CMAC del Santa,0.6,-,1.42,2.33,4.17,5.94,5.2,-,Tasas Pasivas Anuales de las Operaciones en Moneda Nacional Realizadas Durante el Mes Por tipo de Depósito a Octubre del 2024,2024-10
2024-10,C,CMAC Huancayo,0.68,2.82,5.15,5.26,5.01,4.21,4.98,5.24,Tasas Pasivas Anuales de las Operaciones en Moneda Nacional Realizadas Durante el Mes Por tipo de Depósito a Octubre del 2024,2024-10
2024-10,C,CMAC Ica,1.09,-,4.17,4.86,4.99,5.89,5.56,4.71,Tasas Pasivas Anuales de las Operaciones en Moneda Nacional Realizadas Durante el Mes Por tipo de Depósito a Octubre del 2024,2024-10
2024-10,C,CMAC Maynas,1.13,4.28,5.53,5.56,6.07,5.76,5.53,5.99,Tasas Pasivas Anuales de las Operaciones en Moneda Nacional Realizadas Durante el Mes Por tipo de Depósito a Octubre del 2024,2024-10
2024-10,C,CMAC Paita,0.16,-,5.83,5.81,5.46,5.48,5.61,6.21,Tasas Pasivas Anuales de las Operaciones en Moneda Nacional Realizadas Durante el Mes Por tipo de Depósito a Octubre del 2024,2024-10
2024-10,C,CMAC Piura,0.35,-,1.8,2.34,3.81,4.28,3.34,6.53,Tasas Pasivas Anuales de las Operaciones en Moneda Nacional Realizadas Durante el Mes Por tipo de Depósito a Octubre del 2024,2024-10
2024-10,C,CMAC Tacna,0.85,-,1.46,4.73,4.83,5.05,4.83,4.87,Tasas Pasivas Anuales de las Operaciones en Moneda Nacional Realizadas Durante el Mes Por tipo de Depósito a Octubre del 2024,2024-10
2024-10,C,CMAC Trujillo,0.32,4.74,4.75,4.47,4.66,4.21,4.61,6,Tasas Pasivas Anuales de las Operaciones en Moneda Nacional Realizadas Durante el Mes Por tipo de Depósito a Octubre del 2024,2024-10
2024-10,C,CMCP Lima,1.64,2.75,5.4,5.16,5.11,4.59,5.06,6.44,Tasas Pasivas Anuales de las Operaciones en Moneda Nacional Realizadas Durante el Mes Por tipo de Depósito a Octubre del 2024,2024-10
2024-11,C,CMAC Arequipa,1.83,4.51,4.92,5.06,4.95,4.79,4.94,5.02,Tasas Pasivas Anuales de las Operaciones en Moneda Nacional Realizadas Durante el Mes Por tipo de Depósito a Noviembre del 2024,2024-11
2024-11,C,CMAC Cusco,1.32,1.47,3.35,2.37,2.57,4.01,2.69,5.29,Tasas Pasivas Anuales de las Operaciones en Moneda Nacional Realizadas Durante el Mes Por tipo de Depósito a Noviembre del 2024,2024-11
2024-11,C,CMAC del Santa,0.6,-,1.07,2.33,4.21,6.19,4.87,6.5,Tasas Pasivas Anuales de las Operaciones en Moneda Nacional Realizadas Durante el Mes Por tipo de Depósito a Noviembre del 2024,2024-11
2024-11,C,CMAC Huancayo,0.67,1.82,4.91,5.35,4.99,3.9,4.95,4.96,Tasas Pasivas Anuales de las Operaciones en Moneda Nacional Realizadas Durante el Mes Por tipo de Depósito a Noviembre del 2024,2024-11
2024-11,C,CMAC Ica,1.14,-,4.22,4.88,5.06,5.7,5.42,4.61,Tasas Pasivas Anuales de las Operaciones en Moneda Nacional Realizadas Durante el Mes Por tipo de Depósito a Noviembre del 2024,2024-11
2024-11,C,CMAC Maynas,0.85,5,5.41,5.86,6.29,6.68,6.04,5.49,Tasas Pasivas Anuales de las Operaciones en Moneda Nacional Realizadas Durante el Mes Por tipo de Depósito a Noviembre del 2024,2024-11
2024-11,C,CMAC Paita,0.24,-,5.83,4.97,6.24,5.53,5.63,6.09,Tasas Pasivas Anuales de las Operaciones en Moneda Nacional Realizadas Durante el Mes Por tipo de Depósito a Noviembre del 2024,2024-11
2024-11,C,CMAC Piura,0.35,-,1.75,2.33,3.85,4.28,3.29,6.52,Tasas Pasivas Anuales de las Operaciones en Moneda Nacional Realizadas Durante el Mes Por tipo de Depósito a Noviembre del 2024,2024-11
2024-11,C,CMAC Tacna,0.84,-,1.43,4.82,3.03,4.35,4.16,4.7,Tasas Pasivas Anuales de las Operaciones en Moneda Nacional Realizadas Durante el Mes Por tipo de Depósito a Noviembre del 2024,2024-11
2024-11,C,CMAC Trujillo,0.31,4.88,4.7,4.6,4.47,4.38,4.55,5.81,Tasas Pasivas Anuales de las Operaciones en Moneda Nacional Realizadas Durante el Mes Por tipo de Depósito a Noviembre del 2024,2024-11
2024-11,C,CMCP Lima,1.24,-,5.89,6.03,6.07,6.21,6.07,6.58,Tasas Pasivas Anuales de las Operaciones en Moneda Nacional Realizadas Durante el Mes Por tipo de Depósito a Noviembre del 2024,2024-11
2024-12,C,CMAC Arequipa,2.77,4.66,4.77,4.99,4.69,4.49,4.81,2.67,Tasas Pasivas Anuales de las Operaciones en Moneda Nacional Realizadas Durante el Mes Por tipo de Depósito a Diciembre del 2024,2024-12
2024-12,C,CMAC Cusco,1.8,4.8,4.65,3.04,4.25,3.8,4.15,5.01,Tasas Pasivas Anuales de las Operaciones en Moneda Nacional Realizadas Durante el Mes Por tipo de Depósito a Diciembre del 2024,2024-12
2024-12,C,CMAC del Santa,0.6,-,1.24,2.45,4.14,6.21,5.14,6.5,Tasas Pasivas Anuales de las Operaciones en Moneda Nacional Realizadas Durante el Mes Por tipo de Depósito a Diciembre del 2024,2024-12
2024-12,C,CMAC Huancayo,0.66,2.96,5.13,5.19,5.15,3.9,4.98,5.05,Tasas Pasivas Anuales de las Operaciones en Moneda Nacional Realizadas Durante el Mes Por tipo de Depósito a Diciembre del 2024,2024-12
2024-12,C,CMAC Ica,1.04,-,4.26,5.21,5.1,5.7,5.49,4.89,Tasas Pasivas Anuales de las Operaciones en Moneda Nacional Realizadas Durante el Mes Por tipo de Depósito a Diciembre del 2024,2024-12
2024-12,C,CMAC Maynas,3.76,7.07,0.76,6.85,6.97,7.42,7.07,5.3,Tasas Pasivas Anuales de las Operaciones en Moneda Nacional Realizadas Durante el Mes Por tipo de Depósito a Diciembre del 2024,2024-12
2024-12,C,CMAC Paita,0.2,-,6.63,6.4,6.89,5.99,6.39,6.85,Tasas Pasivas Anuales de las Operaciones en Moneda Nacional Realizadas Durante el Mes Por tipo de Depósito a Diciembre del 2024,2024-12
2024-12,C,CMAC Piura,0.35,-,1.67,2.11,3.8,3.7,3.23,6.51,Tasas Pasivas Anuales de las Operaciones en Moneda Nacional Realizadas Durante el Mes Por tipo de Depósito a Diciembre del 2024,2024-12
2024-12,C,CMAC Tacna,0.87,-,5.15,4.24,3.92,4.77,4.6,4.54,Tasas Pasivas Anuales de las Operaciones en Moneda Nacional Realizadas Durante el Mes Por tipo de Depósito a Diciembre del 2024,2024-12
2024-12,C,CMAC Trujillo,0.35,4.59,4.63,4.49,4.49,4.33,4.5,5.75,Tasas Pasivas Anuales de las Operaciones en Moneda Nacional Realizadas Durante el Mes Por tipo de Depósito a Diciembre del 2024,2024-12
2024-12,C,CMCP Lima,1.29,2.75,6.43,6.11,6.09,5.93,6.21,6.4,Tasas Pasivas Anuales de las Operaciones en Moneda Nacional Realizadas Durante el Mes Por tipo de Depósito a Diciembre del 2024,2024-12
2025-01,C,CMAC Arequipa,1.47,4.54,4.45,4.86,4.78,4.16,4.7,2.6,Tasas Pasivas Anuales de las Operaciones en Moneda Nacional Realizadas Durante el Mes Por tipo de Depósito a Enero del 2025,2025-01
2025-01,C,CMAC Cusco,1.84,1.2,1.42,1.54,5.07,1.85,4.58,5.07,Tasas Pasivas Anuales de las Operaciones en Moneda Nacional Realizadas Durante el Mes Por tipo de Depósito a Enero del 2025,2025-01
2025-01,C,CMAC del Santa,0.6,-,1.42,2.48,3.57,5.44,4.11,6.5,Tasas Pasivas Anuales de las Operaciones en Moneda Nacional Realizadas Durante el Mes Por tipo de Depósito a Enero del 2025,2025-01
2025-01,C,CMAC Huancayo,0.69,1.33,3.46,2.43,4.48,4.27,4.12,4.93,Tasas Pasivas Anuales de las Operaciones en Moneda Nacional Realizadas Durante el Mes Por tipo de Depósito a Enero del 2025,2025-01
2025-01,C,CMAC Ica,1.03,-,4.24,4.76,5.02,5.46,5.28,4.66,Tasas Pasivas Anuales de las Operaciones en Moneda Nacional Realizadas Durante el Mes Por tipo de Depósito a Enero del 2025,2025-01
2025-01,C,CMAC Maynas,4.24,-,6.39,6.99,6.93,7.52,7.22,4.9,Tasas Pasivas Anuales de las Operaciones en Moneda Nacional Realizadas Durante el Mes Por tipo de Depósito a Enero del 2025,2025-01
2025-01,C,CMAC Paita,0.37,-,4.79,5.2,5.75,6.05,5.6,6.38,Tasas Pasivas Anuales de las Operaciones en Moneda Nacional Realizadas Durante el Mes Por tipo de Depósito a Enero del 2025,2025-01
2025-01,C,CMAC Piura,0.35,-,1.78,2.31,3.3,3.67,2.9,6.5,Tasas Pasivas Anuales de las Operaciones en Moneda Nacional Realizadas Durante el Mes Por tipo de Depósito a Enero del 2025,2025-01
2025-01,C,CMAC Tacna,0.82,-,5.64,3.03,3.76,4.72,4.85,4.68,Tasas Pasivas Anuales de las Operaciones en Moneda Nacional Realizadas Durante el Mes Por tipo de Depósito a Enero del 2025,2025-01
2025-01,C,CMAC Trujillo,0.34,4.49,4.45,4.06,4.36,4.21,4.31,6.05,Tasas Pasivas Anuales de las Operaciones en Moneda Nacional Realizadas Durante el Mes Por tipo de Depósito a Enero del 2025,2025-01
2025-01,C,CMCP Lima,1.46,-,6.45,5.8,5.99,5.35,6.05,6.45,Tasas Pasivas Anuales de las Operaciones en Moneda Nacional Realizadas Durante el Mes Por tipo de Depósito a Enero del 2025,2025-01
2025-02,C,CMAC Arequipa,1.4,4.51,4.46,4.78,4.75,4.13,4.65,3.63,Tasas Pasivas Anuales de las Operaciones en Moneda Nacional Realizadas Durante el Mes Por tipo de Depósito a Febrero del 2025,2025-02
2025-02,C,CMAC Cusco,0.81,1.2,1.39,1.6,3.23,3.26,2.81,5.04,Tasas Pasivas Anuales de las Operaciones en Moneda Nacional Realizadas Durante el Mes Por tipo de Depósito a Febrero del 2025,2025-02
2025-02,C,CMAC del Santa,0.6,-,1.03,2.39,4.31,5.58,4.94,-,Tasas Pasivas Anuales de las Operaciones en Moneda Nacional Realizadas Durante el Mes Por tipo de Depósito a Febrero del 2025,2025-02
2025-02,C,CMAC Huancayo,0.69,1.74,3.57,3.12,4.22,4.88,4.25,5.35,Tasas Pasivas Anuales de las Operaciones en Moneda Nacional Realizadas Durante el Mes Por tipo de Depósito a Febrero del 2025,2025-02
2025-02,C,CMAC Ica,1.17,-,4.2,4.63,5.01,5.4,5.23,4.47,Tasas Pasivas Anuales de las Operaciones en Moneda Nacional Realizadas Durante el Mes Por tipo de Depósito a Febrero del 2025,2025-02
2025-02,C,CMAC Maynas,5.36,-,5.31,5.47,5.6,6.37,5.84,5.05,Tasas Pasivas Anuales de las Operaciones en Moneda Nacional Realizadas Durante el Mes Por tipo de Depósito a Febrero del 2025,2025-02
2025-02,C,CMAC Paita,0.19,-,4.66,5.31,5.71,5.48,5.41,6.31,Tasas Pasivas Anuales de las Operaciones en Moneda Nacional Realizadas Durante el Mes Por tipo de Depósito a Febrero del 2025,2025-02
2025-02,C,CMAC Piura,0.35,-,1.81,2.33,3.39,5.08,3.55,6.5,Tasas Pasivas Anuales de las Operaciones en Moneda Nacional Realizadas Durante el Mes Por tipo de Depósito a Febrero del 2025,2025-02
2025-02,C,CMAC Tacna,0.83,-,4.61,5.27,3.61,4.79,5.07,4.53,Tasas Pasivas Anuales de las Operaciones en Moneda Nacional Realizadas Durante el Mes Por tipo de Depósito a Febrero del 2025,2025-02
2025-02,C,CMAC Trujillo,0.33,4.35,4.32,4.04,4.38,4.23,4.28,6.22,Tasas Pasivas Anuales de las Operaciones en Moneda Nacional Realizadas Durante el Mes Por tipo de Depósito a Febrero del 2025,2025-02
2025-02,C,CMCP Lima,-,2.75,2.75,5.1,5.08,5.25,5.12,6.42,Tasas Pasivas Anuales de las Operaciones en Moneda Nacional Realizadas Durante el Mes Por tipo de Depósito a Febrero del 2025,2025-02
2025-03,C,CMAC Arequipa,1.42,4.57,4.46,4.77,4.72,4.15,4.69,4.77,Tasas Pasivas Anuales de las Operaciones en Moneda Nacional Realizadas Durante el Mes Por tipo de Depósito a Marzo del 2025,2025-03
2025-03,C,CMAC Cusco,0.62,1.2,1.55,1.92,3.26,2.58,2.83,4.4,Tasas Pasivas Anuales de las Operaciones en Moneda Nacional Realizadas Durante el Mes Por tipo de Depósito a Marzo del 2025,2025-03
2025-03,C,CMAC del Santa,0.6,-,1.21,2.08,4.5,4.73,4.66,6.5,Tasas Pasivas Anuales de las Operaciones en Moneda Nacional Realizadas Durante el Mes Por tipo de Depósito a Marzo del 2025,2025-03
2025-03,C,CMAC Huancayo,4.13,2.87,1.8,3.36,4.2,5.07,4.03,5.27,Tasas Pasivas Anuales de las Operaciones en Moneda Nacional Realizadas Durante el Mes Por tipo de Depósito a Marzo del 2025,2025-03
2025-03,C,CMAC Ica,1.16,-,4.24,4.66,4.94,5.29,5.12,5.57,Tasas Pasivas Anuales de las Operaciones en Moneda Nacional Realizadas Durante el Mes Por tipo de Depósito a Marzo del 2025,2025-03
2025-03,C,CMAC Maynas,3.97,1,0.65,4.51,4.9,5.72,4.88,4.93,Tasas Pasivas Anuales de las Operaciones en Moneda Nacional Realizadas Durante el Mes Por tipo de Depósito a Marzo del 2025,2025-03
2025-03,C,CMAC Paita,0.12,-,5.79,5.24,5.68,5.87,5.77,6.14,Tasas Pasivas Anuales de las Operaciones en Moneda Nacional Realizadas Durante el Mes Por tipo de Depósito a Marzo del 2025,2025-03
2025-03,C,CMAC Piura,0.35,-,1.74,2.96,4.25,4.86,4.03,6.5,Tasas Pasivas Anuales de las Operaciones en Moneda Nacional Realizadas Durante el Mes Por tipo de Depósito a Marzo del 2025,2025-03
2025-03,C,CMAC Tacna,0.83,-,3.84,5.17,4.43,4.53,4.51,3.71,Tasas Pasivas Anuales de las Operaciones en Moneda Nacional Realizadas Durante el Mes Por tipo de Depósito a Marzo del 2025,2025-03
2025-03,C,CMAC Trujillo,0.34,4.62,3.46,4.07,4.37,4.2,4.18,5.96,Tasas Pasivas Anuales de las Operaciones en Moneda Nacional Realizadas Durante el Mes Por tipo de Depósito a Marzo del 2025,2025-03
2025-03,C,CMCP Lima,1.9,2.75,5.19,5.11,5.24,5.41,5.24,6.44,Tasas Pasivas Anuales de las Operaciones en Moneda Nacional Realizadas Durante el Mes Por tipo de Depósito a Marzo del 2025,2025-03
2025-04,C,CMAC Arequipa,1.41,4.45,4.37,4.66,4.8,3.77,4.65,5.07,Tasas Pasivas Anuales de las Operaciones en Moneda Nacional Realizadas Durante el Mes Por tipo de Depósito a Abril del 2025,2025-04
2025-04,C,CMAC Cusco,1.38,1.2,1.44,1.86,3.43,3.99,3.1,5.02,Tasas Pasivas Anuales de las Operaciones en Moneda Nacional Realizadas Durante el Mes Por tipo de Depósito a Abril del 2025,2025-04
2025-04,C,CMAC del Santa,0.6,-,1.39,2.35,2.97,3.28,3.15,6.5,Tasas Pasivas Anuales de las Operaciones en Moneda Nacional Realizadas Durante el Mes Por tipo de Depósito a Abril del 2025,2025-04
2025-04,C,CMAC Huancayo,0.84,2.81,1.9,2.4,4.68,5.02,4.28,5.31,Tasas Pasivas Anuales de las Operaciones en Moneda Nacional Realizadas Durante el Mes Por tipo de Depósito a Abril del 2025,2025-04
2025-04,C,CMAC Ica,1.11,-,4.26,4.83,4.88,5.24,5.07,4.64,Tasas Pasivas Anuales de las Operaciones en Moneda Nacional Realizadas Durante el Mes Por tipo de Depósito a Abril del 2025,2025-04
2025-04,C,CMAC Maynas,3.91,-,0.77,3.1,4.98,5.09,4.5,5.04,Tasas Pasivas Anuales de las Operaciones en Moneda Nacional Realizadas Durante el Mes Por tipo de Depósito a Abril del 2025,2025-04
2025-04,C,CMAC Paita,0.15,5.8,4.04,5.8,5.44,5.71,5.46,6.26,Tasas Pasivas Anuales de las Operaciones en Moneda Nacional Realizadas Durante el Mes Por tipo de Depósito a Abril del 2025,2025-04
2025-04,C,CMAC Piura,0.35,-,5.8,5.34,5.52,4.26,5.56,6.5,Tasas Pasivas Anuales de las Operaciones en Moneda Nacional Realizadas Durante el Mes Por tipo de Depósito a Abril del 2025,2025-04
2025-04,C,CMAC Tacna,0.82,-,2.59,5.71,4.55,4.79,4.67,5.48,Tasas Pasivas Anuales de las Operaciones en Moneda Nacional Realizadas Durante el Mes Por tipo de Depósito a Abril del 2025,2025-04
2025-04,C,CMAC Trujillo,0.32,4.52,2.94,3.98,4.32,4.26,4.12,5.87,Tasas Pasivas Anuales de las Operaciones en Moneda Nacional Realizadas Durante el Mes Por tipo de Depósito a Abril del 2025,2025-04
2025-04,C,CMCP Lima,1.75,2.75,5.1,5.13,5.33,5.5,5.31,6.44,Tasas Pasivas Anuales de las Operaciones en Moneda Nacional Realizadas Durante el Mes Por tipo de Depósito a Abril del 2025,2025-04
2025-05,C,CMAC Arequipa,1.17,4.41,4.31,4.56,4.77,3.85,4.61,4.92,Tasas Pasivas Anuales de las Operaciones en Moneda Nacional Realizadas Durante el Mes Por tipo de Depósito a Mayo del 2025,2025-05
2025-05,C,CMAC Cusco,1.14,1.2,1.65,1.76,3.08,5.14,4.01,5.31,Tasas Pasivas Anuales de las Operaciones en Moneda Nacional Realizadas Durante el Mes Por tipo de Depósito a Mayo del 2025,2025-05
2025-05,C,CMAC del Santa,0.6,-,1.24,2.32,3.03,3.23,3.14,6.5,Tasas Pasivas Anuales de las Operaciones en Moneda Nacional Realizadas Durante el Mes Por tipo de Depósito a Mayo del 2025,2025-05
2025-05,C,CMAC Huancayo,0.89,1.23,1.8,2.56,4.77,4.94,4.32,4.95,Tasas Pasivas Anuales de las Operaciones en Moneda Nacional Realizadas Durante el Mes Por tipo de Depósito a Mayo del 2025,2025-05
2025-05,C,CMAC Ica,0.98,-,4.26,4.45,4.9,5.12,4.94,4.52,Tasas Pasivas Anuales de las Operaciones en Moneda Nacional Realizadas Durante el Mes Por tipo de Depósito a Mayo del 2025,2025-05
2025-05,C,CMAC Maynas,0.33,-,1.05,2.51,4.31,5.06,3.76,5.42,Tasas Pasivas Anuales de las Operaciones en Moneda Nacional Realizadas Durante el Mes Por tipo de Depósito a Mayo del 2025,2025-05
2025-05,C,CMAC Paita,0.14,0.75,4.14,4.77,5.44,5.52,4.75,6.08,Tasas Pasivas Anuales de las Operaciones en Moneda Nacional Realizadas Durante el Mes Por tipo de Depósito a Mayo del 2025,2025-05
2025-05,C,CMAC Piura,0.35,-,5.76,5.57,5.33,4.35,5.5,6.51,Tasas Pasivas Anuales de las Operaciones en Moneda Nacional Realizadas Durante el Mes Por tipo de Depósito a Mayo del 2025,2025-05
2025-05,C,CMAC Tacna,0.83,4.5,4.0,5.05,4.57,4.95,4.81,4.7,Tasas Pasivas Anuales de las Operaciones en Moneda Nacional Realizadas Durante el Mes Por tipo de Depósito a Mayo del 2025,2025-05
2025-05,C,CMAC Trujillo,0.34,4.34,3.26,4.71,4.51,4.34,4.49,5.83,Tasas Pasivas Anuales de las Operaciones en Moneda Nacional Realizadas Durante el Mes Por tipo de Depósito a Mayo del 2025,2025-05
2025-05,C,CMCP Lima,1.66,2.75,3.2,5.18,5.45,5.46,5.4,6.51,Tasas Pasivas Anuales de las Operaciones en Moneda Nacional Realizadas Durante el Mes Por tipo de Depósito a Mayo del 2025,2025-05
2025-06,C,CMAC Arequipa,1.2,4.5,4.21,4.57,4.85,4.22,4.62,4.76,Tasas Pasivas Anuales de las Operaciones en Moneda Nacional Realizadas Durante el Mes Por tipo de Depósito a Junio del 2025,2025-06
2025-06,C,CMAC Cusco,1.8,1.2,4.34,2.02,2.13,5.1,3.63,4.96,Tasas Pasivas Anuales de las Operaciones en Moneda Nacional Realizadas Durante el Mes Por tipo de Depósito a Junio del 2025,2025-06
2025-06,C,CMAC del Santa,0.6,-,1.45,2.3,3.27,3.74,3.62,6.5,Tasas Pasivas Anuales de las Operaciones en Moneda Nacional Realizadas Durante el Mes Por tipo de Depósito a Junio del 2025,2025-06
2025-06,C,CMAC Huancayo,2.85,2.74,1.62,2.46,4.95,5.32,4.46,4.92,Tasas Pasivas Anuales de las Operaciones en Moneda Nacional Realizadas Durante el Mes Por tipo de Depósito a Junio del 2025,2025-06
2025-06,C,CMAC Ica,0.95,-,4.22,4.57,4.94,5.17,4.98,5.29,Tasas Pasivas Anuales de las Operaciones en Moneda Nacional Realizadas Durante el Mes Por tipo de Depósito a Junio del 2025,2025-06
2025-06,C,CMAC Maynas,0.46,-,0.82,3.64,4.17,4.92,4.09,5.11,Tasas Pasivas Anuales de las Operaciones en Moneda Nacional Realizadas Durante el Mes Por tipo de Depósito a Junio del 2025,2025-06
2025-06,C,CMAC Paita,0.12,-,5.58,5.31,5.01,5.68,5.54,6.27,Tasas Pasivas Anuales de las Operaciones en Moneda Nacional Realizadas Durante el Mes Por tipo de Depósito a Junio del 2025,2025-06
2025-06,C,CMAC Piura,0.35,-,5.82,5.32,5.13,3.81,5.41,6.55,Tasas Pasivas Anuales de las Operaciones en Moneda Nacional Realizadas Durante el Mes Por tipo de Depósito a Junio del 2025,2025-06
2025-06,C,CMAC Tacna,0.83,4.5,3.74,4.82,4.64,5.0,4.73,4.53,Tasas Pasivas Anuales de las Operaciones en Moneda Nacional Realizadas Durante el Mes Por tipo de Depósito a Junio del 2025,2025-06
2025-06,C,CMAC Trujillo,0.83,4.23,3.22,4.18,4.55,4.87,4.44,5.32,Tasas Pasivas Anuales de las Operaciones en Moneda Nacional Realizadas Durante el Mes Por tipo de Depósito a Junio del 2025,2025-06
2025-06,C,CMCP Lima,1.96,3.28,-,5.22,5.46,5.53,5.24,6.41,Tasas Pasivas Anuales de las Operaciones en Moneda Nacional Realizadas Durante el Mes Por tipo de Depósito a Junio del 2025,2025-06
2025-07,C,CMAC Arequipa,1.39,4.57,4.45,4.63,4.85,4.42,4.67,4.78,Tasas Pasivas Anuales de las Operaciones en Moneda Nacional Realizadas Durante el Mes Por tipo de Depósito a Julio del 2025,2025-07
2025-07,C,CMAC Cusco,2.16,1.2,2.23,3.75,1.92,5.17,2.91,5.03,Tasas Pasivas Anuales de las Operaciones en Moneda Nacional Realizadas Durante el Mes Por tipo de Depósito a Julio del 2025,2025-07
2025-07,C,CMAC del Santa,0.6,-,1.3,2.63,4.58,4.33,4.28,6.5,Tasas Pasivas Anuales de las Operaciones en Moneda Nacional Realizadas Durante el Mes Por tipo de Depósito a Julio del 2025,2025-07
2025-07,C,CMAC Huancayo,2.12,2.19,2.34,3.86,4.92,5.09,4.63,5.12,Tasas Pasivas Anuales de las Operaciones en Moneda Nacional Realizadas Durante el Mes Por tipo de Depósito a Julio del 2025,2025-07
2025-07,C,CMAC Ica,1.13,-,4.23,4.71,4.78,5.47,5.1,4.63,Tasas Pasivas Anuales de las Operaciones en Moneda Nacional Realizadas Durante el Mes Por tipo de Depósito a Julio del 2025,2025-07
2025-07,C,CMAC Maynas,0.42,-,0.82,4.37,4.65,5.73,4.96,5.23,Tasas Pasivas Anuales de las Operaciones en Moneda Nacional Realizadas Durante el Mes Por tipo de Depósito a Julio del 2025,2025-07
2025-07,C,CMAC Paita,0.14,6.2,5.46,5.78,4.88,5.74,5.6,6.55,Tasas Pasivas Anuales de las Operaciones en Moneda Nacional Realizadas Durante el Mes Por tipo de Depósito a Julio del 2025,2025-07
2025-07,C,CMAC Piura,0.35,-,1.77,2.29,3.84,4.35,3.27,6.5,Tasas Pasivas Anuales de las Operaciones en Moneda Nacional Realizadas Durante el Mes Por tipo de Depósito a Julio del 2025,2025-07
2025-07,C,CMAC Tacna,0.84,-,1.91,5.1,4.94,5.35,5.02,3.3,Tasas Pasivas Anuales de las Operaciones en Moneda Nacional Realizadas Durante el Mes Por tipo de Depósito a Julio del 2025,2025-07
2025-07,C,CMAC Trujillo,0.87,4.15,3.05,4.32,4.47,5.48,4.62,5.7,Tasas Pasivas Anuales de las Operaciones en Moneda Nacional Realizadas Durante el Mes Por tipo de Depósito a Julio del 2025,2025-07
2025-07,C,CMCP Lima,2.11,2.75,3.3,5.12,5.38,5.69,5.32,6.38,Tasas Pasivas Anuales de las Operaciones en Moneda Nacional Realizadas Durante el Mes Por tipo de Depósito a Julio del 2025,2025-07
2025-08,C,CMAC Arequipa,0.99,4.52,4.56,4.61,4.97,4.07,4.72,4.75,Tasas Pasivas Anuales de las Operaciones en Moneda Nacional Realizadas Durante el Mes Por tipo de Depósito a Agosto del 2025,2025-08
2025-08,C,CMAC Cusco,1.1,1.2,4.35,5.07,2.03,2.12,4.06,5.05,Tasas Pasivas Anuales de las Operaciones en Moneda Nacional Realizadas Durante el Mes Por tipo de Depósito a Agosto del 2025,2025-08
2025-08,C,CMAC del Santa,0.6,-,1.21,2.88,3.61,3.94,3.86,6.5,Tasas Pasivas Anuales de las Operaciones en Moneda Nacional Realizadas Durante el Mes Por tipo de Depósito a Agosto del 2025,2025-08
2025-08,C,CMAC Huancayo,1.92,2.58,1.63,3.64,4.66,5.13,4.49,4.96,Tasas Pasivas Anuales de las Operaciones en Moneda Nacional Realizadas Durante el Mes Por tipo de Depósito a Agosto del 2025,2025-08
2025-08,C,CMAC Ica,0.99,-,4.6,4.58,4.71,5.59,5.25,4.67,Tasas Pasivas Anuales de las Operaciones en Moneda Nacional Realizadas Durante el Mes Por tipo de Depósito a Agosto del 2025,2025-08
2025-08,C,CMAC Maynas,0.29,-,1.0,4.46,4.99,5.77,5.07,5.37,Tasas Pasivas Anuales de las Operaciones en Moneda Nacional Realizadas Durante el Mes Por tipo de Depósito a Agosto del 2025,2025-08
2025-08,C,CMAC Paita,0.14,-,5.61,4.57,5.64,5.56,5.46,6.13,Tasas Pasivas Anuales de las Operaciones en Moneda Nacional Realizadas Durante el Mes Por tipo de Depósito a Agosto del 2025,2025-08
2025-08,C,CMAC Piura,0.35,-,1.74,2.32,3.81,4.36,3.3,6.5,Tasas Pasivas Anuales de las Operaciones en Moneda Nacional Realizadas Durante el Mes Por tipo de Depósito a Agosto del 2025,2025-08
2025-08,C,CMAC Tacna,0.82,-,5.11,3.17,5.13,5.44,4.91,5.11,Tasas Pasivas Anuales de las Operaciones en Moneda Nacional Realizadas Durante el Mes Por tipo de Depósito a Agosto del 2025,2025-08
2025-08,C,CMAC Trujillo,0.89,4.05,4.25,4.11,4.47,5.35,4.63,5.78,Tasas Pasivas Anuales de las Operaciones en Moneda Nacional Realizadas Durante el Mes Por tipo de Depósito a Agosto del 2025,2025-08
2025-08,C,CMCP Lima,2.14,2.99,3.37,4.99,5.35,5.62,5.21,6.43,Tasas Pasivas Anuales de las Operaciones en Moneda Nacional Realizadas Durante el Mes Por tipo de Depósito a Agosto del 2025,2025-08
2025-09,C,CMAC Arequipa,1.09,4.38,4.4,4.6,4.99,4.95,4.72,4.76,Tasas Pasivas Anuales de las Operaciones en Moneda Nacional Realizadas Durante el Mes Por tipo de Depósito a Septiembre del 2025,2025-09
2025-09,C,CMAC Cusco,0.89,1.2,2.02,5.08,2.46,2.63,4.56,5.06,Tasas Pasivas Anuales de las Operaciones en Moneda Nacional Realizadas Durante el Mes Por tipo de Depósito a Septiembre del 2025,2025-09
2025-09,C,CMAC del Santa,0.6,-,1.49,3.16,3.74,4.46,4.24,-,Tasas Pasivas Anuales de las Operaciones en Moneda Nacional Realizadas Durante el Mes Por tipo de Depósito a Septiembre del 2025,2025-09
2025-09,C,CMAC Huancayo,3.05,2.6,1.93,3.58,4.47,5.28,4.45,4.92,Tasas Pasivas Anuales de las Operaciones en Moneda Nacional Realizadas Durante el Mes Por tipo de Depósito a Septiembre del 2025,2025-09
2025-09,C,CMAC Ica,1.04,7.2,4.44,4.41,4.64,5.56,5.3,4.73,Tasas Pasivas Anuales de las Operaciones en Moneda Nacional Realizadas Durante el Mes Por tipo de Depósito a Septiembre del 2025,2025-09
2025-09,C,CMAC Maynas,2.11,-,-,4.46,5.22,5.43,5.12,5.02,Tasas Pasivas Anuales de las Operaciones en Moneda Nacional Realizadas Durante el Mes Por tipo de Depósito a Septiembre del 2025,2025-09
2025-09,C,CMAC Paita,0.1,-,4.88,5.1,5.71,5.7,5.47,6.18,Tasas Pasivas Anuales de las Operaciones en Moneda Nacional Realizadas Durante el Mes Por tipo de Depósito a Septiembre del 2025,2025-09
2025-09,C,CMAC Piura,0.35,-,2.37,2.34,4.42,4.2,3.88,6.5,Tasas Pasivas Anuales de las Operaciones en Moneda Nacional Realizadas Durante el Mes Por tipo de Depósito a Septiembre del 2025,2025-09
2025-09,C,CMAC Tacna,0.82,-,4.04,3.39,4.33,5.96,5.57,4.77,Tasas Pasivas Anuales de las Operaciones en Moneda Nacional Realizadas Durante el Mes Por tipo de Depósito a Septiembre del 2025,2025-09
2025-09,C,CMAC Trujillo,0.91,3.79,4.28,3.93,4.5,5.5,4.58,5.27,Tasas Pasivas Anuales de las Operaciones en Moneda Nacional Realizadas Durante el Mes Por tipo de Depósito a Septiembre del 2025,2025-09
2025-09,C,CMCP Lima,2.12,2.75,2.78,4.73,5.17,5.47,5.25,6.41,Tasas Pasivas Anuales de las Operaciones en Moneda Nacional Realizadas Durante el Mes Por tipo de Depósito a Septiembre del 2025,2025-09
2025-10,C,CMAC Arequipa,1.14,4.43,4.36,4.68,5.13,4.93,4.72,4.88,Tasas Pasivas Anuales de las Operaciones en Moneda Nacional Realizadas Durante el Mes Por tipo de Depósito a Octubre del 2025,2025-10
2025-10,C,CMAC Cusco,1.6,-,1.55,5.08,3.33,7.0,5.09,5.01,Tasas Pasivas Anuales de las Operaciones en Moneda Nacional Realizadas Durante el Mes Por tipo de Depósito a Octubre del 2025,2025-10
2025-10,C,CMAC del Santa,0.6,-,1.24,3.11,3.8,4.84,4.58,-,Tasas Pasivas Anuales de las Operaciones en Moneda Nacional Realizadas Durante el Mes Por tipo de Depósito a Octubre del 2025,2025-10
2025-10,C,CMAC Huancayo,3.05,1.78,2.48,3.54,4.41,4.58,4.19,5.03,Tasas Pasivas Anuales de las Operaciones en Moneda Nacional Realizadas Durante el Mes Por tipo de Depósito a Octubre del 2025,2025-10
2025-10,C,CMAC Ica,1.22,4.72,4.57,4.55,4.71,5.71,5.33,4.51,Tasas Pasivas Anuales de las Operaciones en Moneda Nacional Realizadas Durante el Mes Por tipo de Depósito a Octubre del 2025,2025-10
2025-10,C,CMAC Maynas,3.37,-,0.7,4.58,5.48,5.54,5.32,5.21,Tasas Pasivas Anuales de las Operaciones en Moneda Nacional Realizadas Durante el Mes Por tipo de Depósito a Octubre del 2025,2025-10
2025-10,C,CMAC Paita,0.12,-,5.72,5.37,5.46,5.39,5.49,6,Tasas Pasivas Anuales de las Operaciones en Moneda Nacional Realizadas Durante el Mes Por tipo de Depósito a Octubre del 2025,2025-10
2025-10,C,CMAC Piura,0.35,-,1.79,2.23,4.55,5.76,4.45,6.5,Tasas Pasivas Anuales de las Operaciones en Moneda Nacional Realizadas Durante el Mes Por tipo de Depósito a Octubre del 2025,2025-10
2025-10,C,CMAC Tacna,0.82,-,1.62,2.65,3.3,5.79,5.28,4.93,Tasas Pasivas Anuales de las Operaciones en Moneda Nacional Realizadas Durante el Mes Por tipo de Depósito a Octubre del 2025,2025-10
2025-10,C,CMAC Trujillo,1.07,3.7,4.05,3.0,3.91,4.48,3.76,5.39,Tasas Pasivas Anuales de las Operaciones en Moneda Nacional Realizadas Durante el Mes Por tipo de Depósito a Octubre del 2025,2025-10
2025-10,C,CMCP Lima,2.24,-,3.4,4.59,5.15,5.26,4.78,6.4,Tasas Pasivas Anuales de las Operaciones en Moneda Nacional Realizadas Durante el Mes Por tipo de Depósito a Octubre del 2025,2025-10
2025-11,C,CMAC Arequipa,1.3,4.36,4.47,4.65,5.16,5.38,4.67,4.91,Tasas Pasivas Anuales de las Operaciones en Moneda Nacional Realizadas Durante el Mes Por tipo de Depósito a Noviembre del 2025,2025-11
2025-11,C,CMAC Cusco,0.7,-,1.38,4.93,4.14,6.86,5.03,5.28,Tasas Pasivas Anuales de las Operaciones en Moneda Nacional Realizadas Durante el Mes Por tipo de Depósito a Noviembre del 2025,2025-11
2025-11,C,CMAC del Santa,0.6,-,1.03,2.34,3.02,3.8,3.45,6.5,Tasas Pasivas Anuales de las Operaciones en Moneda Nacional Realizadas Durante el Mes Por tipo de Depósito a Noviembre del 2025,2025-11
2025-11,C,CMAC Huancayo,2.34,1.67,2.51,3.57,4.25,4.61,4.13,4.94,Tasas Pasivas Anuales de las Operaciones en Moneda Nacional Realizadas Durante el Mes Por tipo de Depósito a Noviembre del 2025,2025-11
2025-11,C,CMAC Ica,1.73,4.6,4.17,4.59,4.62,5.76,5.47,4.62,Tasas Pasivas Anuales de las Operaciones en Moneda Nacional Realizadas Durante el Mes Por tipo de Depósito a Noviembre del 2025,2025-11
2025-11,C,CMAC Maynas,0.29,4.56,0.75,5.04,5.14,5.28,5.03,5.4,Tasas Pasivas Anuales de las Operaciones en Moneda Nacional Realizadas Durante el Mes Por tipo de Depósito a Noviembre del 2025,2025-11
2025-11,C,CMAC Paita,0.12,5.9,4.88,4.38,5.06,5.23,5.07,6.02,Tasas Pasivas Anuales de las Operaciones en Moneda Nacional Realizadas Durante el Mes Por tipo de Depósito a Noviembre del 2025,2025-11
2025-11,C,CMAC Piura,0.35,-,1.8,2.37,5.11,5.02,4.74,6.51,Tasas Pasivas Anuales de las Operaciones en Moneda Nacional Realizadas Durante el Mes Por tipo de Depósito a Noviembre del 2025,2025-11
2025-11,C,CMAC Tacna,0.83,5.5,1.43,4.19,2.98,4.76,4.49,4.7,Tasas Pasivas Anuales de las Operaciones en Moneda Nacional Realizadas Durante el Mes Por tipo de Depósito a Noviembre del 2025,2025-11
2025-11,C,CMAC Trujillo,0.85,4.29,3.57,3.64,4.24,4.72,4.09,5.7,Tasas Pasivas Anuales de las Operaciones en Moneda Nacional Realizadas Durante el Mes Por tipo de Depósito a Noviembre del 2025,2025-11
2025-11,C,CMCP Lima,2.3,2.75,2.75,4.71,5.33,5.44,5.29,6.52,Tasas Pasivas Anuales de las Operaciones en Moneda Nacional Realizadas Durante el Mes Por tipo de Depósito a Noviembre del 2025,2025-11
2025-12,C,CMAC Arequipa,1.63,4.35,4.25,4.58,4.97,5.03,4.68,5.05,Tasas Pasivas Anuales de las Operaciones en Moneda Nacional Realizadas Durante el Mes Por tipo de Depósito a Diciembre del 2025,2025-12
2025-12,C,CMAC Cusco,0.89,-,3.78,3.22,4.93,7.05,4.91,5.11,Tasas Pasivas Anuales de las Operaciones en Moneda Nacional Realizadas Durante el Mes Por tipo de Depósito a Diciembre del 2025,2025-12
2025-12,C,CMAC del Santa,0.6,-,1.48,2.28,2.91,3.74,3.48,-,Tasas Pasivas Anuales de las Operaciones en Moneda Nacional Realizadas Durante el Mes Por tipo de Depósito a Diciembre del 2025,2025-12
2025-12,C,CMAC Huancayo,1.79,1.64,1.69,3.55,4.41,4.5,4.2,4.89,Tasas Pasivas Anuales de las Operaciones en Moneda Nacional Realizadas Durante el Mes Por tipo de Depósito a Diciembre del 2025,2025-12
2025-12,C,CMAC Ica,1.48,-,4.16,4.77,4.59,5.89,5.67,4.73,Tasas Pasivas Anuales de las Operaciones en Moneda Nacional Realizadas Durante el Mes Por tipo de Depósito a Diciembre del 2025,2025-12
2025-12,C,CMAC Maynas,0.33,-,5.85,5.06,5.65,5.53,5.54,5.22,Tasas Pasivas Anuales de las Operaciones en Moneda Nacional Realizadas Durante el Mes Por tipo de Depósito a Diciembre del 2025,2025-12
2025-12,C,CMAC Paita,0.13,5.9,5.44,5.48,5.73,5.73,5.65,6.19,Tasas Pasivas Anuales de las Operaciones en Moneda Nacional Realizadas Durante el Mes Por tipo de Depósito a Diciembre del 2025,2025-12
2025-12,C,CMAC Piura,0.35,-,1.86,2.31,5.14,4.11,4.69,6.5,Tasas Pasivas Anuales de las Operaciones en Moneda Nacional Realizadas Durante el Mes Por tipo de Depósito a Diciembre del 2025,2025-12
2025-12,C,CMAC Tacna,0.86,5.75,1.87,3.02,3.53,5.02,4.67,4.74,Tasas Pasivas Anuales de las Operaciones en Moneda Nacional Realizadas Durante el Mes Por tipo de Depósito a Diciembre del 2025,2025-12
2025-12,C,CMAC Trujillo,0.75,4.27,4.11,4.39,4.27,4.6,4.34,5.48,Tasas Pasivas Anuales de las Operaciones en Moneda Nacional Realizadas Durante el Mes Por tipo de Depósito a Diciembre del 2025,2025-12
2025-12,C,CMCP Lima,2.17,-,2.75,4.96,5.55,5.82,5.65,6.42,Tasas Pasivas Anuales de las Operaciones en Moneda Nacional Realizadas Durante el Mes Por tipo de Depósito a Diciembre del 2025,2025-12
